taskId,taskName,subAreaId,taskManager,completed,createdAt,completedAt,startDate,endDate
cmq29pxyt0ibf2opcrrnfd4dj,conduiting,cmq29pxym0ibd2opchgsmaec2,cmq27k2ym07fj2opc9e0m922v,false,2026-06-06T11:26:48.684,,,
cmq29pxyu0ibo2opcijmvvc3x,Fixtures fixing work,cmq29pxym0ibd2opchgsmaec2,cmq27k2ym07fj2opc9e0m922v,false,2026-06-06T11:26:48.684,,,
cmq29pxyu0ic02opcbld33nth,wiring,cmq29pxym0ibd2opchgsmaec2,cmq27k2ym07fj2opc9e0m922v,false,2026-06-06T11:26:48.684,,,
cmq29pxyv0ici2opckp777ray,Dressing Work,cmq29pxym0ibd2opchgsmaec2,cmq27k2ym07fj2opc9e0m922v,false,2026-06-06T11:26:48.684,,,
cmq29pxyv0icr2opcy0g5o8r2,Civil work,cmq29pxym0ibd2opchgsmaec2,cmq27k2ym07fj2opc9e0m922v,false,2026-06-06T11:26:48.684,,,
cmq29pxyv0icx2opco3yapfbw,Base Work,cmq29pxym0ibd2opchgsmaec2,cmq27k2ym07fj2opc9e0m922v,false,2026-06-06T11:26:48.684,,,
cmq29pxyw0id62opcsyzqmyr4,Copper installation,cmq29pxym0ibd2opchgsmaec2,cmq27k2ym07fj2opc9e0m922v,false,2026-06-06T11:26:48.684,,,
cmq29pxyw0idc2opcgaki3ri9,Testing work,cmq29pxym0ibd2opchgsmaec2,cmq27k2ym07fj2opc9e0m922v,false,2026-06-06T11:26:48.684,,,
cmq29pxyw0idi2opcxwjmjhot,Pipe Laying work,cmq29pxym0ibd2opchgsmaec2,cmq27k2ym07fj2opc9e0m922v,false,2026-06-06T11:26:48.684,,,
cmq29pxyw0ido2opczj1usdvn,Units installation work,cmq29pxym0ibd2opchgsmaec2,cmq27k2ym07fj2opc9e0m922v,false,2026-06-06T11:26:48.684,,,
cmq29pxyw0idx2opc2l22s3ip,Final stage of HVAC,cmq29pxym0ibd2opchgsmaec2,cmq27k2ym07fj2opc9e0m922v,false,2026-06-06T11:26:48.684,,,
cmq29pxyw0ie62opceyhzxonc,Welding Work,cmq29pxym0ibd2opchgsmaec2,cmq27k2ym07fj2opc9e0m922v,false,2026-06-06T11:26:48.684,,,
cmq29pxyx0iec2opc0136wotg,Threading Work,cmq29pxym0ibd2opchgsmaec2,cmq27k2ym07fj2opc9e0m922v,false,2026-06-06T11:26:48.684,,,
cmq29pxyx0iei2opci79l8nos,Piping  Testing Work,cmq29pxym0ibd2opchgsmaec2,cmq27k2ym07fj2opc9e0m922v,false,2026-06-06T11:26:48.684,,,
cmq29pxyx0ieo2opcerw03awa,Balcony work,cmq29pxym0ibd2opchgsmaec2,cm39yc7n800g92q8zpnzg0m6z,false,2026-06-06T11:26:48.684,,,
cmq29pxyx0if32opcqeve1m6m,Fire Pipe Shaft Work,cmq29pxym0ibd2opchgsmaec2,cmq27k2ym07fj2opc9e0m922v,false,2026-06-06T11:26:48.684,,,
cmq29pxyy0ifo2opcn2sdu39p,Leveling work,cmq29pxym0ibd2opchgsmaec2,cm39yc7n800g92q8zpnzg0m6z,false,2026-06-06T11:26:48.684,,,
cmq29pxyy0ifx2opcipqcpp8m,Wall POP,cmq29pxym0ibd2opchgsmaec2,cm39yc7n800g92q8zpnzg0m6z,false,2026-06-06T11:26:48.684,,,
cmq29pxyy0ig32opcntup29nz,Painting Fire Pipes,cmq29pxym0ibd2opchgsmaec2,cmq27k2ym07fj2opc9e0m922v,false,2026-06-06T11:26:48.684,,,
cmq29pxyy0ig92opc0f97cjb2,Ceiling work,cmq29pxym0ibd2opchgsmaec2,cm39yc7n800g92q8zpnzg0m6z,false,2026-06-06T11:26:48.684,,,
cmq29pxyy0igl2opcms7781z0,Granite work,cmq29pxym0ibd2opchgsmaec2,cm39yc7n800g92q8zpnzg0m6z,false,2026-06-06T11:26:48.684,,,
cmq29pxyz0ih02opcxtuhpqjv,Tile work,cmq29pxym0ibd2opchgsmaec2,cm39yc7n800g92q8zpnzg0m6z,false,2026-06-06T11:26:48.684,,,
cmq29pxyz0ih92opctb1pqbax,Washroom Work,cmq29pxym0ibd2opchgsmaec2,cm39yc7n800g92q8zpnzg0m6z,false,2026-06-06T11:26:48.684,,,
cmq29pxyz0ihl2opcy332qijk,Servant toilet work,cmq29pxym0ibd2opchgsmaec2,cm39yc7n800g92q8zpnzg0m6z,false,2026-06-06T11:26:48.684,,,
cmq29pxz00ihu2opc6iq27a7n,Handover stage,cmq29pxym0ibd2opchgsmaec2,cmq27k2ym07fj2opc9e0m922v,false,2026-06-06T11:26:48.684,,,
cmq29pxz00ii32opczpuxskvx,Plumbing Work,cmq29pxym0ibd2opchgsmaec2,cmq27k2ym07fj2opc9e0m922v,false,2026-06-06T11:26:48.684,,,
cmq29pxz00iii2opcvik9jift,Clamping Fixing Work,cmq29pxym0ibd2opchgsmaec2,cmq27k2ym07fj2opc9e0m922v,false,2026-06-06T11:26:48.684,,,
cmq29pxz00iio2opcdvmvbqxz,Sunken Filling,cmq29pxym0ibd2opchgsmaec2,cmq27k2ym07fj2opc9e0m922v,false,2026-06-06T11:26:48.684,,,
cmq29pxz00ij02opci7coe564,ventilation work,cmq29pxym0ibd2opchgsmaec2,cmq27k2ym07fj2opc9e0m922v,false,2026-06-06T11:26:48.684,,,
cmq29pxz20ij92opckt38axa8,fixing,cmq29pxym0ibd2opchgsmaec2,cmq27k2ym07fj2opc9e0m922v,false,2026-06-06T11:26:48.684,,,
cmq29pxz20ijl2opcu49pz4vh,Fire Hydrant installation,cmq29pxym0ibd2opchgsmaec2,cmq27k2ym07fj2opc9e0m922v,false,2026-06-06T11:26:48.684,,,
cmq29pxz70ijt2opc2fybmiro,conduiting,cmq29pxz50ijr2opclps80ub0,cmq27k2ym07fj2opc9e0m922v,false,2026-06-06T11:26:48.684,,,
cmq29pxz70ik22opcmzhpunfn,Fixtures fixing work,cmq29pxz50ijr2opclps80ub0,cmq27k2ym07fj2opc9e0m922v,false,2026-06-06T11:26:48.684,,,
cmq29pxz80ike2opcfypa4b0p,wiring,cmq29pxz50ijr2opclps80ub0,cmq27k2ym07fj2opc9e0m922v,false,2026-06-06T11:26:48.684,,,
cmq29pxz80ikw2opccwm3nxrn,Dressing Work,cmq29pxz50ijr2opclps80ub0,cmq27k2ym07fj2opc9e0m922v,false,2026-06-06T11:26:48.684,,,
cmq29pxz80il52opcjrupapfm,Civil work,cmq29pxz50ijr2opclps80ub0,cmq27k2ym07fj2opc9e0m922v,false,2026-06-06T11:26:48.684,,,
cmq29pxz80ilb2opc5py4dmyt,Base Work,cmq29pxz50ijr2opclps80ub0,cmq27k2ym07fj2opc9e0m922v,false,2026-06-06T11:26:48.684,,,
cmq29pxz90ilk2opcj867uyr3,Copper installation,cmq29pxz50ijr2opclps80ub0,cmq27k2ym07fj2opc9e0m922v,false,2026-06-06T11:26:48.684,,,
cmq29pxz90ilq2opci91u32lk,Testing work,cmq29pxz50ijr2opclps80ub0,cmq27k2ym07fj2opc9e0m922v,false,2026-06-06T11:26:48.684,,,
cmq29pxz90ilw2opccckz45ix,Pipe Laying work,cmq29pxz50ijr2opclps80ub0,cmq27k2ym07fj2opc9e0m922v,false,2026-06-06T11:26:48.684,,,
cmq29pxz90im22opc6uyxnea2,Units installation work,cmq29pxz50ijr2opclps80ub0,cmq27k2ym07fj2opc9e0m922v,false,2026-06-06T11:26:48.684,,,
cmq29pxz90imb2opcshaop9l4,Final stage of HVAC,cmq29pxz50ijr2opclps80ub0,cmq27k2ym07fj2opc9e0m922v,false,2026-06-06T11:26:48.684,,,
cmq29pxz90imk2opc3c652yaz,Piping  Testing Work,cmq29pxz50ijr2opclps80ub0,cmq27k2ym07fj2opc9e0m922v,false,2026-06-06T11:26:48.684,,,
cmq29pxz90imq2opcbing9fdj,Balcony work,cmq29pxz50ijr2opclps80ub0,cm39yc7n800g92q8zpnzg0m6z,false,2026-06-06T11:26:48.684,,,
cmq29pxza0in52opcvi0zb2i6,Wall POP,cmq29pxz50ijr2opclps80ub0,cm39yc7n800g92q8zpnzg0m6z,false,2026-06-06T11:26:48.684,,,
cmq29pxza0inb2opc1gzkspmp,Welding Work,cmq29pxz50ijr2opclps80ub0,cmq27k2ym07fj2opc9e0m922v,false,2026-06-06T11:26:48.684,,,
cmq29pxza0inh2opcjui78vuc,Threading Work,cmq29pxz50ijr2opclps80ub0,cmq27k2ym07fj2opc9e0m922v,false,2026-06-06T11:26:48.684,,,
cmq29pxza0inn2opcz08dnzwq,Painting Fire Pipes,cmq29pxz50ijr2opclps80ub0,cmq27k2ym07fj2opc9e0m922v,false,2026-06-06T11:26:48.684,,,
cmq29pxza0int2opcdtxadi7h,Fire Pipe Shaft Work,cmq29pxz50ijr2opclps80ub0,cmq27k2ym07fj2opc9e0m922v,false,2026-06-06T11:26:48.684,,,
cmq29pxzb0ioe2opcyfm83m8w,Leveling work,cmq29pxz50ijr2opclps80ub0,cm39yc7n800g92q8zpnzg0m6z,false,2026-06-06T11:26:48.684,,,
cmq29pxzb0ion2opcw160vct8,Ceiling work,cmq29pxz50ijr2opclps80ub0,cm39yc7n800g92q8zpnzg0m6z,false,2026-06-06T11:26:48.684,,,
cmq29pxzb0ioz2opcx3daz031,Granite work,cmq29pxz50ijr2opclps80ub0,cm39yc7n800g92q8zpnzg0m6z,false,2026-06-06T11:26:48.684,,,
cmq29pxzc0ipe2opc25pbsisn,Tile work,cmq29pxz50ijr2opclps80ub0,cm39yc7n800g92q8zpnzg0m6z,false,2026-06-06T11:26:48.684,,,
cmq29pxzc0ipn2opcck6u96r0,Washroom Work,cmq29pxz50ijr2opclps80ub0,cm39yc7n800g92q8zpnzg0m6z,false,2026-06-06T11:26:48.684,,,
cmq29pxzc0ipz2opc03x2f16c,Servant toilet work,cmq29pxz50ijr2opclps80ub0,cm39yc7n800g92q8zpnzg0m6z,false,2026-06-06T11:26:48.684,,,
cmq29pxzc0iq82opcal0s2kr5,Handover stage,cmq29pxz50ijr2opclps80ub0,cmq27k2ym07fj2opc9e0m922v,false,2026-06-06T11:26:48.684,,,
cmq29pxzc0iqh2opcicpi7iif,Plumbing Work,cmq29pxz50ijr2opclps80ub0,cmq27k2ym07fj2opc9e0m922v,false,2026-06-06T11:26:48.684,,,
cmq29pxzd0iqw2opcofgncwz3,Clamping Fixing Work,cmq29pxz50ijr2opclps80ub0,cmq27k2ym07fj2opc9e0m922v,false,2026-06-06T11:26:48.684,,,
cmq29pxzd0ir22opc9sr0w4dr,Sunken Filling,cmq29pxz50ijr2opclps80ub0,cmq27k2ym07fj2opc9e0m922v,false,2026-06-06T11:26:48.684,,,
cmq29pxzd0ire2opcf13dierv,ventilation work,cmq29pxz50ijr2opclps80ub0,cmq27k2ym07fj2opc9e0m922v,false,2026-06-06T11:26:48.684,,,
cmq29pxzd0irn2opcrwsd5pme,fixing,cmq29pxz50ijr2opclps80ub0,cmq27k2ym07fj2opc9e0m922v,false,2026-06-06T11:26:48.684,,,
cmq29pxze0irz2opcpav0dsha,Fire Hydrant installation,cmq29pxz50ijr2opclps80ub0,cmq27k2ym07fj2opc9e0m922v,false,2026-06-06T11:26:48.684,,,
cmq29pxzg0is72opc9fbev7u3,conduiting,cmq29pxzf0is52opcg4ltapy7,cmq27k2ym07fj2opc9e0m922v,false,2026-06-06T11:26:48.684,,,
cmq29pxzh0isg2opcqyao7jqx,Fixtures fixing work,cmq29pxzf0is52opcg4ltapy7,cmq27k2ym07fj2opc9e0m922v,false,2026-06-06T11:26:48.684,,,
cmq29pxzh0iss2opcr2hw4eyn,wiring,cmq29pxzf0is52opcg4ltapy7,cmq27k2ym07fj2opc9e0m922v,false,2026-06-06T11:26:48.684,,,
cmq29pxzh0ita2opcrte56ne1,Dressing Work,cmq29pxzf0is52opcg4ltapy7,cmq27k2ym07fj2opc9e0m922v,false,2026-06-06T11:26:48.684,,,
cmq29pxzh0itj2opc2hnlp4yy,Civil work,cmq29pxzf0is52opcg4ltapy7,cmq27k2ym07fj2opc9e0m922v,false,2026-06-06T11:26:48.684,,,
cmq29pxzi0itp2opca5njg753,Base Work,cmq29pxzf0is52opcg4ltapy7,cmq27k2ym07fj2opc9e0m922v,false,2026-06-06T11:26:48.684,,,
cmq29pxzi0ity2opctfkffc5t,Copper installation,cmq29pxzf0is52opcg4ltapy7,cmq27k2ym07fj2opc9e0m922v,false,2026-06-06T11:26:48.684,,,
cmq29pxzi0iu42opc0vjrpns6,Testing work,cmq29pxzf0is52opcg4ltapy7,cmq27k2ym07fj2opc9e0m922v,false,2026-06-06T11:26:48.684,,,
cmq29pxzi0iua2opcdwq47vki,Pipe Laying work,cmq29pxzf0is52opcg4ltapy7,cmq27k2ym07fj2opc9e0m922v,false,2026-06-06T11:26:48.684,,,
cmq29pxzi0iug2opcjr8x8fjn,Units installation work,cmq29pxzf0is52opcg4ltapy7,cmq27k2ym07fj2opc9e0m922v,false,2026-06-06T11:26:48.684,,,
cmq29pxzi0iup2opcbarz7ccr,Final stage of HVAC,cmq29pxzf0is52opcg4ltapy7,cmq27k2ym07fj2opc9e0m922v,false,2026-06-06T11:26:48.684,,,
cmq29pxzi0iuy2opcbd0gm9ge,Welding Work,cmq29pxzf0is52opcg4ltapy7,cmq27k2ym07fj2opc9e0m922v,false,2026-06-06T11:26:48.684,,,
cmq29pxzj0iv42opcrvt2zoje,Threading Work,cmq29pxzf0is52opcg4ltapy7,cmq27k2ym07fj2opc9e0m922v,false,2026-06-06T11:26:48.684,,,
cmq29pxzj0iva2opc0fz3kd3l,Piping  Testing Work,cmq29pxzf0is52opcg4ltapy7,cmq27k2ym07fj2opc9e0m922v,false,2026-06-06T11:26:48.684,,,
cmq29pxzj0ivg2opc1ysupu8y,Balcony work,cmq29pxzf0is52opcg4ltapy7,cm39yc7n800g92q8zpnzg0m6z,false,2026-06-06T11:26:48.684,,,
cmq29pxzj0ivv2opcsatmomin,Fire Pipe Shaft Work,cmq29pxzf0is52opcg4ltapy7,cmq27k2ym07fj2opc9e0m922v,false,2026-06-06T11:26:48.684,,,
cmq29pxzk0iwg2opcai7edl6x,Leveling work,cmq29pxzf0is52opcg4ltapy7,cm39yc7n800g92q8zpnzg0m6z,false,2026-06-06T11:26:48.684,,,
cmq29pxzk0iwp2opcrbpg7n4q,Wall POP,cmq29pxzf0is52opcg4ltapy7,cm39yc7n800g92q8zpnzg0m6z,false,2026-06-06T11:26:48.684,,,
cmq29pxzk0iwv2opcp75wqpum,Painting Fire Pipes,cmq29pxzf0is52opcg4ltapy7,cmq27k2ym07fj2opc9e0m922v,false,2026-06-06T11:26:48.684,,,
cmq29pxzk0ix12opcozqsy2se,Ceiling work,cmq29pxzf0is52opcg4ltapy7,cm39yc7n800g92q8zpnzg0m6z,false,2026-06-06T11:26:48.684,,,
cmq29pxzk0ixd2opcuqoqyvt8,Granite work,cmq29pxzf0is52opcg4ltapy7,cm39yc7n800g92q8zpnzg0m6z,false,2026-06-06T11:26:48.684,,,
cmq29pxzl0ixs2opcvd890ak5,Tile work,cmq29pxzf0is52opcg4ltapy7,cm39yc7n800g92q8zpnzg0m6z,false,2026-06-06T11:26:48.684,,,
cmq29pxzl0iy12opc69qve6p6,Washroom Work,cmq29pxzf0is52opcg4ltapy7,cm39yc7n800g92q8zpnzg0m6z,false,2026-06-06T11:26:48.684,,,
cmq29pxzl0iyd2opc2tq2cblp,Servant toilet work,cmq29pxzf0is52opcg4ltapy7,cm39yc7n800g92q8zpnzg0m6z,false,2026-06-06T11:26:48.684,,,
cmq29pxzl0iym2opcot6pag2v,Handover stage,cmq29pxzf0is52opcg4ltapy7,cmq27k2ym07fj2opc9e0m922v,false,2026-06-06T11:26:48.684,,,
cmq29pxzl0iyv2opc7tq2vhr1,Plumbing Work,cmq29pxzf0is52opcg4ltapy7,cmq27k2ym07fj2opc9e0m922v,false,2026-06-06T11:26:48.684,,,
cmq29pxzm0iza2opc14d0psnu,Clamping Fixing Work,cmq29pxzf0is52opcg4ltapy7,cmq27k2ym07fj2opc9e0m922v,false,2026-06-06T11:26:48.684,,,
cmq29pxzm0izg2opczef0v908,Sunken Filling,cmq29pxzf0is52opcg4ltapy7,cmq27k2ym07fj2opc9e0m922v,false,2026-06-06T11:26:48.684,,,
cmq29pxzm0izs2opc5bh28gif,ventilation work,cmq29pxzf0is52opcg4ltapy7,cmq27k2ym07fj2opc9e0m922v,false,2026-06-06T11:26:48.684,,,
cmq29pxzm0j012opc7uaf5zd0,fixing,cmq29pxzf0is52opcg4ltapy7,cmq27k2ym07fj2opc9e0m922v,false,2026-06-06T11:26:48.684,,,
cmq29pxzn0j0d2opcrhn5f29h,Fire Hydrant installation,cmq29pxzf0is52opcg4ltapy7,cmq27k2ym07fj2opc9e0m922v,false,2026-06-06T11:26:48.684,,,
cmq29pxzq0j0l2opcu8xhowp9,conduiting,cmq29pxzo0j0j2opcrt16lhcd,cmq27k2ym07fj2opc9e0m922v,false,2026-06-06T11:26:48.684,,,
cmq29pxzq0j0u2opcuy41po1j,Fixtures fixing work,cmq29pxzo0j0j2opcrt16lhcd,cmq27k2ym07fj2opc9e0m922v,false,2026-06-06T11:26:48.684,,,
cmq29pxzq0j162opcor0xpk4t,wiring,cmq29pxzo0j0j2opcrt16lhcd,cmq27k2ym07fj2opc9e0m922v,false,2026-06-06T11:26:48.684,,,
cmq29pxzr0j1o2opcv4co34ve,Dressing Work,cmq29pxzo0j0j2opcrt16lhcd,cmq27k2ym07fj2opc9e0m922v,false,2026-06-06T11:26:48.684,,,
cmq29pxzr0j1x2opcmwhdrg8t,Civil work,cmq29pxzo0j0j2opcrt16lhcd,cmq27k2ym07fj2opc9e0m922v,false,2026-06-06T11:26:48.684,,,
cmq29pxzr0j232opcoqctyv4e,Base Work,cmq29pxzo0j0j2opcrt16lhcd,cmq27k2ym07fj2opc9e0m922v,false,2026-06-06T11:26:48.684,,,
cmq29pxzr0j2c2opcy70ak30f,Copper installation,cmq29pxzo0j0j2opcrt16lhcd,cmq27k2ym07fj2opc9e0m922v,false,2026-06-06T11:26:48.684,,,
cmq29pxzr0j2i2opc9n78830p,Testing work,cmq29pxzo0j0j2opcrt16lhcd,cmq27k2ym07fj2opc9e0m922v,false,2026-06-06T11:26:48.684,,,
cmq29pxzr0j2o2opcgmu5dbav,Pipe Laying work,cmq29pxzo0j0j2opcrt16lhcd,cmq27k2ym07fj2opc9e0m922v,false,2026-06-06T11:26:48.684,,,
cmq29pxzr0j2u2opczjv2q6cp,Units installation work,cmq29pxzo0j0j2opcrt16lhcd,cmq27k2ym07fj2opc9e0m922v,false,2026-06-06T11:26:48.684,,,
cmq29pxzr0j332opcpd9pkvn8,Final stage of HVAC,cmq29pxzo0j0j2opcrt16lhcd,cmq27k2ym07fj2opc9e0m922v,false,2026-06-06T11:26:48.684,,,
cmq29pxzs0j3c2opcc6i1u3lk,Piping  Testing Work,cmq29pxzo0j0j2opcrt16lhcd,cmq27k2ym07fj2opc9e0m922v,false,2026-06-06T11:26:48.684,,,
cmq29pxzs0j3i2opcmu3vyf3f,Balcony work,cmq29pxzo0j0j2opcrt16lhcd,cm39yc7n800g92q8zpnzg0m6z,false,2026-06-06T11:26:48.684,,,
cmq29pxzs0j3x2opcomabp87j,Welding Work,cmq29pxzo0j0j2opcrt16lhcd,cmq27k2ym07fj2opc9e0m922v,false,2026-06-06T11:26:48.684,,,
cmq29pxzs0j432opca2e9n0nw,Threading Work,cmq29pxzo0j0j2opcrt16lhcd,cmq27k2ym07fj2opc9e0m922v,false,2026-06-06T11:26:48.684,,,
cmq29pxzs0j492opcqju0steb,Fire Pipe Shaft Work,cmq29pxzo0j0j2opcrt16lhcd,cmq27k2ym07fj2opc9e0m922v,false,2026-06-06T11:26:48.684,,,
cmq29pxzt0j4u2opcibi44cn8,Leveling work,cmq29pxzo0j0j2opcrt16lhcd,cm39yc7n800g92q8zpnzg0m6z,false,2026-06-06T11:26:48.684,,,
cmq29pxzt0j532opcjxvdu353,Wall POP,cmq29pxzo0j0j2opcrt16lhcd,cm39yc7n800g92q8zpnzg0m6z,false,2026-06-06T11:26:48.684,,,
cmq29pxzt0j592opc117qom1x,Painting Fire Pipes,cmq29pxzo0j0j2opcrt16lhcd,cmq27k2ym07fj2opc9e0m922v,false,2026-06-06T11:26:48.684,,,
cmq29pxzt0j5f2opcrznn3eah,Ceiling work,cmq29pxzo0j0j2opcrt16lhcd,cm39yc7n800g92q8zpnzg0m6z,false,2026-06-06T11:26:48.684,,,
cmq29pxzt0j5r2opczemwcoo1,Granite work,cmq29pxzo0j0j2opcrt16lhcd,cm39yc7n800g92q8zpnzg0m6z,false,2026-06-06T11:26:48.684,,,
cmq29pxzu0j662opcwba0oiw2,Tile work,cmq29pxzo0j0j2opcrt16lhcd,cm39yc7n800g92q8zpnzg0m6z,false,2026-06-06T11:26:48.684,,,
cmq29pxzu0j6f2opcsyg3zu81,Washroom Work,cmq29pxzo0j0j2opcrt16lhcd,cm39yc7n800g92q8zpnzg0m6z,false,2026-06-06T11:26:48.684,,,
cmq29pxzu0j6r2opczhfmzc4g,Servant toilet work,cmq29pxzo0j0j2opcrt16lhcd,cm39yc7n800g92q8zpnzg0m6z,false,2026-06-06T11:26:48.684,,,
cmq29pxzu0j702opc05dqsw81,Handover stage,cmq29pxzo0j0j2opcrt16lhcd,cmq27k2ym07fj2opc9e0m922v,false,2026-06-06T11:26:48.684,,,
cmq29pxzu0j792opc53eei0ye,Plumbing Work,cmq29pxzo0j0j2opcrt16lhcd,cmq27k2ym07fj2opc9e0m922v,false,2026-06-06T11:26:48.684,,,
cmq29pxzv0j7o2opc2q8n40eq,Clamping Fixing Work,cmq29pxzo0j0j2opcrt16lhcd,cmq27k2ym07fj2opc9e0m922v,false,2026-06-06T11:26:48.684,,,
cmq29pxzv0j7u2opcc8tksop5,Sunken Filling,cmq29pxzo0j0j2opcrt16lhcd,cmq27k2ym07fj2opc9e0m922v,false,2026-06-06T11:26:48.684,,,
cmq29pxzv0j862opcva4tczse,ventilation work,cmq29pxzo0j0j2opcrt16lhcd,cmq27k2ym07fj2opc9e0m922v,false,2026-06-06T11:26:48.684,,,
cmq29pxzv0j8f2opce4xsazsp,fixing,cmq29pxzo0j0j2opcrt16lhcd,cmq27k2ym07fj2opc9e0m922v,false,2026-06-06T11:26:48.684,,,
cmq29pxzv0j8r2opcs4r2dlnj,Fire Hydrant installation,cmq29pxzo0j0j2opcrt16lhcd,cmq27k2ym07fj2opc9e0m922v,false,2026-06-06T11:26:48.684,,,
cmq29pxzy0j8z2opcslqu4m3f,conduiting,cmq29pxzw0j8x2opcoa3prb05,cmq27k2ym07fj2opc9e0m922v,false,2026-06-06T11:26:48.684,,,
cmq29pxzy0j982opcwe7x7mak,Fixtures fixing work,cmq29pxzw0j8x2opcoa3prb05,cmq27k2ym07fj2opc9e0m922v,false,2026-06-06T11:26:48.684,,,
cmq29pxzz0j9k2opcidjpd6dl,wiring,cmq29pxzw0j8x2opcoa3prb05,cmq27k2ym07fj2opc9e0m922v,false,2026-06-06T11:26:48.684,,,
cmq29pxzz0ja22opccerae3n0,Dressing Work,cmq29pxzw0j8x2opcoa3prb05,cmq27k2ym07fj2opc9e0m922v,false,2026-06-06T11:26:48.684,,,
cmq29pxzz0jab2opcz1isgid4,Civil work,cmq29pxzw0j8x2opcoa3prb05,cmq27k2ym07fj2opc9e0m922v,false,2026-06-06T11:26:48.684,,,
cmq29pxzz0jah2opcli15vb05,Base Work,cmq29pxzw0j8x2opcoa3prb05,cmq27k2ym07fj2opc9e0m922v,false,2026-06-06T11:26:48.684,,,
cmq29pxzz0jaq2opczs3pog6l,Copper installation,cmq29pxzw0j8x2opcoa3prb05,cmq27k2ym07fj2opc9e0m922v,false,2026-06-06T11:26:48.684,,,
cmq29py000jaw2opc3yskycq1,Testing work,cmq29pxzw0j8x2opcoa3prb05,cmq27k2ym07fj2opc9e0m922v,false,2026-06-06T11:26:48.684,,,
cmq29py000jb22opc8l34ps01,Units installation work,cmq29pxzw0j8x2opcoa3prb05,cmq27k2ym07fj2opc9e0m922v,false,2026-06-06T11:26:48.684,,,
cmq29py000jbb2opc7c9shquq,Final stage of HVAC,cmq29pxzw0j8x2opcoa3prb05,cmq27k2ym07fj2opc9e0m922v,false,2026-06-06T11:26:48.684,,,
cmq29py000jbk2opcmfon4iby,Pipe Laying work,cmq29pxzw0j8x2opcoa3prb05,cmq27k2ym07fj2opc9e0m922v,false,2026-06-06T11:26:48.684,,,
cmq29py000jbq2opc9l8qusmz,Welding Work,cmq29pxzw0j8x2opcoa3prb05,cmq27k2ym07fj2opc9e0m922v,false,2026-06-06T11:26:48.684,,,
cmq29py000jbw2opc2u7up37k,Threading Work,cmq29pxzw0j8x2opcoa3prb05,cmq27k2ym07fj2opc9e0m922v,false,2026-06-06T11:26:48.684,,,
cmq29py000jc22opcc7oahzuh,Piping  Testing Work,cmq29pxzw0j8x2opcoa3prb05,cmq27k2ym07fj2opc9e0m922v,false,2026-06-06T11:26:48.684,,,
cmq29py000jc82opc2u83pflt,Balcony work,cmq29pxzw0j8x2opcoa3prb05,cm39yc7n800g92q8zpnzg0m6z,false,2026-06-06T11:26:48.684,,,
cmq29py010jcn2opcihfuqws3,Leveling work,cmq29pxzw0j8x2opcoa3prb05,cm39yc7n800g92q8zpnzg0m6z,false,2026-06-06T11:26:48.684,,,
cmq29py010jcw2opcqvjed3xi,Wall POP,cmq29pxzw0j8x2opcoa3prb05,cm39yc7n800g92q8zpnzg0m6z,false,2026-06-06T11:26:48.684,,,
cmq29py010jd22opcoccivtqv,Painting Fire Pipes,cmq29pxzw0j8x2opcoa3prb05,cmq27k2ym07fj2opc9e0m922v,false,2026-06-06T11:26:48.684,,,
cmq29py010jd82opcyjm1adug,Ceiling work,cmq29pxzw0j8x2opcoa3prb05,cm39yc7n800g92q8zpnzg0m6z,false,2026-06-06T11:26:48.684,,,
cmq29py010jdk2opcen96tso3,Granite work,cmq29pxzw0j8x2opcoa3prb05,cm39yc7n800g92q8zpnzg0m6z,false,2026-06-06T11:26:48.684,,,
cmq29py020jdz2opcvu5huwaw,Fire Pipe Shaft Work,cmq29pxzw0j8x2opcoa3prb05,cmq27k2ym07fj2opc9e0m922v,false,2026-06-06T11:26:48.684,,,
cmq29py030jek2opc46cydg1t,Tile work,cmq29pxzw0j8x2opcoa3prb05,cm39yc7n800g92q8zpnzg0m6z,false,2026-06-06T11:26:48.684,,,
cmq29py030jet2opcl6w68m8n,Washroom Work,cmq29pxzw0j8x2opcoa3prb05,cm39yc7n800g92q8zpnzg0m6z,false,2026-06-06T11:26:48.684,,,
cmq29py030jf52opcectg1du0,Servant toilet work,cmq29pxzw0j8x2opcoa3prb05,cm39yc7n800g92q8zpnzg0m6z,false,2026-06-06T11:26:48.684,,,
cmq29py030jfe2opczo1p3408,Handover stage,cmq29pxzw0j8x2opcoa3prb05,cmq27k2ym07fj2opc9e0m922v,false,2026-06-06T11:26:48.684,,,
cmq29py040jfn2opcbss7zw0p,fixing,cmq29pxzw0j8x2opcoa3prb05,cmq27k2ym07fj2opc9e0m922v,false,2026-06-06T11:26:48.684,,,
cmq29py040jfz2opcn3lb3bj6,Plumbing Work,cmq29pxzw0j8x2opcoa3prb05,cmq27k2ym07fj2opc9e0m922v,false,2026-06-06T11:26:48.684,,,
cmq29py040jge2opcqyw9da0w,Clamping Fixing Work,cmq29pxzw0j8x2opcoa3prb05,cmq27k2ym07fj2opc9e0m922v,false,2026-06-06T11:26:48.684,,,
cmq29py040jgk2opcimrinwg1,Sunken Filling,cmq29pxzw0j8x2opcoa3prb05,cmq27k2ym07fj2opc9e0m922v,false,2026-06-06T11:26:48.684,,,
cmq29py050jgw2opcomet7vkd,ventilation work,cmq29pxzw0j8x2opcoa3prb05,cmq27k2ym07fj2opc9e0m922v,false,2026-06-06T11:26:48.684,,,
cmq29py050jh52opci4hzzmu7,Fire Hydrant installation,cmq29pxzw0j8x2opcoa3prb05,cmq27k2ym07fj2opc9e0m922v,false,2026-06-06T11:26:48.684,,,
cmq29py0m0jhd2opcyruiknqw,conduiting,cmq29py060jhb2opc3stsl1eq,cmq27k2ym07fj2opc9e0m922v,false,2026-06-06T11:26:48.684,,,
cmq29py0o0jhm2opciuzalaz6,Fixtures fixing work,cmq29py060jhb2opc3stsl1eq,cmq27k2ym07fj2opc9e0m922v,false,2026-06-06T11:26:48.684,,,
cmq29py0p0jhy2opchmjc492q,wiring,cmq29py060jhb2opc3stsl1eq,cmq27k2ym07fj2opc9e0m922v,false,2026-06-06T11:26:48.684,,,
cmq29py0q0jig2opcnt1eq9f4,Dressing Work,cmq29py060jhb2opc3stsl1eq,cmq27k2ym07fj2opc9e0m922v,false,2026-06-06T11:26:48.684,,,
cmq29py0q0jip2opc6pu3levm,Civil work,cmq29py060jhb2opc3stsl1eq,cmq27k2ym07fj2opc9e0m922v,false,2026-06-06T11:26:48.684,,,
cmq29py0q0jiv2opcfkz9g0g7,Base Work,cmq29py060jhb2opc3stsl1eq,cmq27k2ym07fj2opc9e0m922v,false,2026-06-06T11:26:48.684,,,
cmq29py0r0jj42opcyoy2to3v,Copper installation,cmq29py060jhb2opc3stsl1eq,cmq27k2ym07fj2opc9e0m922v,false,2026-06-06T11:26:48.684,,,
cmq29py0r0jja2opcl7n55a3n,Testing work,cmq29py060jhb2opc3stsl1eq,cmq27k2ym07fj2opc9e0m922v,false,2026-06-06T11:26:48.684,,,
cmq29py0r0jjg2opcfsvx1sra,Units installation work,cmq29py060jhb2opc3stsl1eq,cmq27k2ym07fj2opc9e0m922v,false,2026-06-06T11:26:48.684,,,
cmq29py0r0jjp2opcx3vogikt,Final stage of HVAC,cmq29py060jhb2opc3stsl1eq,cmq27k2ym07fj2opc9e0m922v,false,2026-06-06T11:26:48.684,,,
cmq29py0r0jjy2opcwuzsg2rm,Pipe Laying work,cmq29py060jhb2opc3stsl1eq,cmq27k2ym07fj2opc9e0m922v,false,2026-06-06T11:26:48.684,,,
cmq29py0r0jk42opcukxg940q,Welding Work,cmq29py060jhb2opc3stsl1eq,cmq27k2ym07fj2opc9e0m922v,false,2026-06-06T11:26:48.684,,,
cmq29py0s0jka2opcpd146phr,Threading Work,cmq29py060jhb2opc3stsl1eq,cmq27k2ym07fj2opc9e0m922v,false,2026-06-06T11:26:48.684,,,
cmq29py0s0jkg2opc2otie99c,Piping  Testing Work,cmq29py060jhb2opc3stsl1eq,cmq27k2ym07fj2opc9e0m922v,false,2026-06-06T11:26:48.684,,,
cmq29py0s0jkm2opcttp2tvmw,Balcony work,cmq29py060jhb2opc3stsl1eq,cm39yc7n800g92q8zpnzg0m6z,false,2026-06-06T11:26:48.684,,,
cmq29py0s0jl12opcjgfjn509,Leveling work,cmq29py060jhb2opc3stsl1eq,cm39yc7n800g92q8zpnzg0m6z,false,2026-06-06T11:26:48.684,,,
cmq29py0s0jla2opcslpe3sze,Wall POP,cmq29py060jhb2opc3stsl1eq,cm39yc7n800g92q8zpnzg0m6z,false,2026-06-06T11:26:48.684,,,
cmq29py0t0jlg2opc3hsn6cw1,Painting Fire Pipes,cmq29py060jhb2opc3stsl1eq,cmq27k2ym07fj2opc9e0m922v,false,2026-06-06T11:26:48.684,,,
cmq29py0t0jlm2opcdqcqf0vn,Ceiling work,cmq29py060jhb2opc3stsl1eq,cm39yc7n800g92q8zpnzg0m6z,false,2026-06-06T11:26:48.684,,,
cmq29py0u0jly2opcecngz92v,Granite work,cmq29py060jhb2opc3stsl1eq,cm39yc7n800g92q8zpnzg0m6z,false,2026-06-06T11:26:48.684,,,
cmq29py0u0jmd2opcxhdprbkc,Fire Pipe Shaft Work,cmq29py060jhb2opc3stsl1eq,cmq27k2ym07fj2opc9e0m922v,false,2026-06-06T11:26:48.684,,,
cmq29py0w0jmy2opcp7bkarh2,Tile work,cmq29py060jhb2opc3stsl1eq,cm39yc7n800g92q8zpnzg0m6z,false,2026-06-06T11:26:48.684,,,
cmq29py0w0jn72opcw0vj34zp,Washroom Work,cmq29py060jhb2opc3stsl1eq,cm39yc7n800g92q8zpnzg0m6z,false,2026-06-06T11:26:48.684,,,
cmq29py0w0jnj2opczazbkpo8,Servant toilet work,cmq29py060jhb2opc3stsl1eq,cm39yc7n800g92q8zpnzg0m6z,false,2026-06-06T11:26:48.684,,,
cmq29py0w0jns2opc9x40pygn,Handover stage,cmq29py060jhb2opc3stsl1eq,cmq27k2ym07fj2opc9e0m922v,false,2026-06-06T11:26:48.684,,,
cmq29py0w0jo12opcbvnsfqb1,fixing,cmq29py060jhb2opc3stsl1eq,cmq27k2ym07fj2opc9e0m922v,false,2026-06-06T11:26:48.684,,,
cmq29py0x0jod2opcymmb8oha,Plumbing Work,cmq29py060jhb2opc3stsl1eq,cmq27k2ym07fj2opc9e0m922v,false,2026-06-06T11:26:48.684,,,
cmq29py0x0jos2opcv6lvhi6m,Clamping Fixing Work,cmq29py060jhb2opc3stsl1eq,cmq27k2ym07fj2opc9e0m922v,false,2026-06-06T11:26:48.684,,,
cmq29py0x0joy2opc5al7c73z,Sunken Filling,cmq29py060jhb2opc3stsl1eq,cmq27k2ym07fj2opc9e0m922v,false,2026-06-06T11:26:48.684,,,
cmq29py0x0jpa2opcrpvobsqr,ventilation work,cmq29py060jhb2opc3stsl1eq,cmq27k2ym07fj2opc9e0m922v,false,2026-06-06T11:26:48.684,,,
cmq29py0y0jpj2opcn1htp8g4,Fire Hydrant installation,cmq29py060jhb2opc3stsl1eq,cmq27k2ym07fj2opc9e0m922v,false,2026-06-06T11:26:48.684,,,
cmq29py110jpr2opcte0uve79,conduiting,cmq29py0z0jpp2opcf9ra2l56,cmq27k2ym07fj2opc9e0m922v,false,2026-06-06T11:26:48.684,,,
cmq29py110jq02opcs3p7elij,Fixtures fixing work,cmq29py0z0jpp2opcf9ra2l56,cmq27k2ym07fj2opc9e0m922v,false,2026-06-06T11:26:48.684,,,
cmq29py110jqc2opc829852pf,wiring,cmq29py0z0jpp2opcf9ra2l56,cmq27k2ym07fj2opc9e0m922v,false,2026-06-06T11:26:48.684,,,
cmq29py120jqu2opc9g2jagr0,Dressing Work,cmq29py0z0jpp2opcf9ra2l56,cmq27k2ym07fj2opc9e0m922v,false,2026-06-06T11:26:48.684,,,
cmq29py120jr32opcwk832ewn,Civil work,cmq29py0z0jpp2opcf9ra2l56,cmq27k2ym07fj2opc9e0m922v,false,2026-06-06T11:26:48.684,,,
cmq29py120jr92opcdbzm599m,Base Work,cmq29py0z0jpp2opcf9ra2l56,cmq27k2ym07fj2opc9e0m922v,false,2026-06-06T11:26:48.684,,,
cmq29py120jri2opcvbjap7ik,Copper installation,cmq29py0z0jpp2opcf9ra2l56,cmq27k2ym07fj2opc9e0m922v,false,2026-06-06T11:26:48.684,,,
cmq29py120jro2opc1hglvxb6,Testing work,cmq29py0z0jpp2opcf9ra2l56,cmq27k2ym07fj2opc9e0m922v,false,2026-06-06T11:26:48.684,,,
cmq29py130jru2opcyuv732eq,Pipe Laying work,cmq29py0z0jpp2opcf9ra2l56,cmq27k2ym07fj2opc9e0m922v,false,2026-06-06T11:26:48.684,,,
cmq29py130js02opchkl5yvc6,Units installation work,cmq29py0z0jpp2opcf9ra2l56,cmq27k2ym07fj2opc9e0m922v,false,2026-06-06T11:26:48.684,,,
cmq29py130js92opcjvjy720c,Final stage of HVAC,cmq29py0z0jpp2opcf9ra2l56,cmq27k2ym07fj2opc9e0m922v,false,2026-06-06T11:26:48.684,,,
cmq29py140jsi2opcwqxrhlls,Piping  Testing Work,cmq29py0z0jpp2opcf9ra2l56,cmq27k2ym07fj2opc9e0m922v,false,2026-06-06T11:26:48.684,,,
cmq29py140jso2opctunu9h1s,Balcony work,cmq29py0z0jpp2opcf9ra2l56,cm39yc7n800g92q8zpnzg0m6z,false,2026-06-06T11:26:48.684,,,
cmq29py150jt32opcv31zzpt8,Wall POP,cmq29py0z0jpp2opcf9ra2l56,cm39yc7n800g92q8zpnzg0m6z,false,2026-06-06T11:26:48.684,,,
cmq29py150jt92opc9fxf2u4g,Welding Work,cmq29py0z0jpp2opcf9ra2l56,cmq27k2ym07fj2opc9e0m922v,false,2026-06-06T11:26:48.684,,,
cmq29py150jtf2opcienzgwer,Threading Work,cmq29py0z0jpp2opcf9ra2l56,cmq27k2ym07fj2opc9e0m922v,false,2026-06-06T11:26:48.684,,,
cmq29py150jtl2opc7uw5f6gs,Painting Fire Pipes,cmq29py0z0jpp2opcf9ra2l56,cmq27k2ym07fj2opc9e0m922v,false,2026-06-06T11:26:48.684,,,
cmq29py160jtr2opcmhszsztx,Fire Pipe Shaft Work,cmq29py0z0jpp2opcf9ra2l56,cmq27k2ym07fj2opc9e0m922v,false,2026-06-06T11:26:48.684,,,
cmq29py170juc2opcpal27iwz,Leveling work,cmq29py0z0jpp2opcf9ra2l56,cm39yc7n800g92q8zpnzg0m6z,false,2026-06-06T11:26:48.684,,,
cmq29py170jul2opcdg0suf2b,Ceiling work,cmq29py0z0jpp2opcf9ra2l56,cm39yc7n800g92q8zpnzg0m6z,false,2026-06-06T11:26:48.684,,,
cmq29py170jux2opc57ongdf1,Granite work,cmq29py0z0jpp2opcf9ra2l56,cm39yc7n800g92q8zpnzg0m6z,false,2026-06-06T11:26:48.684,,,
cmq29py180jvc2opchpgzjx4s,Tile work,cmq29py0z0jpp2opcf9ra2l56,cm39yc7n800g92q8zpnzg0m6z,false,2026-06-06T11:26:48.684,,,
cmq29py180jvl2opcaigzr2c2,Washroom Work,cmq29py0z0jpp2opcf9ra2l56,cm39yc7n800g92q8zpnzg0m6z,false,2026-06-06T11:26:48.684,,,
cmq29py180jvx2opcxis071ah,Servant toilet work,cmq29py0z0jpp2opcf9ra2l56,cm39yc7n800g92q8zpnzg0m6z,false,2026-06-06T11:26:48.684,,,
cmq29py180jw62opcbfpf7yh9,Handover stage,cmq29py0z0jpp2opcf9ra2l56,cmq27k2ym07fj2opc9e0m922v,false,2026-06-06T11:26:48.684,,,
cmq29py180jwf2opcqkraqxcq,Plumbing Work,cmq29py0z0jpp2opcf9ra2l56,cmq27k2ym07fj2opc9e0m922v,false,2026-06-06T11:26:48.684,,,
cmq29py190jwu2opcedocwoj4,Clamping Fixing Work,cmq29py0z0jpp2opcf9ra2l56,cmq27k2ym07fj2opc9e0m922v,false,2026-06-06T11:26:48.684,,,
cmq29py190jx02opcqfsm5aud,Sunken Filling,cmq29py0z0jpp2opcf9ra2l56,cmq27k2ym07fj2opc9e0m922v,false,2026-06-06T11:26:48.684,,,
cmq29py190jxc2opc01jf16ob,ventilation work,cmq29py0z0jpp2opcf9ra2l56,cmq27k2ym07fj2opc9e0m922v,false,2026-06-06T11:26:48.684,,,
cmq29py190jxl2opcj33wvb0t,fixing,cmq29py0z0jpp2opcf9ra2l56,cmq27k2ym07fj2opc9e0m922v,false,2026-06-06T11:26:48.684,,,
cmq29py190jxx2opc8oaky74d,Fire Hydrant installation,cmq29py0z0jpp2opcf9ra2l56,cmq27k2ym07fj2opc9e0m922v,false,2026-06-06T11:26:48.684,,,
cmq29py1c0jy52opc4cgvsb17,conduiting,cmq29py1b0jy32opc1c2l6ofg,cmq27k2ym07fj2opc9e0m922v,false,2026-06-06T11:26:48.684,,,
cmq29py1d0jye2opcvplwccox,Fixtures fixing work,cmq29py1b0jy32opc1c2l6ofg,cmq27k2ym07fj2opc9e0m922v,false,2026-06-06T11:26:48.684,,,
cmq29py1d0jyq2opcya902hhg,wiring,cmq29py1b0jy32opc1c2l6ofg,cmq27k2ym07fj2opc9e0m922v,false,2026-06-06T11:26:48.684,,,
cmq29py1d0jz82opcj8ikmk20,Dressing Work,cmq29py1b0jy32opc1c2l6ofg,cmq27k2ym07fj2opc9e0m922v,false,2026-06-06T11:26:48.684,,,
cmq29py1e0jzh2opcigp2ljo4,Civil work,cmq29py1b0jy32opc1c2l6ofg,cmq27k2ym07fj2opc9e0m922v,false,2026-06-06T11:26:48.684,,,
cmq29py1e0jzn2opc2gupxy1l,Base Work,cmq29py1b0jy32opc1c2l6ofg,cmq27k2ym07fj2opc9e0m922v,false,2026-06-06T11:26:48.684,,,
cmq29py1e0jzw2opcvd3w6t4x,Copper installation,cmq29py1b0jy32opc1c2l6ofg,cmq27k2ym07fj2opc9e0m922v,false,2026-06-06T11:26:48.684,,,
cmq29py1e0k022opcphr2p6ji,Testing work,cmq29py1b0jy32opc1c2l6ofg,cmq27k2ym07fj2opc9e0m922v,false,2026-06-06T11:26:48.684,,,
cmq29py1e0k082opcgzbn7e9v,Pipe Laying work,cmq29py1b0jy32opc1c2l6ofg,cmq27k2ym07fj2opc9e0m922v,false,2026-06-06T11:26:48.684,,,
cmq29py1e0k0e2opcbtv97axo,Units installation work,cmq29py1b0jy32opc1c2l6ofg,cmq27k2ym07fj2opc9e0m922v,false,2026-06-06T11:26:48.684,,,
cmq29py1e0k0n2opcpqixc7c3,Final stage of HVAC,cmq29py1b0jy32opc1c2l6ofg,cmq27k2ym07fj2opc9e0m922v,false,2026-06-06T11:26:48.684,,,
cmq29py1e0k0w2opcqu18uvo6,Welding Work,cmq29py1b0jy32opc1c2l6ofg,cmq27k2ym07fj2opc9e0m922v,false,2026-06-06T11:26:48.684,,,
cmq29py1f0k122opchk3yf9be,Threading Work,cmq29py1b0jy32opc1c2l6ofg,cmq27k2ym07fj2opc9e0m922v,false,2026-06-06T11:26:48.684,,,
cmq29py1f0k182opc0uv1nqfi,Piping  Testing Work,cmq29py1b0jy32opc1c2l6ofg,cmq27k2ym07fj2opc9e0m922v,false,2026-06-06T11:26:48.684,,,
cmq29py1f0k1e2opccpjrn5li,Balcony work,cmq29py1b0jy32opc1c2l6ofg,cm39yc7n800g92q8zpnzg0m6z,false,2026-06-06T11:26:48.684,,,
cmq29py1f0k1t2opc0hj0ngke,Fire Pipe Shaft Work,cmq29py1b0jy32opc1c2l6ofg,cmq27k2ym07fj2opc9e0m922v,false,2026-06-06T11:26:48.684,,,
cmq29py1g0k2e2opcc9t7b1y6,Leveling work,cmq29py1b0jy32opc1c2l6ofg,cm39yc7n800g92q8zpnzg0m6z,false,2026-06-06T11:26:48.684,,,
cmq29py1g0k2n2opcyrk28hb2,Wall POP,cmq29py1b0jy32opc1c2l6ofg,cm39yc7n800g92q8zpnzg0m6z,false,2026-06-06T11:26:48.684,,,
cmq29py1g0k2t2opcdsr02btz,Painting Fire Pipes,cmq29py1b0jy32opc1c2l6ofg,cmq27k2ym07fj2opc9e0m922v,false,2026-06-06T11:26:48.684,,,
cmq29py1g0k2z2opc3aspnym7,Ceiling work,cmq29py1b0jy32opc1c2l6ofg,cm39yc7n800g92q8zpnzg0m6z,false,2026-06-06T11:26:48.684,,,
cmq29py1g0k3b2opcfnmzmmdh,Granite work,cmq29py1b0jy32opc1c2l6ofg,cm39yc7n800g92q8zpnzg0m6z,false,2026-06-06T11:26:48.684,,,
cmq29py1g0k3q2opcs2acsnkg,Tile work,cmq29py1b0jy32opc1c2l6ofg,cm39yc7n800g92q8zpnzg0m6z,false,2026-06-06T11:26:48.684,,,
cmq29py1h0k3z2opc0q184g9m,Washroom Work,cmq29py1b0jy32opc1c2l6ofg,cm39yc7n800g92q8zpnzg0m6z,false,2026-06-06T11:26:48.684,,,
cmq29py1h0k4b2opc71yy1mwj,Servant toilet work,cmq29py1b0jy32opc1c2l6ofg,cm39yc7n800g92q8zpnzg0m6z,false,2026-06-06T11:26:48.684,,,
cmq29py1h0k4k2opc1s9sl15o,Handover stage,cmq29py1b0jy32opc1c2l6ofg,cmq27k2ym07fj2opc9e0m922v,false,2026-06-06T11:26:48.684,,,
cmq29py1h0k4t2opc1yaog7c3,Plumbing Work,cmq29py1b0jy32opc1c2l6ofg,cmq27k2ym07fj2opc9e0m922v,false,2026-06-06T11:26:48.684,,,
cmq29py1i0k582opcn6jvvzqe,Clamping Fixing Work,cmq29py1b0jy32opc1c2l6ofg,cmq27k2ym07fj2opc9e0m922v,false,2026-06-06T11:26:48.684,,,
cmq29py1i0k5e2opceafsrf51,Sunken Filling,cmq29py1b0jy32opc1c2l6ofg,cmq27k2ym07fj2opc9e0m922v,false,2026-06-06T11:26:48.684,,,
cmq29py1i0k5q2opcyhqjwbdk,ventilation work,cmq29py1b0jy32opc1c2l6ofg,cmq27k2ym07fj2opc9e0m922v,false,2026-06-06T11:26:48.684,,,
cmq29py1i0k5z2opcuzmq5mcu,fixing,cmq29py1b0jy32opc1c2l6ofg,cmq27k2ym07fj2opc9e0m922v,false,2026-06-06T11:26:48.684,,,
cmq29py1j0k6b2opcifrb326f,Fire Hydrant installation,cmq29py1b0jy32opc1c2l6ofg,cmq27k2ym07fj2opc9e0m922v,false,2026-06-06T11:26:48.684,,,
cmq29py1l0k6j2opcgs7bwkdf,conduiting,cmq29py1k0k6h2opczu5i3m5q,cmq27k2ym07fj2opc9e0m922v,false,2026-06-06T11:26:48.684,,,
cmq29py1m0k6s2opcsgxm216e,Fixtures fixing work,cmq29py1k0k6h2opczu5i3m5q,cmq27k2ym07fj2opc9e0m922v,false,2026-06-06T11:26:48.684,,,
cmq29py1m0k742opcve0moovk,wiring,cmq29py1k0k6h2opczu5i3m5q,cmq27k2ym07fj2opc9e0m922v,false,2026-06-06T11:26:48.684,,,
cmq29py1m0k7m2opcactt19du,Dressing Work,cmq29py1k0k6h2opczu5i3m5q,cmq27k2ym07fj2opc9e0m922v,false,2026-06-06T11:26:48.684,,,
cmq29py1m0k7v2opcyo962ufs,Civil work,cmq29py1k0k6h2opczu5i3m5q,cmq27k2ym07fj2opc9e0m922v,false,2026-06-06T11:26:48.684,,,
cmq29py1n0k812opcemwutulc,Base Work,cmq29py1k0k6h2opczu5i3m5q,cmq27k2ym07fj2opc9e0m922v,false,2026-06-06T11:26:48.684,,,
cmq29py1n0k8a2opclb965zwb,Copper installation,cmq29py1k0k6h2opczu5i3m5q,cmq27k2ym07fj2opc9e0m922v,false,2026-06-06T11:26:48.684,,,
cmq29py1n0k8g2opcvsqqyutu,Testing work,cmq29py1k0k6h2opczu5i3m5q,cmq27k2ym07fj2opc9e0m922v,false,2026-06-06T11:26:48.684,,,
cmq29py1n0k8m2opcpsivo897,Pipe Laying work,cmq29py1k0k6h2opczu5i3m5q,cmq27k2ym07fj2opc9e0m922v,false,2026-06-06T11:26:48.684,,,
cmq29py1n0k8s2opc9lqe004r,Units installation work,cmq29py1k0k6h2opczu5i3m5q,cmq27k2ym07fj2opc9e0m922v,false,2026-06-06T11:26:48.684,,,
cmq29py1n0k912opc48s0fvie,Final stage of HVAC,cmq29py1k0k6h2opczu5i3m5q,cmq27k2ym07fj2opc9e0m922v,false,2026-06-06T11:26:48.684,,,
cmq29py1n0k9a2opcdirg7v6c,Piping  Testing Work,cmq29py1k0k6h2opczu5i3m5q,cmq27k2ym07fj2opc9e0m922v,false,2026-06-06T11:26:48.684,,,
cmq29py1o0k9g2opcuy52srqw,Balcony work,cmq29py1k0k6h2opczu5i3m5q,cm39yc7n800g92q8zpnzg0m6z,false,2026-06-06T11:26:48.684,,,
cmq29py1o0k9v2opcu4tzfhdc,Wall POP,cmq29py1k0k6h2opczu5i3m5q,cm39yc7n800g92q8zpnzg0m6z,false,2026-06-06T11:26:48.684,,,
cmq29py1o0ka12opci714qh9i,Welding Work,cmq29py1k0k6h2opczu5i3m5q,cmq27k2ym07fj2opc9e0m922v,false,2026-06-06T11:26:48.684,,,
cmq29py1o0ka72opcezcu9s7s,Threading Work,cmq29py1k0k6h2opczu5i3m5q,cmq27k2ym07fj2opc9e0m922v,false,2026-06-06T11:26:48.684,,,
cmq29py1o0kad2opcnn1d01re,Painting Fire Pipes,cmq29py1k0k6h2opczu5i3m5q,cmq27k2ym07fj2opc9e0m922v,false,2026-06-06T11:26:48.684,,,
cmq29py1o0kaj2opcr8kj0u5u,Fire Pipe Shaft Work,cmq29py1k0k6h2opczu5i3m5q,cmq27k2ym07fj2opc9e0m922v,false,2026-06-06T11:26:48.684,,,
cmq29py1p0kb42opcg70dn440,Leveling work,cmq29py1k0k6h2opczu5i3m5q,cm39yc7n800g92q8zpnzg0m6z,false,2026-06-06T11:26:48.684,,,
cmq29py1p0kbd2opc9rnynuzh,Ceiling work,cmq29py1k0k6h2opczu5i3m5q,cm39yc7n800g92q8zpnzg0m6z,false,2026-06-06T11:26:48.684,,,
cmq29py1p0kbp2opcfyvuw1ua,Granite work,cmq29py1k0k6h2opczu5i3m5q,cm39yc7n800g92q8zpnzg0m6z,false,2026-06-06T11:26:48.684,,,
cmq29py1p0kc42opcc6g0kwe7,Tile work,cmq29py1k0k6h2opczu5i3m5q,cm39yc7n800g92q8zpnzg0m6z,false,2026-06-06T11:26:48.684,,,
cmq29py1q0kcd2opccqeahfc8,Washroom Work,cmq29py1k0k6h2opczu5i3m5q,cm39yc7n800g92q8zpnzg0m6z,false,2026-06-06T11:26:48.684,,,
cmq29py1q0kcp2opckqxgi6v6,Servant toilet work,cmq29py1k0k6h2opczu5i3m5q,cm39yc7n800g92q8zpnzg0m6z,false,2026-06-06T11:26:48.684,,,
cmq29py1q0kcy2opcvkcfz3rc,Handover stage,cmq29py1k0k6h2opczu5i3m5q,cmq27k2ym07fj2opc9e0m922v,false,2026-06-06T11:26:48.684,,,
cmq29py1q0kd72opc39xcw83r,Plumbing Work,cmq29py1k0k6h2opczu5i3m5q,cmq27k2ym07fj2opc9e0m922v,false,2026-06-06T11:26:48.684,,,
cmq29py1q0kdm2opcv4v8rg83,Clamping Fixing Work,cmq29py1k0k6h2opczu5i3m5q,cmq27k2ym07fj2opc9e0m922v,false,2026-06-06T11:26:48.684,,,
cmq29py1r0kds2opcjlwcdnl7,Sunken Filling,cmq29py1k0k6h2opczu5i3m5q,cmq27k2ym07fj2opc9e0m922v,false,2026-06-06T11:26:48.684,,,
cmq29py1r0ke42opco8ef89cg,ventilation work,cmq29py1k0k6h2opczu5i3m5q,cmq27k2ym07fj2opc9e0m922v,false,2026-06-06T11:26:48.684,,,
cmq29py1r0ked2opcxs3qtsoo,fixing,cmq29py1k0k6h2opczu5i3m5q,cmq27k2ym07fj2opc9e0m922v,false,2026-06-06T11:26:48.684,,,
cmq29py1r0kep2opclvdybjaf,Fire Hydrant installation,cmq29py1k0k6h2opczu5i3m5q,cmq27k2ym07fj2opc9e0m922v,false,2026-06-06T11:26:48.684,,,
cmq29py1u0kex2opcziusakmi,conduiting,cmq29py1s0kev2opci9p59uho,cmq27k2ym07fj2opc9e0m922v,false,2026-06-06T11:26:48.684,,,
cmq29py1u0kf62opc2b9b1w79,Fixtures fixing work,cmq29py1s0kev2opci9p59uho,cmq27k2ym07fj2opc9e0m922v,false,2026-06-06T11:26:48.684,,,
cmq29py1u0kfi2opcrp3w5z8n,wiring,cmq29py1s0kev2opci9p59uho,cmq27k2ym07fj2opc9e0m922v,false,2026-06-06T11:26:48.684,,,
cmq29py1v0kg02opcr0d5kdh8,Dressing Work,cmq29py1s0kev2opci9p59uho,cmq27k2ym07fj2opc9e0m922v,false,2026-06-06T11:26:48.684,,,
cmq29py1v0kg92opcksjiakci,Civil work,cmq29py1s0kev2opci9p59uho,cmq27k2ym07fj2opc9e0m922v,false,2026-06-06T11:26:48.684,,,
cmq29py1v0kgf2opclgm38kv5,Base Work,cmq29py1s0kev2opci9p59uho,cmq27k2ym07fj2opc9e0m922v,false,2026-06-06T11:26:48.684,,,
cmq29py1v0kgo2opc27y8lh5z,Copper installation,cmq29py1s0kev2opci9p59uho,cmq27k2ym07fj2opc9e0m922v,false,2026-06-06T11:26:48.684,,,
cmq29py1w0kgu2opck9buiwt7,Testing work,cmq29py1s0kev2opci9p59uho,cmq27k2ym07fj2opc9e0m922v,false,2026-06-06T11:26:48.684,,,
cmq29py1w0kh02opcr65p3els,Pipe Laying work,cmq29py1s0kev2opci9p59uho,cmq27k2ym07fj2opc9e0m922v,false,2026-06-06T11:26:48.684,,,
cmq29py1w0kh62opcb862l0k2,Units installation work,cmq29py1s0kev2opci9p59uho,cmq27k2ym07fj2opc9e0m922v,false,2026-06-06T11:26:48.684,,,
cmq29py1w0khf2opcm15djy1o,Final stage of HVAC,cmq29py1s0kev2opci9p59uho,cmq27k2ym07fj2opc9e0m922v,false,2026-06-06T11:26:48.684,,,
cmq29py1w0kho2opcqj0952e6,Welding Work,cmq29py1s0kev2opci9p59uho,cmq27k2ym07fj2opc9e0m922v,false,2026-06-06T11:26:48.684,,,
cmq29py1w0khu2opcoat0e8xw,Threading Work,cmq29py1s0kev2opci9p59uho,cmq27k2ym07fj2opc9e0m922v,false,2026-06-06T11:26:48.684,,,
cmq29py1w0ki02opc5q1xb9jn,Piping  Testing Work,cmq29py1s0kev2opci9p59uho,cmq27k2ym07fj2opc9e0m922v,false,2026-06-06T11:26:48.684,,,
cmq29py1x0ki62opc37ae3kjb,Balcony work,cmq29py1s0kev2opci9p59uho,cm39yc7n800g92q8zpnzg0m6z,false,2026-06-06T11:26:48.684,,,
cmq29py1x0kil2opci4p6tiv2,Fire Pipe Shaft Work,cmq29py1s0kev2opci9p59uho,cmq27k2ym07fj2opc9e0m922v,false,2026-06-06T11:26:48.684,,,
cmq29py1y0kj62opcp1v6kd42,Leveling work,cmq29py1s0kev2opci9p59uho,cm39yc7n800g92q8zpnzg0m6z,false,2026-06-06T11:26:48.684,,,
cmq29py1y0kjf2opcswvtcx8x,Wall POP,cmq29py1s0kev2opci9p59uho,cm39yc7n800g92q8zpnzg0m6z,false,2026-06-06T11:26:48.684,,,
cmq29py1y0kjl2opcclx3mohw,Painting Fire Pipes,cmq29py1s0kev2opci9p59uho,cmq27k2ym07fj2opc9e0m922v,false,2026-06-06T11:26:48.684,,,
cmq29py1y0kjr2opcz7b4xw6x,Ceiling work,cmq29py1s0kev2opci9p59uho,cm39yc7n800g92q8zpnzg0m6z,false,2026-06-06T11:26:48.684,,,
cmq29py1y0kk32opc5y7gaw34,Granite work,cmq29py1s0kev2opci9p59uho,cm39yc7n800g92q8zpnzg0m6z,false,2026-06-06T11:26:48.684,,,
cmq29py1z0kki2opch6dgycqk,Tile work,cmq29py1s0kev2opci9p59uho,cm39yc7n800g92q8zpnzg0m6z,false,2026-06-06T11:26:48.684,,,
cmq29py1z0kkr2opc6o141ty4,Washroom Work,cmq29py1s0kev2opci9p59uho,cm39yc7n800g92q8zpnzg0m6z,false,2026-06-06T11:26:48.684,,,
cmq29py1z0kl32opc5o4y86kt,Servant toilet work,cmq29py1s0kev2opci9p59uho,cm39yc7n800g92q8zpnzg0m6z,false,2026-06-06T11:26:48.684,,,
cmq29py1z0klc2opctb0m945f,Handover stage,cmq29py1s0kev2opci9p59uho,cmq27k2ym07fj2opc9e0m922v,false,2026-06-06T11:26:48.684,,,
cmq29py200kll2opcrg9lbe4j,Plumbing Work,cmq29py1s0kev2opci9p59uho,cmq27k2ym07fj2opc9e0m922v,false,2026-06-06T11:26:48.684,,,
cmq29py200km02opc7isvafum,Clamping Fixing Work,cmq29py1s0kev2opci9p59uho,cmq27k2ym07fj2opc9e0m922v,false,2026-06-06T11:26:48.684,,,
cmq29py200km62opcbaq17ab8,Sunken Filling,cmq29py1s0kev2opci9p59uho,cmq27k2ym07fj2opc9e0m922v,false,2026-06-06T11:26:48.684,,,
cmq29py200kmi2opcj8mtbvxb,ventilation work,cmq29py1s0kev2opci9p59uho,cmq27k2ym07fj2opc9e0m922v,false,2026-06-06T11:26:48.684,,,
cmq29py210kmr2opc7swop03m,fixing,cmq29py1s0kev2opci9p59uho,cmq27k2ym07fj2opc9e0m922v,false,2026-06-06T11:26:48.684,,,
cmq29py210kn32opcjpvpckj8,Fire Hydrant installation,cmq29py1s0kev2opci9p59uho,cmq27k2ym07fj2opc9e0m922v,false,2026-06-06T11:26:48.684,,,
cmq29py230knb2opc5v1vzwn3,conduiting,cmq29py220kn92opc5fqibguz,cmq27k2ym07fj2opc9e0m922v,false,2026-06-06T11:26:48.684,,,
cmq29py240knk2opc14dhbusy,Fixtures fixing work,cmq29py220kn92opc5fqibguz,cmq27k2ym07fj2opc9e0m922v,false,2026-06-06T11:26:48.684,,,
cmq29py240knw2opcp0daonci,wiring,cmq29py220kn92opc5fqibguz,cmq27k2ym07fj2opc9e0m922v,false,2026-06-06T11:26:48.684,,,
cmq29py240koe2opca2246t6o,Dressing Work,cmq29py220kn92opc5fqibguz,cmq27k2ym07fj2opc9e0m922v,false,2026-06-06T11:26:48.684,,,
cmq29py250kon2opc41dfy3qm,Civil work,cmq29py220kn92opc5fqibguz,cmq27k2ym07fj2opc9e0m922v,false,2026-06-06T11:26:48.684,,,
cmq29py250kot2opcu1mu2pmc,Base Work,cmq29py220kn92opc5fqibguz,cmq27k2ym07fj2opc9e0m922v,false,2026-06-06T11:26:48.684,,,
cmq29py250kp22opcdyiy28b8,Copper installation,cmq29py220kn92opc5fqibguz,cmq27k2ym07fj2opc9e0m922v,false,2026-06-06T11:26:48.684,,,
cmq29py250kp82opc2exeg8sw,Testing work,cmq29py220kn92opc5fqibguz,cmq27k2ym07fj2opc9e0m922v,false,2026-06-06T11:26:48.684,,,
cmq29py250kpe2opcmgxb2oit,Pipe Laying work,cmq29py220kn92opc5fqibguz,cmq27k2ym07fj2opc9e0m922v,false,2026-06-06T11:26:48.684,,,
cmq29py250kpk2opccg1ya013,Units installation work,cmq29py220kn92opc5fqibguz,cmq27k2ym07fj2opc9e0m922v,false,2026-06-06T11:26:48.684,,,
cmq29py250kpt2opcmepp96aa,Final stage of HVAC,cmq29py220kn92opc5fqibguz,cmq27k2ym07fj2opc9e0m922v,false,2026-06-06T11:26:48.684,,,
cmq29py260kq22opc4dtblbn3,Piping  Testing Work,cmq29py220kn92opc5fqibguz,cmq27k2ym07fj2opc9e0m922v,false,2026-06-06T11:26:48.684,,,
cmq29py260kq82opclfcs1o0y,Balcony work,cmq29py220kn92opc5fqibguz,cm39yc7n800g92q8zpnzg0m6z,false,2026-06-06T11:26:48.684,,,
cmq29py270kqn2opcsbkgzfj4,Welding Work,cmq29py220kn92opc5fqibguz,cmq27k2ym07fj2opc9e0m922v,false,2026-06-06T11:26:48.684,,,
cmq29py270kqt2opcuun0s6kr,Threading Work,cmq29py220kn92opc5fqibguz,cmq27k2ym07fj2opc9e0m922v,false,2026-06-06T11:26:48.684,,,
cmq29py270kqz2opco3448dtk,Fire Pipe Shaft Work,cmq29py220kn92opc5fqibguz,cmq27k2ym07fj2opc9e0m922v,false,2026-06-06T11:26:48.684,,,
cmq29py280krk2opc3g474gle,Leveling work,cmq29py220kn92opc5fqibguz,cm39yc7n800g92q8zpnzg0m6z,false,2026-06-06T11:26:48.684,,,
cmq29py280krt2opc1ytx9k9p,Wall POP,cmq29py220kn92opc5fqibguz,cm39yc7n800g92q8zpnzg0m6z,false,2026-06-06T11:26:48.684,,,
cmq29py280krz2opcf0oaw6ss,Painting Fire Pipes,cmq29py220kn92opc5fqibguz,cmq27k2ym07fj2opc9e0m922v,false,2026-06-06T11:26:48.684,,,
cmq29py280ks52opcwj0ihu1q,Ceiling work,cmq29py220kn92opc5fqibguz,cm39yc7n800g92q8zpnzg0m6z,false,2026-06-06T11:26:48.684,,,
cmq29py280ksh2opckjq4cmix,Granite work,cmq29py220kn92opc5fqibguz,cm39yc7n800g92q8zpnzg0m6z,false,2026-06-06T11:26:48.684,,,
cmq29py2a0ksw2opc32vsai8w,Tile work,cmq29py220kn92opc5fqibguz,cm39yc7n800g92q8zpnzg0m6z,false,2026-06-06T11:26:48.684,,,
cmq29py2b0kt52opcr73euyty,Washroom Work,cmq29py220kn92opc5fqibguz,cm39yc7n800g92q8zpnzg0m6z,false,2026-06-06T11:26:48.684,,,
cmq29py2b0kth2opc70s48j99,Servant toilet work,cmq29py220kn92opc5fqibguz,cm39yc7n800g92q8zpnzg0m6z,false,2026-06-06T11:26:48.684,,,
cmq29py2d0ktq2opcbbcionzc,Handover stage,cmq29py220kn92opc5fqibguz,cmq27k2ym07fj2opc9e0m922v,false,2026-06-06T11:26:48.684,,,
cmq29py2d0ktz2opckfdegw15,Plumbing Work,cmq29py220kn92opc5fqibguz,cmq27k2ym07fj2opc9e0m922v,false,2026-06-06T11:26:48.684,,,
cmq29py2d0kue2opcg72bph9f,Clamping Fixing Work,cmq29py220kn92opc5fqibguz,cmq27k2ym07fj2opc9e0m922v,false,2026-06-06T11:26:48.684,,,
cmq29py2d0kuk2opcv6dks2kj,Sunken Filling,cmq29py220kn92opc5fqibguz,cmq27k2ym07fj2opc9e0m922v,false,2026-06-06T11:26:48.684,,,
cmq29py2d0kuw2opcxzazuwza,ventilation work,cmq29py220kn92opc5fqibguz,cmq27k2ym07fj2opc9e0m922v,false,2026-06-06T11:26:48.684,,,
cmq29py2e0kv52opcf9gfl354,fixing,cmq29py220kn92opc5fqibguz,cmq27k2ym07fj2opc9e0m922v,false,2026-06-06T11:26:48.684,,,
cmq29py2e0kvh2opcxpivf1kc,Fire Hydrant installation,cmq29py220kn92opc5fqibguz,cmq27k2ym07fj2opc9e0m922v,false,2026-06-06T11:26:48.684,,,
cmq29py2h0kvp2opc44zt4n0o,conduiting,cmq29py2f0kvn2opc8il5hb09,cmq27k2ym07fj2opc9e0m922v,false,2026-06-06T11:26:48.684,,,
cmq29py2h0kvy2opcxd16lht4,Fixtures fixing work,cmq29py2f0kvn2opc8il5hb09,cmq27k2ym07fj2opc9e0m922v,false,2026-06-06T11:26:48.684,,,
cmq29py2h0kwa2opc0j59hx3z,wiring,cmq29py2f0kvn2opc8il5hb09,cmq27k2ym07fj2opc9e0m922v,false,2026-06-06T11:26:48.684,,,
cmq29py2j0kws2opctu7o7lo8,Dressing Work,cmq29py2f0kvn2opc8il5hb09,cmq27k2ym07fj2opc9e0m922v,false,2026-06-06T11:26:48.684,,,
cmq29py2j0kx12opccd3m8yu0,Civil work,cmq29py2f0kvn2opc8il5hb09,cmq27k2ym07fj2opc9e0m922v,false,2026-06-06T11:26:48.684,,,
cmq29py2j0kx72opc2xe47cq9,Base Work,cmq29py2f0kvn2opc8il5hb09,cmq27k2ym07fj2opc9e0m922v,false,2026-06-06T11:26:48.684,,,
cmq29py2k0kxg2opclyr6rspd,Copper installation,cmq29py2f0kvn2opc8il5hb09,cmq27k2ym07fj2opc9e0m922v,false,2026-06-06T11:26:48.684,,,
cmq29py2k0kxm2opcrpdouh77,Testing work,cmq29py2f0kvn2opc8il5hb09,cmq27k2ym07fj2opc9e0m922v,false,2026-06-06T11:26:48.684,,,
cmq29py2k0kxs2opc6qa0aos9,Units installation work,cmq29py2f0kvn2opc8il5hb09,cmq27k2ym07fj2opc9e0m922v,false,2026-06-06T11:26:48.684,,,
cmq29py2k0ky12opc8o2dr88p,Final stage of HVAC,cmq29py2f0kvn2opc8il5hb09,cmq27k2ym07fj2opc9e0m922v,false,2026-06-06T11:26:48.684,,,
cmq29py2k0kya2opcf1vzgi1d,Pipe Laying work,cmq29py2f0kvn2opc8il5hb09,cmq27k2ym07fj2opc9e0m922v,false,2026-06-06T11:26:48.684,,,
cmq29py2k0kyg2opck4gksqmg,Welding Work,cmq29py2f0kvn2opc8il5hb09,cmq27k2ym07fj2opc9e0m922v,false,2026-06-06T11:26:48.684,,,
cmq29py2k0kym2opcvt5ls12b,Threading Work,cmq29py2f0kvn2opc8il5hb09,cmq27k2ym07fj2opc9e0m922v,false,2026-06-06T11:26:48.684,,,
cmq29py2k0kys2opcob5ykvni,Piping  Testing Work,cmq29py2f0kvn2opc8il5hb09,cmq27k2ym07fj2opc9e0m922v,false,2026-06-06T11:26:48.684,,,
cmq29py2k0kyy2opc7lnjnyb2,Balcony work,cmq29py2f0kvn2opc8il5hb09,cm39yc7n800g92q8zpnzg0m6z,false,2026-06-06T11:26:48.684,,,
cmq29py2l0kzd2opcha3y54dp,Leveling work,cmq29py2f0kvn2opc8il5hb09,cm39yc7n800g92q8zpnzg0m6z,false,2026-06-06T11:26:48.684,,,
cmq29py2l0kzm2opcwntu5myg,Wall POP,cmq29py2f0kvn2opc8il5hb09,cm39yc7n800g92q8zpnzg0m6z,false,2026-06-06T11:26:48.684,,,
cmq29py2l0kzs2opcc1a8qbe9,Painting Fire Pipes,cmq29py2f0kvn2opc8il5hb09,cmq27k2ym07fj2opc9e0m922v,false,2026-06-06T11:26:48.684,,,
cmq29py2l0kzy2opcodmsca1y,Ceiling work,cmq29py2f0kvn2opc8il5hb09,cm39yc7n800g92q8zpnzg0m6z,false,2026-06-06T11:26:48.684,,,
cmq29py2l0l0a2opcc5ccx3a8,Granite work,cmq29py2f0kvn2opc8il5hb09,cm39yc7n800g92q8zpnzg0m6z,false,2026-06-06T11:26:48.684,,,
cmq29py2n0l0p2opcmumi056l,Fire Pipe Shaft Work,cmq29py2f0kvn2opc8il5hb09,cmq27k2ym07fj2opc9e0m922v,false,2026-06-06T11:26:48.684,,,
cmq29py2q0l1a2opcy1krp6ko,Tile work,cmq29py2f0kvn2opc8il5hb09,cm39yc7n800g92q8zpnzg0m6z,false,2026-06-06T11:26:48.684,,,
cmq29py2q0l1j2opcb0ukcx50,Washroom Work,cmq29py2f0kvn2opc8il5hb09,cm39yc7n800g92q8zpnzg0m6z,false,2026-06-06T11:26:48.684,,,
cmq29py2q0l1v2opcr2hwdm7u,Servant toilet work,cmq29py2f0kvn2opc8il5hb09,cm39yc7n800g92q8zpnzg0m6z,false,2026-06-06T11:26:48.684,,,
cmq29py2q0l242opcre0phz39,Handover stage,cmq29py2f0kvn2opc8il5hb09,cmq27k2ym07fj2opc9e0m922v,false,2026-06-06T11:26:48.684,,,
cmq29py2r0l2d2opc1x95s605,fixing,cmq29py2f0kvn2opc8il5hb09,cmq27k2ym07fj2opc9e0m922v,false,2026-06-06T11:26:48.684,,,
cmq29py2r0l2p2opcpi5zzs0a,Plumbing Work,cmq29py2f0kvn2opc8il5hb09,cmq27k2ym07fj2opc9e0m922v,false,2026-06-06T11:26:48.684,,,
cmq29py2s0l342opc3p3302xm,Clamping Fixing Work,cmq29py2f0kvn2opc8il5hb09,cmq27k2ym07fj2opc9e0m922v,false,2026-06-06T11:26:48.684,,,
cmq29py2t0l3a2opcvendc14j,Sunken Filling,cmq29py2f0kvn2opc8il5hb09,cmq27k2ym07fj2opc9e0m922v,false,2026-06-06T11:26:48.684,,,
cmq29py2t0l3m2opck359h04v,ventilation work,cmq29py2f0kvn2opc8il5hb09,cmq27k2ym07fj2opc9e0m922v,false,2026-06-06T11:26:48.684,,,
cmq29py2t0l3v2opcze1ict2f,Fire Hydrant installation,cmq29py2f0kvn2opc8il5hb09,cmq27k2ym07fj2opc9e0m922v,false,2026-06-06T11:26:48.684,,,
cmq29py2w0l432opcqq3k6xkm,conduiting,cmq29py2u0l412opc1wf5u9o1,cmq27k2ym07fj2opc9e0m922v,false,2026-06-06T11:26:48.684,,,
cmq29py2w0l4c2opctlua2lb9,Fixtures fixing work,cmq29py2u0l412opc1wf5u9o1,cmq27k2ym07fj2opc9e0m922v,false,2026-06-06T11:26:48.684,,,
cmq29py2w0l4o2opcdpjz89pg,wiring,cmq29py2u0l412opc1wf5u9o1,cmq27k2ym07fj2opc9e0m922v,false,2026-06-06T11:26:48.684,,,
cmq29py2x0l562opchjgvdqxj,Dressing Work,cmq29py2u0l412opc1wf5u9o1,cmq27k2ym07fj2opc9e0m922v,false,2026-06-06T11:26:48.684,,,
cmq29py2x0l5f2opc5kku9c6t,Civil work,cmq29py2u0l412opc1wf5u9o1,cmq27k2ym07fj2opc9e0m922v,false,2026-06-06T11:26:48.684,,,
cmq29py2x0l5l2opcofsyo49a,Base Work,cmq29py2u0l412opc1wf5u9o1,cmq27k2ym07fj2opc9e0m922v,false,2026-06-06T11:26:48.684,,,
cmq29py2x0l5u2opcqmj4f64g,Copper installation,cmq29py2u0l412opc1wf5u9o1,cmq27k2ym07fj2opc9e0m922v,false,2026-06-06T11:26:48.684,,,
cmq29py2x0l602opc8bkpvf5p,Testing work,cmq29py2u0l412opc1wf5u9o1,cmq27k2ym07fj2opc9e0m922v,false,2026-06-06T11:26:48.684,,,
cmq29py2x0l662opc3mfqsgfw,Pipe Laying work,cmq29py2u0l412opc1wf5u9o1,cmq27k2ym07fj2opc9e0m922v,false,2026-06-06T11:26:48.684,,,
cmq29py2x0l6c2opcnowbaxlg,Units installation work,cmq29py2u0l412opc1wf5u9o1,cmq27k2ym07fj2opc9e0m922v,false,2026-06-06T11:26:48.684,,,
cmq29py2y0l6l2opcg5ft2ijj,Final stage of HVAC,cmq29py2u0l412opc1wf5u9o1,cmq27k2ym07fj2opc9e0m922v,false,2026-06-06T11:26:48.684,,,
cmq29py2z0l6u2opcod1fhoje,Piping  Testing Work,cmq29py2u0l412opc1wf5u9o1,cmq27k2ym07fj2opc9e0m922v,false,2026-06-06T11:26:48.684,,,
cmq29py2z0l702opckcnmrlgy,Balcony work,cmq29py2u0l412opc1wf5u9o1,cm39yc7n800g92q8zpnzg0m6z,false,2026-06-06T11:26:48.684,,,
cmq29py320l7f2opckr1stni2,Wall POP,cmq29py2u0l412opc1wf5u9o1,cm39yc7n800g92q8zpnzg0m6z,false,2026-06-06T11:26:48.684,,,
cmq29py330l7l2opccqtuywo1,Welding Work,cmq29py2u0l412opc1wf5u9o1,cmq27k2ym07fj2opc9e0m922v,false,2026-06-06T11:26:48.684,,,
cmq29py330l7r2opcv8dfz9v6,Threading Work,cmq29py2u0l412opc1wf5u9o1,cmq27k2ym07fj2opc9e0m922v,false,2026-06-06T11:26:48.684,,,
cmq29py330l7x2opc3mj6w6qo,Painting Fire Pipes,cmq29py2u0l412opc1wf5u9o1,cmq27k2ym07fj2opc9e0m922v,false,2026-06-06T11:26:48.684,,,
cmq29py340l832opcnmrag8jw,Fire Pipe Shaft Work,cmq29py2u0l412opc1wf5u9o1,cmq27k2ym07fj2opc9e0m922v,false,2026-06-06T11:26:48.684,,,
cmq29py380l8o2opcvmlt4shv,Leveling work,cmq29py2u0l412opc1wf5u9o1,cm39yc7n800g92q8zpnzg0m6z,false,2026-06-06T11:26:48.684,,,
cmq29py380l8x2opcn6jmofrc,Ceiling work,cmq29py2u0l412opc1wf5u9o1,cm39yc7n800g92q8zpnzg0m6z,false,2026-06-06T11:26:48.684,,,
cmq29py390l992opckmogb89g,Granite work,cmq29py2u0l412opc1wf5u9o1,cm39yc7n800g92q8zpnzg0m6z,false,2026-06-06T11:26:48.684,,,
cmq29py3a0l9o2opcuex3sso5,Tile work,cmq29py2u0l412opc1wf5u9o1,cm39yc7n800g92q8zpnzg0m6z,false,2026-06-06T11:26:48.684,,,
cmq29py3b0l9x2opcym90fj3a,Washroom Work,cmq29py2u0l412opc1wf5u9o1,cm39yc7n800g92q8zpnzg0m6z,false,2026-06-06T11:26:48.684,,,
cmq29py3b0la92opckf7t1u9e,Servant toilet work,cmq29py2u0l412opc1wf5u9o1,cm39yc7n800g92q8zpnzg0m6z,false,2026-06-06T11:26:48.684,,,
cmq29py3c0lai2opcx375j9ph,Handover stage,cmq29py2u0l412opc1wf5u9o1,cmq27k2ym07fj2opc9e0m922v,false,2026-06-06T11:26:48.684,,,
cmq29py3c0lar2opcpoab9bmf,Plumbing Work,cmq29py2u0l412opc1wf5u9o1,cmq27k2ym07fj2opc9e0m922v,false,2026-06-06T11:26:48.684,,,
cmq29py3e0lb62opc3x0z4m7d,Clamping Fixing Work,cmq29py2u0l412opc1wf5u9o1,cmq27k2ym07fj2opc9e0m922v,false,2026-06-06T11:26:48.684,,,
cmq29py3e0lbc2opcn5zwcvly,Sunken Filling,cmq29py2u0l412opc1wf5u9o1,cmq27k2ym07fj2opc9e0m922v,false,2026-06-06T11:26:48.684,,,
cmq29py3e0lbo2opchjkyxxn3,ventilation work,cmq29py2u0l412opc1wf5u9o1,cmq27k2ym07fj2opc9e0m922v,false,2026-06-06T11:26:48.684,,,
cmq29py3e0lbx2opc83y438kr,fixing,cmq29py2u0l412opc1wf5u9o1,cmq27k2ym07fj2opc9e0m922v,false,2026-06-06T11:26:48.684,,,
cmq29py3f0lc92opcvrjejq9k,Fire Hydrant installation,cmq29py2u0l412opc1wf5u9o1,cmq27k2ym07fj2opc9e0m922v,false,2026-06-06T11:26:48.684,,,
cmq29py3h0lch2opczta7c55q,conduiting,cmq29py3g0lcf2opcc1tfck2w,cmq27k2ym07fj2opc9e0m922v,false,2026-06-06T11:26:48.684,,,
cmq29py3i0lcq2opcl10tyjom,Fixtures fixing work,cmq29py3g0lcf2opcc1tfck2w,cmq27k2ym07fj2opc9e0m922v,false,2026-06-06T11:26:48.684,,,
cmq29py3i0ld22opcm02wp0n3,wiring,cmq29py3g0lcf2opcc1tfck2w,cmq27k2ym07fj2opc9e0m922v,false,2026-06-06T11:26:48.684,,,
cmq29py3i0ldk2opcujd8poi3,Dressing Work,cmq29py3g0lcf2opcc1tfck2w,cmq27k2ym07fj2opc9e0m922v,false,2026-06-06T11:26:48.684,,,
cmq29py3j0ldt2opcxw6idikx,Civil work,cmq29py3g0lcf2opcc1tfck2w,cmq27k2ym07fj2opc9e0m922v,false,2026-06-06T11:26:48.684,,,
cmq29py3j0ldz2opcrf1s1rfl,Base Work,cmq29py3g0lcf2opcc1tfck2w,cmq27k2ym07fj2opc9e0m922v,false,2026-06-06T11:26:48.684,,,
cmq29py3l0le82opce1j95n3s,Copper installation,cmq29py3g0lcf2opcc1tfck2w,cmq27k2ym07fj2opc9e0m922v,false,2026-06-06T11:26:48.684,,,
cmq29py3l0lee2opcm0wl4rdu,Testing work,cmq29py3g0lcf2opcc1tfck2w,cmq27k2ym07fj2opc9e0m922v,false,2026-06-06T11:26:48.684,,,
cmq29py3l0lek2opcgw64guul,Pipe Laying work,cmq29py3g0lcf2opcc1tfck2w,cmq27k2ym07fj2opc9e0m922v,false,2026-06-06T11:26:48.684,,,
cmq29py3l0leq2opcff2he0f3,Units installation work,cmq29py3g0lcf2opcc1tfck2w,cmq27k2ym07fj2opc9e0m922v,false,2026-06-06T11:26:48.684,,,
cmq29py3l0lez2opcdv44s6fv,Final stage of HVAC,cmq29py3g0lcf2opcc1tfck2w,cmq27k2ym07fj2opc9e0m922v,false,2026-06-06T11:26:48.684,,,
cmq29py3m0lf82opcz4hsbfgx,Welding Work,cmq29py3g0lcf2opcc1tfck2w,cmq27k2ym07fj2opc9e0m922v,false,2026-06-06T11:26:48.684,,,
cmq29py3m0lfe2opcl0jj19qj,Threading Work,cmq29py3g0lcf2opcc1tfck2w,cmq27k2ym07fj2opc9e0m922v,false,2026-06-06T11:26:48.684,,,
cmq29py3n0lfk2opcvq41hrjc,Piping  Testing Work,cmq29py3g0lcf2opcc1tfck2w,cmq27k2ym07fj2opc9e0m922v,false,2026-06-06T11:26:48.684,,,
cmq29py3o0lfq2opc8i7a1djo,Balcony work,cmq29py3g0lcf2opcc1tfck2w,cm39yc7n800g92q8zpnzg0m6z,false,2026-06-06T11:26:48.684,,,
cmq29py3p0lg52opc1yzp7klv,Fire Pipe Shaft Work,cmq29py3g0lcf2opcc1tfck2w,cmq27k2ym07fj2opc9e0m922v,false,2026-06-06T11:26:48.684,,,
cmq29py3s0lgq2opcssdfyh92,Leveling work,cmq29py3g0lcf2opcc1tfck2w,cm39yc7n800g92q8zpnzg0m6z,false,2026-06-06T11:26:48.684,,,
cmq29py3s0lgz2opcd1lgd3dg,Wall POP,cmq29py3g0lcf2opcc1tfck2w,cm39yc7n800g92q8zpnzg0m6z,false,2026-06-06T11:26:48.684,,,
cmq29py3s0lh52opcsr8xmzoj,Painting Fire Pipes,cmq29py3g0lcf2opcc1tfck2w,cmq27k2ym07fj2opc9e0m922v,false,2026-06-06T11:26:48.684,,,
cmq29py3s0lhb2opcrzyof0r1,Ceiling work,cmq29py3g0lcf2opcc1tfck2w,cm39yc7n800g92q8zpnzg0m6z,false,2026-06-06T11:26:48.684,,,
cmq29py3t0lhn2opczbwdrt4p,Granite work,cmq29py3g0lcf2opcc1tfck2w,cm39yc7n800g92q8zpnzg0m6z,false,2026-06-06T11:26:48.684,,,
cmq29py3v0li22opcnkdinlix,Tile work,cmq29py3g0lcf2opcc1tfck2w,cm39yc7n800g92q8zpnzg0m6z,false,2026-06-06T11:26:48.684,,,
cmq29py3v0lib2opcksl46gow,Washroom Work,cmq29py3g0lcf2opcc1tfck2w,cm39yc7n800g92q8zpnzg0m6z,false,2026-06-06T11:26:48.684,,,
cmq29py3w0lin2opcdwu4mol3,Servant toilet work,cmq29py3g0lcf2opcc1tfck2w,cm39yc7n800g92q8zpnzg0m6z,false,2026-06-06T11:26:48.684,,,
cmq29py3w0liw2opctyf5c1az,Handover stage,cmq29py3g0lcf2opcc1tfck2w,cmq27k2ym07fj2opc9e0m922v,false,2026-06-06T11:26:48.684,,,
cmq29py3w0lj52opcmh493dsp,Plumbing Work,cmq29py3g0lcf2opcc1tfck2w,cmq27k2ym07fj2opc9e0m922v,false,2026-06-06T11:26:48.684,,,
cmq29py3z0ljk2opcgkfu1d85,Clamping Fixing Work,cmq29py3g0lcf2opcc1tfck2w,cmq27k2ym07fj2opc9e0m922v,false,2026-06-06T11:26:48.684,,,
cmq29py3z0ljq2opczmrr3ulu,Sunken Filling,cmq29py3g0lcf2opcc1tfck2w,cmq27k2ym07fj2opc9e0m922v,false,2026-06-06T11:26:48.684,,,
cmq29py3z0lk22opcnqr96330,ventilation work,cmq29py3g0lcf2opcc1tfck2w,cmq27k2ym07fj2opc9e0m922v,false,2026-06-06T11:26:48.684,,,
cmq29py3z0lkb2opcyv9xw2eh,fixing,cmq29py3g0lcf2opcc1tfck2w,cmq27k2ym07fj2opc9e0m922v,false,2026-06-06T11:26:48.684,,,
cmq29py400lkn2opchbczmprg,Fire Hydrant installation,cmq29py3g0lcf2opcc1tfck2w,cmq27k2ym07fj2opc9e0m922v,false,2026-06-06T11:26:48.684,,,
cmq29py420lkv2opc66tgmsc9,conduiting,cmq29py410lkt2opc1w7moxs2,cmq27k2ym07fj2opc9e0m922v,false,2026-06-06T11:26:48.684,,,
cmq29py420ll42opc2klziy89,Fixtures fixing work,cmq29py410lkt2opc1w7moxs2,cmq27k2ym07fj2opc9e0m922v,false,2026-06-06T11:26:48.684,,,
cmq29py430llg2opcgq0mj9ba,wiring,cmq29py410lkt2opc1w7moxs2,cmq27k2ym07fj2opc9e0m922v,false,2026-06-06T11:26:48.684,,,
cmq29py430lly2opc8t8te334,Dressing Work,cmq29py410lkt2opc1w7moxs2,cmq27k2ym07fj2opc9e0m922v,false,2026-06-06T11:26:48.684,,,
cmq29py430lm72opc690pi6qe,Civil work,cmq29py410lkt2opc1w7moxs2,cmq27k2ym07fj2opc9e0m922v,false,2026-06-06T11:26:48.684,,,
cmq29py430lmd2opc2aiyegdw,Base Work,cmq29py410lkt2opc1w7moxs2,cmq27k2ym07fj2opc9e0m922v,false,2026-06-06T11:26:48.684,,,
cmq29py440lmm2opcauuy1fs4,Copper installation,cmq29py410lkt2opc1w7moxs2,cmq27k2ym07fj2opc9e0m922v,false,2026-06-06T11:26:48.684,,,
cmq29py440lms2opcn8f2de70,Testing work,cmq29py410lkt2opc1w7moxs2,cmq27k2ym07fj2opc9e0m922v,false,2026-06-06T11:26:48.684,,,
cmq29py440lmy2opczrmlfljx,Pipe Laying work,cmq29py410lkt2opc1w7moxs2,cmq27k2ym07fj2opc9e0m922v,false,2026-06-06T11:26:48.684,,,
cmq29py440ln42opcosc9zjbg,Units installation work,cmq29py410lkt2opc1w7moxs2,cmq27k2ym07fj2opc9e0m922v,false,2026-06-06T11:26:48.684,,,
cmq29py440lnd2opcr6fpirw6,Final stage of HVAC,cmq29py410lkt2opc1w7moxs2,cmq27k2ym07fj2opc9e0m922v,false,2026-06-06T11:26:48.684,,,
cmq29py440lnm2opcxt06ar34,Piping  Testing Work,cmq29py410lkt2opc1w7moxs2,cmq27k2ym07fj2opc9e0m922v,false,2026-06-06T11:26:48.684,,,
cmq29py440lns2opcxsx2fibe,Balcony work,cmq29py410lkt2opc1w7moxs2,cm39yc7n800g92q8zpnzg0m6z,false,2026-06-06T11:26:48.684,,,
cmq29py450lo72opcdeadpbj6,Welding Work,cmq29py410lkt2opc1w7moxs2,cmq27k2ym07fj2opc9e0m922v,false,2026-06-06T11:26:48.684,,,
cmq29py450lod2opcn6mhui09,Threading Work,cmq29py410lkt2opc1w7moxs2,cmq27k2ym07fj2opc9e0m922v,false,2026-06-06T11:26:48.684,,,
cmq29py460loj2opcpr4yg0ic,Fire Pipe Shaft Work,cmq29py410lkt2opc1w7moxs2,cmq27k2ym07fj2opc9e0m922v,false,2026-06-06T11:26:48.684,,,
cmq29py490lp42opcj3bq25en,Leveling work,cmq29py410lkt2opc1w7moxs2,cm39yc7n800g92q8zpnzg0m6z,false,2026-06-06T11:26:48.684,,,
cmq29py490lpd2opc2xhzvlxl,Wall POP,cmq29py410lkt2opc1w7moxs2,cm39yc7n800g92q8zpnzg0m6z,false,2026-06-06T11:26:48.684,,,
cmq29py4a0lpj2opc9m8r8mec,Painting Fire Pipes,cmq29py410lkt2opc1w7moxs2,cmq27k2ym07fj2opc9e0m922v,false,2026-06-06T11:26:48.684,,,
cmq29py4b0lpp2opcsrhgagr0,Ceiling work,cmq29py410lkt2opc1w7moxs2,cm39yc7n800g92q8zpnzg0m6z,false,2026-06-06T11:26:48.684,,,
cmq29py4c0lq12opcw6gi2gxq,Granite work,cmq29py410lkt2opc1w7moxs2,cm39yc7n800g92q8zpnzg0m6z,false,2026-06-06T11:26:48.684,,,
cmq29py4d0lqg2opc974qn1k1,Tile work,cmq29py410lkt2opc1w7moxs2,cm39yc7n800g92q8zpnzg0m6z,false,2026-06-06T11:26:48.684,,,
cmq29py4e0lqp2opcrtlvinjz,Washroom Work,cmq29py410lkt2opc1w7moxs2,cm39yc7n800g92q8zpnzg0m6z,false,2026-06-06T11:26:48.684,,,
cmq29py4f0lr12opcrowaxmsw,Servant toilet work,cmq29py410lkt2opc1w7moxs2,cm39yc7n800g92q8zpnzg0m6z,false,2026-06-06T11:26:48.684,,,
cmq29py4f0lra2opck59jeuwx,Handover stage,cmq29py410lkt2opc1w7moxs2,cmq27k2ym07fj2opc9e0m922v,false,2026-06-06T11:26:48.684,,,
cmq29py4f0lrj2opcbboevrqw,Plumbing Work,cmq29py410lkt2opc1w7moxs2,cmq27k2ym07fj2opc9e0m922v,false,2026-06-06T11:26:48.684,,,
cmq29py4i0lry2opc2tew4kd0,Clamping Fixing Work,cmq29py410lkt2opc1w7moxs2,cmq27k2ym07fj2opc9e0m922v,false,2026-06-06T11:26:48.684,,,
cmq29py4i0ls42opcwpkh40ex,Sunken Filling,cmq29py410lkt2opc1w7moxs2,cmq27k2ym07fj2opc9e0m922v,false,2026-06-06T11:26:48.684,,,
cmq29py4j0lsg2opc51csr0jk,ventilation work,cmq29py410lkt2opc1w7moxs2,cmq27k2ym07fj2opc9e0m922v,false,2026-06-06T11:26:48.684,,,
cmq29py4j0lsp2opcfpbuax44,fixing,cmq29py410lkt2opc1w7moxs2,cmq27k2ym07fj2opc9e0m922v,false,2026-06-06T11:26:48.684,,,
cmq29py4k0lt12opcozp4hj34,Fire Hydrant installation,cmq29py410lkt2opc1w7moxs2,cmq27k2ym07fj2opc9e0m922v,false,2026-06-06T11:26:48.684,,,
cmq29py4m0lt92opc7l4kgev6,conduiting,cmq29py4l0lt72opcpl27cy2f,cmq27k2ym07fj2opc9e0m922v,false,2026-06-06T11:26:48.684,,,
cmq29py4m0lti2opc6sw6kjiu,Fixtures fixing work,cmq29py4l0lt72opcpl27cy2f,cmq27k2ym07fj2opc9e0m922v,false,2026-06-06T11:26:48.684,,,
cmq29py4n0ltu2opcg25y055y,wiring,cmq29py4l0lt72opcpl27cy2f,cmq27k2ym07fj2opc9e0m922v,false,2026-06-06T11:26:48.684,,,
cmq29py4r0luc2opcd3g9v1lu,Dressing Work,cmq29py4l0lt72opcpl27cy2f,cmq27k2ym07fj2opc9e0m922v,false,2026-06-06T11:26:48.684,,,
cmq29py4s0lul2opcuquzv1uo,Civil work,cmq29py4l0lt72opcpl27cy2f,cmq27k2ym07fj2opc9e0m922v,false,2026-06-06T11:26:48.684,,,
cmq29py4s0lur2opc306g61u7,Base Work,cmq29py4l0lt72opcpl27cy2f,cmq27k2ym07fj2opc9e0m922v,false,2026-06-06T11:26:48.684,,,
cmq29py4s0lv02opczr9gk0aa,Copper installation,cmq29py4l0lt72opcpl27cy2f,cmq27k2ym07fj2opc9e0m922v,false,2026-06-06T11:26:48.684,,,
cmq29py4s0lv62opcqpo8w96t,Testing work,cmq29py4l0lt72opcpl27cy2f,cmq27k2ym07fj2opc9e0m922v,false,2026-06-06T11:26:48.684,,,
cmq29py4t0lvc2opcmovgra3c,Units installation work,cmq29py4l0lt72opcpl27cy2f,cmq27k2ym07fj2opc9e0m922v,false,2026-06-06T11:26:48.684,,,
cmq29py4t0lvl2opchurq88sp,Final stage of HVAC,cmq29py4l0lt72opcpl27cy2f,cmq27k2ym07fj2opc9e0m922v,false,2026-06-06T11:26:48.684,,,
cmq29py4u0lvu2opcil8b97o3,Pipe Laying work,cmq29py4l0lt72opcpl27cy2f,cmq27k2ym07fj2opc9e0m922v,false,2026-06-06T11:26:48.684,,,
cmq29py4u0lw02opcvj7zgbk3,Welding Work,cmq29py4l0lt72opcpl27cy2f,cmq27k2ym07fj2opc9e0m922v,false,2026-06-06T11:26:48.684,,,
cmq29py4v0lw62opc860d6lua,Threading Work,cmq29py4l0lt72opcpl27cy2f,cmq27k2ym07fj2opc9e0m922v,false,2026-06-06T11:26:48.684,,,
cmq29py4v0lwc2opc939qakpg,Piping  Testing Work,cmq29py4l0lt72opcpl27cy2f,cmq27k2ym07fj2opc9e0m922v,false,2026-06-06T11:26:48.684,,,
cmq29py4v0lwi2opc5wecjpg0,Balcony work,cmq29py4l0lt72opcpl27cy2f,cm39yc7n800g92q8zpnzg0m6z,false,2026-06-06T11:26:48.684,,,
cmq29py4z0lwx2opcksn6iu52,Leveling work,cmq29py4l0lt72opcpl27cy2f,cm39yc7n800g92q8zpnzg0m6z,false,2026-06-06T11:26:48.684,,,
cmq29py4z0lx62opc6ufcgmtl,Wall POP,cmq29py4l0lt72opcpl27cy2f,cm39yc7n800g92q8zpnzg0m6z,false,2026-06-06T11:26:48.684,,,
cmq29py4z0lxc2opcufvyqf6c,Painting Fire Pipes,cmq29py4l0lt72opcpl27cy2f,cmq27k2ym07fj2opc9e0m922v,false,2026-06-06T11:26:48.684,,,
cmq29py500lxi2opcarvzkwqk,Ceiling work,cmq29py4l0lt72opcpl27cy2f,cm39yc7n800g92q8zpnzg0m6z,false,2026-06-06T11:26:48.684,,,
cmq29py510lxu2opcm0fes2y5,Granite work,cmq29py4l0lt72opcpl27cy2f,cm39yc7n800g92q8zpnzg0m6z,false,2026-06-06T11:26:48.684,,,
cmq29py540ly92opc4jn03gyi,Fire Pipe Shaft Work,cmq29py4l0lt72opcpl27cy2f,cmq27k2ym07fj2opc9e0m922v,false,2026-06-06T11:26:48.684,,,
cmq29py560lyu2opcs20wvvka,Tile work,cmq29py4l0lt72opcpl27cy2f,cm39yc7n800g92q8zpnzg0m6z,false,2026-06-06T11:26:48.684,,,
cmq29py560lz32opc0x2j05sp,Washroom Work,cmq29py4l0lt72opcpl27cy2f,cm39yc7n800g92q8zpnzg0m6z,false,2026-06-06T11:26:48.684,,,
cmq29py570lzf2opcw9ki4qf9,Servant toilet work,cmq29py4l0lt72opcpl27cy2f,cm39yc7n800g92q8zpnzg0m6z,false,2026-06-06T11:26:48.684,,,
cmq29py570lzo2opcubd08j7p,Handover stage,cmq29py4l0lt72opcpl27cy2f,cmq27k2ym07fj2opc9e0m922v,false,2026-06-06T11:26:48.684,,,
cmq29py580lzx2opcwq5so9su,fixing,cmq29py4l0lt72opcpl27cy2f,cmq27k2ym07fj2opc9e0m922v,false,2026-06-06T11:26:48.684,,,
cmq29py590m092opc95zs4ej9,Plumbing Work,cmq29py4l0lt72opcpl27cy2f,cmq27k2ym07fj2opc9e0m922v,false,2026-06-06T11:26:48.684,,,
cmq29py590m0o2opclqutyxyg,Clamping Fixing Work,cmq29py4l0lt72opcpl27cy2f,cmq27k2ym07fj2opc9e0m922v,false,2026-06-06T11:26:48.684,,,
cmq29py5a0m0u2opcj1m10snc,Sunken Filling,cmq29py4l0lt72opcpl27cy2f,cmq27k2ym07fj2opc9e0m922v,false,2026-06-06T11:26:48.684,,,
cmq29py5a0m162opcvzjz0ay0,ventilation work,cmq29py4l0lt72opcpl27cy2f,cmq27k2ym07fj2opc9e0m922v,false,2026-06-06T11:26:48.684,,,
cmq29py5b0m1f2opc5tksxn6a,Fire Hydrant installation,cmq29py4l0lt72opcpl27cy2f,cmq27k2ym07fj2opc9e0m922v,false,2026-06-06T11:26:48.684,,,
cmq29py5d0m1n2opc27uaf84c,conduiting,cmq29py5c0m1l2opcs7qufrrf,cmq27k2ym07fj2opc9e0m922v,false,2026-06-06T11:26:48.684,,,
cmq29py5e0m1w2opcxbbl8w3v,Fixtures fixing work,cmq29py5c0m1l2opcs7qufrrf,cmq27k2ym07fj2opc9e0m922v,false,2026-06-06T11:26:48.684,,,
cmq29py5e0m282opc6lhshfdi,wiring,cmq29py5c0m1l2opcs7qufrrf,cmq27k2ym07fj2opc9e0m922v,false,2026-06-06T11:26:48.684,,,
cmq29py5e0m2q2opc0gqunw37,Dressing Work,cmq29py5c0m1l2opcs7qufrrf,cmq27k2ym07fj2opc9e0m922v,false,2026-06-06T11:26:48.684,,,
cmq29py5e0m2z2opcq989zkv0,Civil work,cmq29py5c0m1l2opcs7qufrrf,cmq27k2ym07fj2opc9e0m922v,false,2026-06-06T11:26:48.684,,,
cmq29py5e0m352opckebk27ud,Base Work,cmq29py5c0m1l2opcs7qufrrf,cmq27k2ym07fj2opc9e0m922v,false,2026-06-06T11:26:48.684,,,
cmq29py5f0m3e2opcfsxltmy8,Copper installation,cmq29py5c0m1l2opcs7qufrrf,cmq27k2ym07fj2opc9e0m922v,false,2026-06-06T11:26:48.684,,,
cmq29py5f0m3k2opclbaitkik,Testing work,cmq29py5c0m1l2opcs7qufrrf,cmq27k2ym07fj2opc9e0m922v,false,2026-06-06T11:26:48.684,,,
cmq29py5f0m3q2opc1v1cjac6,Pipe Laying work,cmq29py5c0m1l2opcs7qufrrf,cmq27k2ym07fj2opc9e0m922v,false,2026-06-06T11:26:48.684,,,
cmq29py5f0m3w2opcmt7efrzo,Units installation work,cmq29py5c0m1l2opcs7qufrrf,cmq27k2ym07fj2opc9e0m922v,false,2026-06-06T11:26:48.684,,,
cmq29py5f0m452opcuzfiuw11,Final stage of HVAC,cmq29py5c0m1l2opcs7qufrrf,cmq27k2ym07fj2opc9e0m922v,false,2026-06-06T11:26:48.684,,,
cmq29py5f0m4e2opc1215uqra,Piping  Testing Work,cmq29py5c0m1l2opcs7qufrrf,cmq27k2ym07fj2opc9e0m922v,false,2026-06-06T11:26:48.684,,,
cmq29py5f0m4k2opcqo3kzxlb,Balcony work,cmq29py5c0m1l2opcs7qufrrf,cm39yc7n800g92q8zpnzg0m6z,false,2026-06-06T11:26:48.684,,,
cmq29py5h0m4z2opcogyjpfo6,Wall POP,cmq29py5c0m1l2opcs7qufrrf,cm39yc7n800g92q8zpnzg0m6z,false,2026-06-06T11:26:48.684,,,
cmq29py5h0m552opc5sfl42t3,Welding Work,cmq29py5c0m1l2opcs7qufrrf,cmq27k2ym07fj2opc9e0m922v,false,2026-06-06T11:26:48.684,,,
cmq29py5h0m5b2opccrccp1hb,Threading Work,cmq29py5c0m1l2opcs7qufrrf,cmq27k2ym07fj2opc9e0m922v,false,2026-06-06T11:26:48.684,,,
cmq29py5h0m5h2opcil81arfg,Painting Fire Pipes,cmq29py5c0m1l2opcs7qufrrf,cmq27k2ym07fj2opc9e0m922v,false,2026-06-06T11:26:48.684,,,
cmq29py5h0m5n2opc094mdqb5,Fire Pipe Shaft Work,cmq29py5c0m1l2opcs7qufrrf,cmq27k2ym07fj2opc9e0m922v,false,2026-06-06T11:26:48.684,,,
cmq29py5l0m682opc4eozcqof,Leveling work,cmq29py5c0m1l2opcs7qufrrf,cm39yc7n800g92q8zpnzg0m6z,false,2026-06-06T11:26:48.684,,,
cmq29py5l0m6h2opcx6qc1con,Ceiling work,cmq29py5c0m1l2opcs7qufrrf,cm39yc7n800g92q8zpnzg0m6z,false,2026-06-06T11:26:48.684,,,
cmq29py5m0m6t2opcxztly9e3,Granite work,cmq29py5c0m1l2opcs7qufrrf,cm39yc7n800g92q8zpnzg0m6z,false,2026-06-06T11:26:48.684,,,
cmq29py5n0m782opcu3txln12,Tile work,cmq29py5c0m1l2opcs7qufrrf,cm39yc7n800g92q8zpnzg0m6z,false,2026-06-06T11:26:48.684,,,
cmq29py5o0m7h2opca0xvfc56,Washroom Work,cmq29py5c0m1l2opcs7qufrrf,cm39yc7n800g92q8zpnzg0m6z,false,2026-06-06T11:26:48.684,,,
cmq29py5o0m7t2opc1vkerwlz,Servant toilet work,cmq29py5c0m1l2opcs7qufrrf,cm39yc7n800g92q8zpnzg0m6z,false,2026-06-06T11:26:48.684,,,
cmq29py5p0m822opctz1y0zya,Handover stage,cmq29py5c0m1l2opcs7qufrrf,cmq27k2ym07fj2opc9e0m922v,false,2026-06-06T11:26:48.684,,,
cmq29py5q0m8b2opcflndz2f7,Plumbing Work,cmq29py5c0m1l2opcs7qufrrf,cmq27k2ym07fj2opc9e0m922v,false,2026-06-06T11:26:48.684,,,
cmq29py5r0m8q2opc11kx3u2k,Clamping Fixing Work,cmq29py5c0m1l2opcs7qufrrf,cmq27k2ym07fj2opc9e0m922v,false,2026-06-06T11:26:48.684,,,
cmq29py5r0m8w2opclycn8m37,Sunken Filling,cmq29py5c0m1l2opcs7qufrrf,cmq27k2ym07fj2opc9e0m922v,false,2026-06-06T11:26:48.684,,,
cmq29py5r0m982opcfo2fjsd7,ventilation work,cmq29py5c0m1l2opcs7qufrrf,cmq27k2ym07fj2opc9e0m922v,false,2026-06-06T11:26:48.684,,,
cmq29py5s0m9h2opcxn3dehbe,fixing,cmq29py5c0m1l2opcs7qufrrf,cmq27k2ym07fj2opc9e0m922v,false,2026-06-06T11:26:48.684,,,
cmq29py5t0m9t2opc5x2x521v,Fire Hydrant installation,cmq29py5c0m1l2opcs7qufrrf,cmq27k2ym07fj2opc9e0m922v,false,2026-06-06T11:26:48.684,,,
cmq29py5v0ma12opc898ahtp2,conduiting,cmq29py5u0m9z2opcijhuuyx2,cmq27k2ym07fj2opc9e0m922v,false,2026-06-06T11:26:48.684,,,
cmq29py5v0maa2opc4bvks1nh,Fixtures fixing work,cmq29py5u0m9z2opcijhuuyx2,cmq27k2ym07fj2opc9e0m922v,false,2026-06-06T11:26:48.684,,,
cmq29py5w0mam2opcr9j0kaqn,wiring,cmq29py5u0m9z2opcijhuuyx2,cmq27k2ym07fj2opc9e0m922v,false,2026-06-06T11:26:48.684,,,
cmq29py5w0mb42opc7w206y7s,Dressing Work,cmq29py5u0m9z2opcijhuuyx2,cmq27k2ym07fj2opc9e0m922v,false,2026-06-06T11:26:48.684,,,
cmq29py5w0mbd2opcpg098htt,Civil work,cmq29py5u0m9z2opcijhuuyx2,cmq27k2ym07fj2opc9e0m922v,false,2026-06-06T11:26:48.684,,,
cmq29py5w0mbj2opcvli8u3gr,Base Work,cmq29py5u0m9z2opcijhuuyx2,cmq27k2ym07fj2opc9e0m922v,false,2026-06-06T11:26:48.684,,,
cmq29py5x0mbs2opcegmxy62d,Copper installation,cmq29py5u0m9z2opcijhuuyx2,cmq27k2ym07fj2opc9e0m922v,false,2026-06-06T11:26:48.684,,,
cmq29py5x0mby2opce86zre95,Testing work,cmq29py5u0m9z2opcijhuuyx2,cmq27k2ym07fj2opc9e0m922v,false,2026-06-06T11:26:48.684,,,
cmq29py5x0mc42opcq2s3jhys,Pipe Laying work,cmq29py5u0m9z2opcijhuuyx2,cmq27k2ym07fj2opc9e0m922v,false,2026-06-06T11:26:48.684,,,
cmq29py5x0mca2opcfzhiznbv,Units installation work,cmq29py5u0m9z2opcijhuuyx2,cmq27k2ym07fj2opc9e0m922v,false,2026-06-06T11:26:48.684,,,
cmq29py5x0mcj2opcklm141k7,Final stage of HVAC,cmq29py5u0m9z2opcijhuuyx2,cmq27k2ym07fj2opc9e0m922v,false,2026-06-06T11:26:48.684,,,
cmq29py5x0mcs2opcpdatirsb,Welding Work,cmq29py5u0m9z2opcijhuuyx2,cmq27k2ym07fj2opc9e0m922v,false,2026-06-06T11:26:48.684,,,
cmq29py5x0mcy2opc06em33j9,Threading Work,cmq29py5u0m9z2opcijhuuyx2,cmq27k2ym07fj2opc9e0m922v,false,2026-06-06T11:26:48.684,,,
cmq29py5x0md42opc8n84ougx,Piping  Testing Work,cmq29py5u0m9z2opcijhuuyx2,cmq27k2ym07fj2opc9e0m922v,false,2026-06-06T11:26:48.684,,,
cmq29py5y0mda2opcc1p7x3yj,Balcony work,cmq29py5u0m9z2opcijhuuyx2,cm39yc7n800g92q8zpnzg0m6z,false,2026-06-06T11:26:48.684,,,
cmq29py5y0mdp2opcgmaohq7c,Fire Pipe Shaft Work,cmq29py5u0m9z2opcijhuuyx2,cmq27k2ym07fj2opc9e0m922v,false,2026-06-06T11:26:48.684,,,
cmq29py5z0mea2opcsfq0pqwt,Leveling work,cmq29py5u0m9z2opcijhuuyx2,cm39yc7n800g92q8zpnzg0m6z,false,2026-06-06T11:26:48.684,,,
cmq29py600mej2opc1glb0dux,Wall POP,cmq29py5u0m9z2opcijhuuyx2,cm39yc7n800g92q8zpnzg0m6z,false,2026-06-06T11:26:48.684,,,
cmq29py600mep2opcqk76edp4,Painting Fire Pipes,cmq29py5u0m9z2opcijhuuyx2,cmq27k2ym07fj2opc9e0m922v,false,2026-06-06T11:26:48.684,,,
cmq29py600mev2opceslqb0qo,Ceiling work,cmq29py5u0m9z2opcijhuuyx2,cm39yc7n800g92q8zpnzg0m6z,false,2026-06-06T11:26:48.684,,,
cmq29py610mf72opcqth1bgf4,Granite work,cmq29py5u0m9z2opcijhuuyx2,cm39yc7n800g92q8zpnzg0m6z,false,2026-06-06T11:26:48.684,,,
cmq29py620mfm2opcokejhrep,Tile work,cmq29py5u0m9z2opcijhuuyx2,cm39yc7n800g92q8zpnzg0m6z,false,2026-06-06T11:26:48.684,,,
cmq29py620mfv2opciukgrc6h,Washroom Work,cmq29py5u0m9z2opcijhuuyx2,cm39yc7n800g92q8zpnzg0m6z,false,2026-06-06T11:26:48.684,,,
cmq29py630mg72opc1nq7rnaa,Servant toilet work,cmq29py5u0m9z2opcijhuuyx2,cm39yc7n800g92q8zpnzg0m6z,false,2026-06-06T11:26:48.684,,,
cmq29py630mgg2opc8va7cfgp,Handover stage,cmq29py5u0m9z2opcijhuuyx2,cmq27k2ym07fj2opc9e0m922v,false,2026-06-06T11:26:48.684,,,
cmq29py630mgp2opcikofoz6z,Plumbing Work,cmq29py5u0m9z2opcijhuuyx2,cmq27k2ym07fj2opc9e0m922v,false,2026-06-06T11:26:48.684,,,
cmq29py640mh42opc77eoysiz,Clamping Fixing Work,cmq29py5u0m9z2opcijhuuyx2,cmq27k2ym07fj2opc9e0m922v,false,2026-06-06T11:26:48.684,,,
cmq29py640mha2opcwozqank8,Sunken Filling,cmq29py5u0m9z2opcijhuuyx2,cmq27k2ym07fj2opc9e0m922v,false,2026-06-06T11:26:48.684,,,
cmq29py650mhm2opcl57a2dyn,ventilation work,cmq29py5u0m9z2opcijhuuyx2,cmq27k2ym07fj2opc9e0m922v,false,2026-06-06T11:26:48.684,,,
cmq29py650mhv2opcuzyj8p4x,fixing,cmq29py5u0m9z2opcijhuuyx2,cmq27k2ym07fj2opc9e0m922v,false,2026-06-06T11:26:48.684,,,
cmq29py660mi72opcx1fzv3vu,Fire Hydrant installation,cmq29py5u0m9z2opcijhuuyx2,cmq27k2ym07fj2opc9e0m922v,false,2026-06-06T11:26:48.684,,,
cmq29py680mif2opc4zkivpz8,conduiting,cmq29py670mid2opctu33oxz9,cmq27k2ym07fj2opc9e0m922v,false,2026-06-06T11:26:48.684,,,
cmq29py680mio2opc6pp4isfq,Fixtures fixing work,cmq29py670mid2opctu33oxz9,cmq27k2ym07fj2opc9e0m922v,false,2026-06-06T11:26:48.684,,,
cmq29py690mj02opco799c0ed,wiring,cmq29py670mid2opctu33oxz9,cmq27k2ym07fj2opc9e0m922v,false,2026-06-06T11:26:48.684,,,
cmq29py690mji2opcsxmvn2r1,Dressing Work,cmq29py670mid2opctu33oxz9,cmq27k2ym07fj2opc9e0m922v,false,2026-06-06T11:26:48.684,,,
cmq29py690mjr2opc151lw02u,Civil work,cmq29py670mid2opctu33oxz9,cmq27k2ym07fj2opc9e0m922v,false,2026-06-06T11:26:48.684,,,
cmq29py690mjx2opcd11oycei,Base Work,cmq29py670mid2opctu33oxz9,cmq27k2ym07fj2opc9e0m922v,false,2026-06-06T11:26:48.684,,,
cmq29py690mk62opchdciegxq,Copper installation,cmq29py670mid2opctu33oxz9,cmq27k2ym07fj2opc9e0m922v,false,2026-06-06T11:26:48.684,,,
cmq29py690mkc2opccpq2ykxa,Testing work,cmq29py670mid2opctu33oxz9,cmq27k2ym07fj2opc9e0m922v,false,2026-06-06T11:26:48.684,,,
cmq29py6a0mki2opcc10esic8,Pipe Laying work,cmq29py670mid2opctu33oxz9,cmq27k2ym07fj2opc9e0m922v,false,2026-06-06T11:26:48.684,,,
cmq29py6a0mko2opc6zv2gbgf,Units installation work,cmq29py670mid2opctu33oxz9,cmq27k2ym07fj2opc9e0m922v,false,2026-06-06T11:26:48.684,,,
cmq29py6b0mkx2opczmu7yhow,Final stage of HVAC,cmq29py670mid2opctu33oxz9,cmq27k2ym07fj2opc9e0m922v,false,2026-06-06T11:26:48.684,,,
cmq29py6b0ml62opcyogjsgss,Piping  Testing Work,cmq29py670mid2opctu33oxz9,cmq27k2ym07fj2opc9e0m922v,false,2026-06-06T11:26:48.684,,,
cmq29py6b0mlc2opcrvisbhh3,Balcony work,cmq29py670mid2opctu33oxz9,cm39yc7n800g92q8zpnzg0m6z,false,2026-06-06T11:26:48.684,,,
cmq29py6e0mlr2opcfm0g74vq,Welding Work,cmq29py670mid2opctu33oxz9,cmq27k2ym07fj2opc9e0m922v,false,2026-06-06T11:26:48.684,,,
cmq29py6e0mlx2opcubs3wrqc,Threading Work,cmq29py670mid2opctu33oxz9,cmq27k2ym07fj2opc9e0m922v,false,2026-06-06T11:26:48.684,,,
cmq29py6e0mm32opcsb347tbi,Fire Pipe Shaft Work,cmq29py670mid2opctu33oxz9,cmq27k2ym07fj2opc9e0m922v,false,2026-06-06T11:26:48.684,,,
cmq29py6g0mmo2opcx2rtnfmx,Leveling work,cmq29py670mid2opctu33oxz9,cm39yc7n800g92q8zpnzg0m6z,false,2026-06-06T11:26:48.684,,,
cmq29py6h0mmx2opcx165yyaw,Wall POP,cmq29py670mid2opctu33oxz9,cm39yc7n800g92q8zpnzg0m6z,false,2026-06-06T11:26:48.684,,,
cmq29py6h0mn32opcz35acth5,Painting Fire Pipes,cmq29py670mid2opctu33oxz9,cmq27k2ym07fj2opc9e0m922v,false,2026-06-06T11:26:48.684,,,
cmq29py6h0mn92opcfopyqtpy,Ceiling work,cmq29py670mid2opctu33oxz9,cm39yc7n800g92q8zpnzg0m6z,false,2026-06-06T11:26:48.684,,,
cmq29py6i0mnl2opchbwn6c3x,Granite work,cmq29py670mid2opctu33oxz9,cm39yc7n800g92q8zpnzg0m6z,false,2026-06-06T11:26:48.684,,,
cmq29py6j0mo02opc9pr5bogb,Tile work,cmq29py670mid2opctu33oxz9,cm39yc7n800g92q8zpnzg0m6z,false,2026-06-06T11:26:48.684,,,
cmq29py6k0mo92opche9m3zlh,Washroom Work,cmq29py670mid2opctu33oxz9,cm39yc7n800g92q8zpnzg0m6z,false,2026-06-06T11:26:48.684,,,
cmq29py6k0mol2opcdqvhagkb,Servant toilet work,cmq29py670mid2opctu33oxz9,cm39yc7n800g92q8zpnzg0m6z,false,2026-06-06T11:26:48.684,,,
cmq29py6k0mou2opcdntz9ts3,Handover stage,cmq29py670mid2opctu33oxz9,cmq27k2ym07fj2opc9e0m922v,false,2026-06-06T11:26:48.684,,,
cmq29py6k0mp32opc090jrr8v,Plumbing Work,cmq29py670mid2opctu33oxz9,cmq27k2ym07fj2opc9e0m922v,false,2026-06-06T11:26:48.684,,,
cmq29py6l0mpi2opcjmmsmoal,Clamping Fixing Work,cmq29py670mid2opctu33oxz9,cmq27k2ym07fj2opc9e0m922v,false,2026-06-06T11:26:48.684,,,
cmq29py6l0mpo2opcus8pfrm3,Sunken Filling,cmq29py670mid2opctu33oxz9,cmq27k2ym07fj2opc9e0m922v,false,2026-06-06T11:26:48.684,,,
cmq29py6m0mq02opcvh4ou4l5,ventilation work,cmq29py670mid2opctu33oxz9,cmq27k2ym07fj2opc9e0m922v,false,2026-06-06T11:26:48.684,,,
cmq29py6n0mq92opcsyhscecs,fixing,cmq29py670mid2opctu33oxz9,cmq27k2ym07fj2opc9e0m922v,false,2026-06-06T11:26:48.684,,,
cmq29py6o0mql2opc2zf6g4i4,Fire Hydrant installation,cmq29py670mid2opctu33oxz9,cmq27k2ym07fj2opc9e0m922v,false,2026-06-06T11:26:48.684,,,
cmq29py6q0mqt2opcq5u5wg8g,conduiting,cmq29py6p0mqr2opcunht27pr,cmq27k2ym07fj2opc9e0m922v,false,2026-06-06T11:26:48.684,,,
cmq29py6q0mr22opcbegfjnws,Fixtures fixing work,cmq29py6p0mqr2opcunht27pr,cmq27k2ym07fj2opc9e0m922v,false,2026-06-06T11:26:48.684,,,
cmq29py6q0mre2opcdphwihlt,wiring,cmq29py6p0mqr2opcunht27pr,cmq27k2ym07fj2opc9e0m922v,false,2026-06-06T11:26:48.684,,,
cmq29py6r0mrw2opc3mzw8hiw,Dressing Work,cmq29py6p0mqr2opcunht27pr,cmq27k2ym07fj2opc9e0m922v,false,2026-06-06T11:26:48.684,,,
cmq29py6r0ms52opccopuf97h,Civil work,cmq29py6p0mqr2opcunht27pr,cmq27k2ym07fj2opc9e0m922v,false,2026-06-06T11:26:48.684,,,
cmq29py6r0msb2opc9435wi5y,Base Work,cmq29py6p0mqr2opcunht27pr,cmq27k2ym07fj2opc9e0m922v,false,2026-06-06T11:26:48.684,,,
cmq29py6r0msk2opcsdc36odt,Copper installation,cmq29py6p0mqr2opcunht27pr,cmq27k2ym07fj2opc9e0m922v,false,2026-06-06T11:26:48.684,,,
cmq29py6r0msq2opcohkg0zw2,Testing work,cmq29py6p0mqr2opcunht27pr,cmq27k2ym07fj2opc9e0m922v,false,2026-06-06T11:26:48.684,,,
cmq29py6s0msw2opcxud16c92,Units installation work,cmq29py6p0mqr2opcunht27pr,cmq27k2ym07fj2opc9e0m922v,false,2026-06-06T11:26:48.684,,,
cmq29py6s0mt52opce5nbkwaf,Final stage of HVAC,cmq29py6p0mqr2opcunht27pr,cmq27k2ym07fj2opc9e0m922v,false,2026-06-06T11:26:48.684,,,
cmq29py6s0mte2opc0qldvruf,Pipe Laying work,cmq29py6p0mqr2opcunht27pr,cmq27k2ym07fj2opc9e0m922v,false,2026-06-06T11:26:48.684,,,
cmq29py6s0mtk2opcn6idao38,Welding Work,cmq29py6p0mqr2opcunht27pr,cmq27k2ym07fj2opc9e0m922v,false,2026-06-06T11:26:48.684,,,
cmq29py6t0mtq2opc7xzuu6ne,Threading Work,cmq29py6p0mqr2opcunht27pr,cmq27k2ym07fj2opc9e0m922v,false,2026-06-06T11:26:48.684,,,
cmq29py6t0mtw2opccgmlgrw3,Piping  Testing Work,cmq29py6p0mqr2opcunht27pr,cmq27k2ym07fj2opc9e0m922v,false,2026-06-06T11:26:48.684,,,
cmq29py6t0mu22opc8ncxakc2,Balcony work,cmq29py6p0mqr2opcunht27pr,cm39yc7n800g92q8zpnzg0m6z,false,2026-06-06T11:26:48.684,,,
cmq29py6v0muh2opcvfspqcmn,Leveling work,cmq29py6p0mqr2opcunht27pr,cm39yc7n800g92q8zpnzg0m6z,false,2026-06-06T11:26:48.684,,,
cmq29py6v0muq2opcd9bnp2bk,Wall POP,cmq29py6p0mqr2opcunht27pr,cm39yc7n800g92q8zpnzg0m6z,false,2026-06-06T11:26:48.684,,,
cmq29py6v0muw2opc9be4ib0l,Painting Fire Pipes,cmq29py6p0mqr2opcunht27pr,cmq27k2ym07fj2opc9e0m922v,false,2026-06-06T11:26:48.684,,,
cmq29py6v0mv22opco51vjf2x,Ceiling work,cmq29py6p0mqr2opcunht27pr,cm39yc7n800g92q8zpnzg0m6z,false,2026-06-06T11:26:48.684,,,
cmq29py6x0mve2opco4yipq03,Granite work,cmq29py6p0mqr2opcunht27pr,cm39yc7n800g92q8zpnzg0m6z,false,2026-06-06T11:26:48.684,,,
cmq29py6y0mvt2opcdirxiiop,Fire Pipe Shaft Work,cmq29py6p0mqr2opcunht27pr,cmq27k2ym07fj2opc9e0m922v,false,2026-06-06T11:26:48.684,,,
cmq29py700mwe2opcjv32yvxi,Tile work,cmq29py6p0mqr2opcunht27pr,cm39yc7n800g92q8zpnzg0m6z,false,2026-06-06T11:26:48.684,,,
cmq29py710mwn2opcrltgvcep,Washroom Work,cmq29py6p0mqr2opcunht27pr,cm39yc7n800g92q8zpnzg0m6z,false,2026-06-06T11:26:48.684,,,
cmq29py710mwz2opcfmpeztcx,Servant toilet work,cmq29py6p0mqr2opcunht27pr,cm39yc7n800g92q8zpnzg0m6z,false,2026-06-06T11:26:48.684,,,
cmq29py720mx82opcld1ahyp8,Handover stage,cmq29py6p0mqr2opcunht27pr,cmq27k2ym07fj2opc9e0m922v,false,2026-06-06T11:26:48.684,,,
cmq29py720mxh2opc3k5z4uyb,fixing,cmq29py6p0mqr2opcunht27pr,cmq27k2ym07fj2opc9e0m922v,false,2026-06-06T11:26:48.684,,,
cmq29py720mxt2opcldg001sw,Plumbing Work,cmq29py6p0mqr2opcunht27pr,cmq27k2ym07fj2opc9e0m922v,false,2026-06-06T11:26:48.684,,,
cmq29py720my82opc0l50fzya,Clamping Fixing Work,cmq29py6p0mqr2opcunht27pr,cmq27k2ym07fj2opc9e0m922v,false,2026-06-06T11:26:48.684,,,
cmq29py720mye2opcx0qh1m0d,Sunken Filling,cmq29py6p0mqr2opcunht27pr,cmq27k2ym07fj2opc9e0m922v,false,2026-06-06T11:26:48.684,,,
cmq29py730myq2opciz755slk,ventilation work,cmq29py6p0mqr2opcunht27pr,cmq27k2ym07fj2opc9e0m922v,false,2026-06-06T11:26:48.684,,,
cmq29py730myz2opcsno11y6h,Fire Hydrant installation,cmq29py6p0mqr2opcunht27pr,cmq27k2ym07fj2opc9e0m922v,false,2026-06-06T11:26:48.684,,,
cmq29py760mz72opc8jpcic48,conduiting,cmq29py750mz52opc2707ap67,cmq27k2ym07fj2opc9e0m922v,false,2026-06-06T11:26:48.684,,,
cmq29py760mzg2opchwwrxfk6,Fixtures fixing work,cmq29py750mz52opc2707ap67,cmq27k2ym07fj2opc9e0m922v,false,2026-06-06T11:26:48.684,,,
cmq29py770mzs2opcomjatw5m,wiring,cmq29py750mz52opc2707ap67,cmq27k2ym07fj2opc9e0m922v,false,2026-06-06T11:26:48.684,,,
cmq29py770n0a2opcaobkt9nu,Dressing Work,cmq29py750mz52opc2707ap67,cmq27k2ym07fj2opc9e0m922v,false,2026-06-06T11:26:48.684,,,
cmq29py770n0j2opctu69nir0,Civil work,cmq29py750mz52opc2707ap67,cmq27k2ym07fj2opc9e0m922v,false,2026-06-06T11:26:48.684,,,
cmq29py770n0p2opcjdfx5km5,Base Work,cmq29py750mz52opc2707ap67,cmq27k2ym07fj2opc9e0m922v,false,2026-06-06T11:26:48.684,,,
cmq29py780n0y2opcg28a5lho,Copper installation,cmq29py750mz52opc2707ap67,cmq27k2ym07fj2opc9e0m922v,false,2026-06-06T11:26:48.684,,,
cmq29py780n142opcbq636koc,Testing work,cmq29py750mz52opc2707ap67,cmq27k2ym07fj2opc9e0m922v,false,2026-06-06T11:26:48.684,,,
cmq29py780n1a2opcmqri1l4q,Pipe Laying work,cmq29py750mz52opc2707ap67,cmq27k2ym07fj2opc9e0m922v,false,2026-06-06T11:26:48.684,,,
cmq29py780n1g2opcnwxuck4b,Units installation work,cmq29py750mz52opc2707ap67,cmq27k2ym07fj2opc9e0m922v,false,2026-06-06T11:26:48.684,,,
cmq29py790n1p2opcyy4arogd,Final stage of HVAC,cmq29py750mz52opc2707ap67,cmq27k2ym07fj2opc9e0m922v,false,2026-06-06T11:26:48.684,,,
cmq29py7a0n1y2opc6cqhl1uj,Piping  Testing Work,cmq29py750mz52opc2707ap67,cmq27k2ym07fj2opc9e0m922v,false,2026-06-06T11:26:48.684,,,
cmq29py7a0n242opc1dcnzs1v,Balcony work,cmq29py750mz52opc2707ap67,cm39yc7n800g92q8zpnzg0m6z,false,2026-06-06T11:26:48.684,,,
cmq29py7d0n2j2opcsheeerhi,Wall POP,cmq29py750mz52opc2707ap67,cm39yc7n800g92q8zpnzg0m6z,false,2026-06-06T11:26:48.684,,,
cmq29py7d0n2p2opch6z0s32o,Welding Work,cmq29py750mz52opc2707ap67,cmq27k2ym07fj2opc9e0m922v,false,2026-06-06T11:26:48.684,,,
cmq29py7d0n2v2opcjil5ly2m,Threading Work,cmq29py750mz52opc2707ap67,cmq27k2ym07fj2opc9e0m922v,false,2026-06-06T11:26:48.684,,,
cmq29py7e0n312opczznbgpag,Painting Fire Pipes,cmq29py750mz52opc2707ap67,cmq27k2ym07fj2opc9e0m922v,false,2026-06-06T11:26:48.684,,,
cmq29py7f0n372opcvo52v5k0,Fire Pipe Shaft Work,cmq29py750mz52opc2707ap67,cmq27k2ym07fj2opc9e0m922v,false,2026-06-06T11:26:48.684,,,
cmq29py7h0n3s2opcyh4a1itr,Leveling work,cmq29py750mz52opc2707ap67,cm39yc7n800g92q8zpnzg0m6z,false,2026-06-06T11:26:48.684,,,
cmq29py7h0n412opc4gifiidg,Ceiling work,cmq29py750mz52opc2707ap67,cm39yc7n800g92q8zpnzg0m6z,false,2026-06-06T11:26:48.684,,,
cmq29py7i0n4d2opcxq0chwzs,Granite work,cmq29py750mz52opc2707ap67,cm39yc7n800g92q8zpnzg0m6z,false,2026-06-06T11:26:48.684,,,
cmq29py7j0n4s2opccy4pf6pk,Tile work,cmq29py750mz52opc2707ap67,cm39yc7n800g92q8zpnzg0m6z,false,2026-06-06T11:26:48.684,,,
cmq29py7k0n512opc12rvbdgt,Washroom Work,cmq29py750mz52opc2707ap67,cm39yc7n800g92q8zpnzg0m6z,false,2026-06-06T11:26:48.684,,,
cmq29py7l0n5d2opcwqf6q52u,Servant toilet work,cmq29py750mz52opc2707ap67,cm39yc7n800g92q8zpnzg0m6z,false,2026-06-06T11:26:48.684,,,
cmq29py7l0n5m2opc3tgzr6mg,Handover stage,cmq29py750mz52opc2707ap67,cmq27k2ym07fj2opc9e0m922v,false,2026-06-06T11:26:48.684,,,
cmq29py7l0n5v2opczd9uzv73,Plumbing Work,cmq29py750mz52opc2707ap67,cmq27k2ym07fj2opc9e0m922v,false,2026-06-06T11:26:48.684,,,
cmq29py7m0n6a2opcrp37m9vq,Clamping Fixing Work,cmq29py750mz52opc2707ap67,cmq27k2ym07fj2opc9e0m922v,false,2026-06-06T11:26:48.684,,,
cmq29py7m0n6g2opcn977gu9u,Sunken Filling,cmq29py750mz52opc2707ap67,cmq27k2ym07fj2opc9e0m922v,false,2026-06-06T11:26:48.684,,,
cmq29py7n0n6s2opc6d0jivll,ventilation work,cmq29py750mz52opc2707ap67,cmq27k2ym07fj2opc9e0m922v,false,2026-06-06T11:26:48.684,,,
cmq29py7n0n712opc64inkbxf,fixing,cmq29py750mz52opc2707ap67,cmq27k2ym07fj2opc9e0m922v,false,2026-06-06T11:26:48.684,,,
cmq29py7o0n7d2opcd2zbvhkh,Fire Hydrant installation,cmq29py750mz52opc2707ap67,cmq27k2ym07fj2opc9e0m922v,false,2026-06-06T11:26:48.684,,,
cmq29py7q0n7l2opcpav1ex21,conduiting,cmq29py7p0n7j2opc1rbemil9,cmq27k2ym07fj2opc9e0m922v,false,2026-06-06T11:26:48.684,,,
cmq29py7q0n7u2opcwhluh812,Fixtures fixing work,cmq29py7p0n7j2opc1rbemil9,cmq27k2ym07fj2opc9e0m922v,false,2026-06-06T11:26:48.684,,,
cmq29py7r0n862opcmw3tahi0,wiring,cmq29py7p0n7j2opc1rbemil9,cmq27k2ym07fj2opc9e0m922v,false,2026-06-06T11:26:48.684,,,
cmq29py7r0n8o2opc0bxqlla4,Dressing Work,cmq29py7p0n7j2opc1rbemil9,cmq27k2ym07fj2opc9e0m922v,false,2026-06-06T11:26:48.684,,,
cmq29py7r0n8x2opc059wbtcr,Civil work,cmq29py7p0n7j2opc1rbemil9,cmq27k2ym07fj2opc9e0m922v,false,2026-06-06T11:26:48.684,,,
cmq29py7r0n932opcw69wf4hc,Base Work,cmq29py7p0n7j2opc1rbemil9,cmq27k2ym07fj2opc9e0m922v,false,2026-06-06T11:26:48.684,,,
cmq29py7r0n9c2opc9wlqe5hz,Copper installation,cmq29py7p0n7j2opc1rbemil9,cmq27k2ym07fj2opc9e0m922v,false,2026-06-06T11:26:48.684,,,
cmq29py7s0n9i2opc6ateiug9,Testing work,cmq29py7p0n7j2opc1rbemil9,cmq27k2ym07fj2opc9e0m922v,false,2026-06-06T11:26:48.684,,,
cmq29py7s0n9o2opcworzv15x,Pipe Laying work,cmq29py7p0n7j2opc1rbemil9,cmq27k2ym07fj2opc9e0m922v,false,2026-06-06T11:26:48.684,,,
cmq29py7s0n9u2opck9eqesuo,Units installation work,cmq29py7p0n7j2opc1rbemil9,cmq27k2ym07fj2opc9e0m922v,false,2026-06-06T11:26:48.684,,,
cmq29py7s0na32opcdk74bgql,Final stage of HVAC,cmq29py7p0n7j2opc1rbemil9,cmq27k2ym07fj2opc9e0m922v,false,2026-06-06T11:26:48.684,,,
cmq29py7s0nac2opcyafolmw5,Welding Work,cmq29py7p0n7j2opc1rbemil9,cmq27k2ym07fj2opc9e0m922v,false,2026-06-06T11:26:48.684,,,
cmq29py7s0nai2opcgis6cbed,Threading Work,cmq29py7p0n7j2opc1rbemil9,cmq27k2ym07fj2opc9e0m922v,false,2026-06-06T11:26:48.684,,,
cmq29py7s0nao2opchftvji0r,Piping  Testing Work,cmq29py7p0n7j2opc1rbemil9,cmq27k2ym07fj2opc9e0m922v,false,2026-06-06T11:26:48.684,,,
cmq29py7s0nau2opcydwt5c8u,Balcony work,cmq29py7p0n7j2opc1rbemil9,cm39yc7n800g92q8zpnzg0m6z,false,2026-06-06T11:26:48.684,,,
cmq29py7u0nb92opcw2l2zv6y,Fire Pipe Shaft Work,cmq29py7p0n7j2opc1rbemil9,cmq27k2ym07fj2opc9e0m922v,false,2026-06-06T11:26:48.684,,,
cmq29py7v0nbu2opcmq50gn3r,Leveling work,cmq29py7p0n7j2opc1rbemil9,cm39yc7n800g92q8zpnzg0m6z,false,2026-06-06T11:26:48.684,,,
cmq29py7w0nc32opc5blpgeax,Wall POP,cmq29py7p0n7j2opc1rbemil9,cm39yc7n800g92q8zpnzg0m6z,false,2026-06-06T11:26:48.684,,,
cmq29py7w0nc92opcdg1ug7y5,Painting Fire Pipes,cmq29py7p0n7j2opc1rbemil9,cmq27k2ym07fj2opc9e0m922v,false,2026-06-06T11:26:48.684,,,
cmq29py7w0ncf2opc02a0ytmg,Ceiling work,cmq29py7p0n7j2opc1rbemil9,cm39yc7n800g92q8zpnzg0m6z,false,2026-06-06T11:26:48.684,,,
cmq29py7x0ncr2opc05tcuhzy,Granite work,cmq29py7p0n7j2opc1rbemil9,cm39yc7n800g92q8zpnzg0m6z,false,2026-06-06T11:26:48.684,,,
cmq29py7z0nd62opcrvt28o7z,Tile work,cmq29py7p0n7j2opc1rbemil9,cm39yc7n800g92q8zpnzg0m6z,false,2026-06-06T11:26:48.684,,,
cmq29py7z0ndf2opcdhc8tmyv,Washroom Work,cmq29py7p0n7j2opc1rbemil9,cm39yc7n800g92q8zpnzg0m6z,false,2026-06-06T11:26:48.684,,,
cmq29py800ndr2opcutvgq1qz,Servant toilet work,cmq29py7p0n7j2opc1rbemil9,cm39yc7n800g92q8zpnzg0m6z,false,2026-06-06T11:26:48.684,,,
cmq29py800ne02opcpw0e6pdp,Handover stage,cmq29py7p0n7j2opc1rbemil9,cmq27k2ym07fj2opc9e0m922v,false,2026-06-06T11:26:48.684,,,
cmq29py800ne92opc5h86p5jq,Plumbing Work,cmq29py7p0n7j2opc1rbemil9,cmq27k2ym07fj2opc9e0m922v,false,2026-06-06T11:26:48.684,,,
cmq29py830neo2opceplzi17i,Clamping Fixing Work,cmq29py7p0n7j2opc1rbemil9,cmq27k2ym07fj2opc9e0m922v,false,2026-06-06T11:26:48.684,,,
cmq29py830neu2opcerxlbvfb,Sunken Filling,cmq29py7p0n7j2opc1rbemil9,cmq27k2ym07fj2opc9e0m922v,false,2026-06-06T11:26:48.684,,,
cmq29py830nf62opcuxyv5jmf,ventilation work,cmq29py7p0n7j2opc1rbemil9,cmq27k2ym07fj2opc9e0m922v,false,2026-06-06T11:26:48.684,,,
cmq29py830nff2opci39w3smf,fixing,cmq29py7p0n7j2opc1rbemil9,cmq27k2ym07fj2opc9e0m922v,false,2026-06-06T11:26:48.684,,,
cmq29py840nfr2opcfzyraesy,Fire Hydrant installation,cmq29py7p0n7j2opc1rbemil9,cmq27k2ym07fj2opc9e0m922v,false,2026-06-06T11:26:48.684,,,
cmq29py860nfz2opcokeuzyd2,conduiting,cmq29py850nfx2opclpkccagy,cmq27k2ym07fj2opc9e0m922v,false,2026-06-06T11:26:48.684,,,
cmq29py860ng82opc7hueaxfh,Fixtures fixing work,cmq29py850nfx2opclpkccagy,cmq27k2ym07fj2opc9e0m922v,false,2026-06-06T11:26:48.684,,,
cmq29py870ngk2opcr3ms4kh1,wiring,cmq29py850nfx2opclpkccagy,cmq27k2ym07fj2opc9e0m922v,false,2026-06-06T11:26:48.684,,,
cmq29py870nh22opcffgw7hlp,Dressing Work,cmq29py850nfx2opclpkccagy,cmq27k2ym07fj2opc9e0m922v,false,2026-06-06T11:26:48.684,,,
cmq29py870nhb2opcq25q3lvg,Civil work,cmq29py850nfx2opclpkccagy,cmq27k2ym07fj2opc9e0m922v,false,2026-06-06T11:26:48.684,,,
cmq29py870nhh2opcikchsqz4,Base Work,cmq29py850nfx2opclpkccagy,cmq27k2ym07fj2opc9e0m922v,false,2026-06-06T11:26:48.684,,,
cmq29py870nhq2opcyvyrw8fv,Copper installation,cmq29py850nfx2opclpkccagy,cmq27k2ym07fj2opc9e0m922v,false,2026-06-06T11:26:48.684,,,
cmq29py880nhw2opci17132ox,Testing work,cmq29py850nfx2opclpkccagy,cmq27k2ym07fj2opc9e0m922v,false,2026-06-06T11:26:48.684,,,
cmq29py880ni22opc93ds5od0,Pipe Laying work,cmq29py850nfx2opclpkccagy,cmq27k2ym07fj2opc9e0m922v,false,2026-06-06T11:26:48.684,,,
cmq29py880ni82opclxarhls2,Units installation work,cmq29py850nfx2opclpkccagy,cmq27k2ym07fj2opc9e0m922v,false,2026-06-06T11:26:48.684,,,
cmq29py880nih2opc5j697edj,Final stage of HVAC,cmq29py850nfx2opclpkccagy,cmq27k2ym07fj2opc9e0m922v,false,2026-06-06T11:26:48.684,,,
cmq29py890niq2opcsu3jz4y6,Piping  Testing Work,cmq29py850nfx2opclpkccagy,cmq27k2ym07fj2opc9e0m922v,false,2026-06-06T11:26:48.684,,,
cmq29py890niw2opc4admcg95,Balcony work,cmq29py850nfx2opclpkccagy,cm39yc7n800g92q8zpnzg0m6z,false,2026-06-06T11:26:48.684,,,
cmq29py8b0njb2opciabpcg3q,Welding Work,cmq29py850nfx2opclpkccagy,cmq27k2ym07fj2opc9e0m922v,false,2026-06-06T11:26:48.684,,,
cmq29py8b0njh2opcxwy0zvrc,Threading Work,cmq29py850nfx2opclpkccagy,cmq27k2ym07fj2opc9e0m922v,false,2026-06-06T11:26:48.684,,,
cmq29py8b0njn2opcqutzvsjn,Fire Pipe Shaft Work,cmq29py850nfx2opclpkccagy,cmq27k2ym07fj2opc9e0m922v,false,2026-06-06T11:26:48.684,,,
cmq29py8e0nk82opcktc7h2er,Leveling work,cmq29py850nfx2opclpkccagy,cm39yc7n800g92q8zpnzg0m6z,false,2026-06-06T11:26:48.684,,,
cmq29py8e0nkh2opc888u1otk,Wall POP,cmq29py850nfx2opclpkccagy,cm39yc7n800g92q8zpnzg0m6z,false,2026-06-06T11:26:48.684,,,
cmq29py8f0nkn2opc3mcjha04,Painting Fire Pipes,cmq29py850nfx2opclpkccagy,cmq27k2ym07fj2opc9e0m922v,false,2026-06-06T11:26:48.684,,,
cmq29py8f0nkt2opcauqt5y69,Ceiling work,cmq29py850nfx2opclpkccagy,cm39yc7n800g92q8zpnzg0m6z,false,2026-06-06T11:26:48.684,,,
cmq29py8f0nl52opcvim5bb64,Granite work,cmq29py850nfx2opclpkccagy,cm39yc7n800g92q8zpnzg0m6z,false,2026-06-06T11:26:48.684,,,
cmq29py8f0nlk2opckjw2lwch,Tile work,cmq29py850nfx2opclpkccagy,cm39yc7n800g92q8zpnzg0m6z,false,2026-06-06T11:26:48.684,,,
cmq29py8g0nlt2opcw4owen8y,Washroom Work,cmq29py850nfx2opclpkccagy,cm39yc7n800g92q8zpnzg0m6z,false,2026-06-06T11:26:48.684,,,
cmq29py8h0nm52opc9bfxcjit,Servant toilet work,cmq29py850nfx2opclpkccagy,cm39yc7n800g92q8zpnzg0m6z,false,2026-06-06T11:26:48.684,,,
cmq29py8h0nme2opcueqal9f6,Handover stage,cmq29py850nfx2opclpkccagy,cmq27k2ym07fj2opc9e0m922v,false,2026-06-06T11:26:48.684,,,
cmq29py8h0nmn2opcrvhzw957,Plumbing Work,cmq29py850nfx2opclpkccagy,cmq27k2ym07fj2opc9e0m922v,false,2026-06-06T11:26:48.684,,,
cmq29py8i0nn22opcse1lso1c,Clamping Fixing Work,cmq29py850nfx2opclpkccagy,cmq27k2ym07fj2opc9e0m922v,false,2026-06-06T11:26:48.684,,,
cmq29py8j0nn82opcat307rgq,Sunken Filling,cmq29py850nfx2opclpkccagy,cmq27k2ym07fj2opc9e0m922v,false,2026-06-06T11:26:48.684,,,
cmq29py8j0nnk2opczsrvl0ez,ventilation work,cmq29py850nfx2opclpkccagy,cmq27k2ym07fj2opc9e0m922v,false,2026-06-06T11:26:48.684,,,
cmq29py8j0nnt2opci5mfzg1u,fixing,cmq29py850nfx2opclpkccagy,cmq27k2ym07fj2opc9e0m922v,false,2026-06-06T11:26:48.684,,,
cmq29py8l0no52opczmopvvpf,Fire Hydrant installation,cmq29py850nfx2opclpkccagy,cmq27k2ym07fj2opc9e0m922v,false,2026-06-06T11:26:48.684,,,
cmq29py8o0nod2opczb7jvjc8,conduiting,cmq29py8m0nob2opcpc9usbko,cmq27k2ym07fj2opc9e0m922v,false,2026-06-06T11:26:48.684,,,
cmq29py8o0nom2opc90g7znd8,Fixtures fixing work,cmq29py8m0nob2opcpc9usbko,cmq27k2ym07fj2opc9e0m922v,false,2026-06-06T11:26:48.684,,,
cmq29py8o0noy2opcj9effov5,wiring,cmq29py8m0nob2opcpc9usbko,cmq27k2ym07fj2opc9e0m922v,false,2026-06-06T11:26:48.684,,,
cmq29py8p0npg2opcabdt0u4f,Dressing Work,cmq29py8m0nob2opcpc9usbko,cmq27k2ym07fj2opc9e0m922v,false,2026-06-06T11:26:48.684,,,
cmq29py8p0npp2opccnvls34l,Civil work,cmq29py8m0nob2opcpc9usbko,cmq27k2ym07fj2opc9e0m922v,false,2026-06-06T11:26:48.684,,,
cmq29py8p0npv2opcq5etyetp,Base Work,cmq29py8m0nob2opcpc9usbko,cmq27k2ym07fj2opc9e0m922v,false,2026-06-06T11:26:48.684,,,
cmq29py8p0nq42opcnr11hb9w,Copper installation,cmq29py8m0nob2opcpc9usbko,cmq27k2ym07fj2opc9e0m922v,false,2026-06-06T11:26:48.684,,,
cmq29py8p0nqa2opcuzq0rchp,Testing work,cmq29py8m0nob2opcpc9usbko,cmq27k2ym07fj2opc9e0m922v,false,2026-06-06T11:26:48.684,,,
cmq29py8p0nqg2opcueq0wdv7,Units installation work,cmq29py8m0nob2opcpc9usbko,cmq27k2ym07fj2opc9e0m922v,false,2026-06-06T11:26:48.684,,,
cmq29py8p0nqp2opcj9yd9knj,Final stage of HVAC,cmq29py8m0nob2opcpc9usbko,cmq27k2ym07fj2opc9e0m922v,false,2026-06-06T11:26:48.684,,,
cmq29py8q0nqy2opc1z81up9r,Pipe Laying work,cmq29py8m0nob2opcpc9usbko,cmq27k2ym07fj2opc9e0m922v,false,2026-06-06T11:26:48.684,,,
cmq29py8q0nr42opc8yco1drh,Welding Work,cmq29py8m0nob2opcpc9usbko,cmq27k2ym07fj2opc9e0m922v,false,2026-06-06T11:26:48.684,,,
cmq29py8q0nra2opcwl1zb1ie,Threading Work,cmq29py8m0nob2opcpc9usbko,cmq27k2ym07fj2opc9e0m922v,false,2026-06-06T11:26:48.684,,,
cmq29py8q0nrg2opcctnk5dby,Piping  Testing Work,cmq29py8m0nob2opcpc9usbko,cmq27k2ym07fj2opc9e0m922v,false,2026-06-06T11:26:48.684,,,
cmq29py8q0nrm2opcywyzappi,Balcony work,cmq29py8m0nob2opcpc9usbko,cm39yc7n800g92q8zpnzg0m6z,false,2026-06-06T11:26:48.684,,,
cmq29py8r0ns12opc75kxs3ys,Leveling work,cmq29py8m0nob2opcpc9usbko,cm39yc7n800g92q8zpnzg0m6z,false,2026-06-06T11:26:48.684,,,
cmq29py8r0nsa2opcq8pehbzr,Wall POP,cmq29py8m0nob2opcpc9usbko,cm39yc7n800g92q8zpnzg0m6z,false,2026-06-06T11:26:48.684,,,
cmq29py8s0nsg2opcez4si1pn,Painting Fire Pipes,cmq29py8m0nob2opcpc9usbko,cmq27k2ym07fj2opc9e0m922v,false,2026-06-06T11:26:48.684,,,
cmq29py8t0nsm2opcndno928h,Ceiling work,cmq29py8m0nob2opcpc9usbko,cm39yc7n800g92q8zpnzg0m6z,false,2026-06-06T11:26:48.684,,,
cmq29py8u0nsy2opcsxyic4wi,Granite work,cmq29py8m0nob2opcpc9usbko,cm39yc7n800g92q8zpnzg0m6z,false,2026-06-06T11:26:48.684,,,
cmq29py8v0ntd2opc00llzuzd,Fire Pipe Shaft Work,cmq29py8m0nob2opcpc9usbko,cmq27k2ym07fj2opc9e0m922v,false,2026-06-06T11:26:48.684,,,
cmq29py8x0nty2opcj2728jcf,Tile work,cmq29py8m0nob2opcpc9usbko,cm39yc7n800g92q8zpnzg0m6z,false,2026-06-06T11:26:48.684,,,
cmq29py8x0nu72opcgollkg65,Washroom Work,cmq29py8m0nob2opcpc9usbko,cm39yc7n800g92q8zpnzg0m6z,false,2026-06-06T11:26:48.684,,,
cmq29py8x0nuj2opc5s5so63p,Servant toilet work,cmq29py8m0nob2opcpc9usbko,cm39yc7n800g92q8zpnzg0m6z,false,2026-06-06T11:26:48.684,,,
cmq29py8y0nus2opc8j7c1oqi,Handover stage,cmq29py8m0nob2opcpc9usbko,cmq27k2ym07fj2opc9e0m922v,false,2026-06-06T11:26:48.684,,,
cmq29py8z0nv12opcmqwb74ma,fixing,cmq29py8m0nob2opcpc9usbko,cmq27k2ym07fj2opc9e0m922v,false,2026-06-06T11:26:48.684,,,
cmq29py900nvd2opc44p921xj,Plumbing Work,cmq29py8m0nob2opcpc9usbko,cmq27k2ym07fj2opc9e0m922v,false,2026-06-06T11:26:48.684,,,
cmq29py910nvs2opc5gbiecqs,Clamping Fixing Work,cmq29py8m0nob2opcpc9usbko,cmq27k2ym07fj2opc9e0m922v,false,2026-06-06T11:26:48.684,,,
cmq29py910nvy2opcg2ubnrzq,Sunken Filling,cmq29py8m0nob2opcpc9usbko,cmq27k2ym07fj2opc9e0m922v,false,2026-06-06T11:26:48.684,,,
cmq29py920nwa2opcbf0v1nnt,ventilation work,cmq29py8m0nob2opcpc9usbko,cmq27k2ym07fj2opc9e0m922v,false,2026-06-06T11:26:48.684,,,
cmq29py920nwj2opc9gairgpy,Fire Hydrant installation,cmq29py8m0nob2opcpc9usbko,cmq27k2ym07fj2opc9e0m922v,false,2026-06-06T11:26:48.684,,,
cmq29py940nwr2opcqq82176u,conduiting,cmq29py930nwp2opcomte7osf,cmq27k2ym07fj2opc9e0m922v,false,2026-06-06T11:26:48.684,,,
cmq29py940nx02opcukkuc6ij,Fixtures fixing work,cmq29py930nwp2opcomte7osf,cmq27k2ym07fj2opc9e0m922v,false,2026-06-06T11:26:48.684,,,
cmq29py950nxc2opcxe44y2bg,wiring,cmq29py930nwp2opcomte7osf,cmq27k2ym07fj2opc9e0m922v,false,2026-06-06T11:26:48.684,,,
cmq29py950nxu2opcqin87o1d,Dressing Work,cmq29py930nwp2opcomte7osf,cmq27k2ym07fj2opc9e0m922v,false,2026-06-06T11:26:48.684,,,
cmq29py950ny32opcb26se2ut,Civil work,cmq29py930nwp2opcomte7osf,cmq27k2ym07fj2opc9e0m922v,false,2026-06-06T11:26:48.684,,,
cmq29py950ny92opcqugf5rqj,Base Work,cmq29py930nwp2opcomte7osf,cmq27k2ym07fj2opc9e0m922v,false,2026-06-06T11:26:48.684,,,
cmq29py950nyi2opcdw7cfnlm,Copper installation,cmq29py930nwp2opcomte7osf,cmq27k2ym07fj2opc9e0m922v,false,2026-06-06T11:26:48.684,,,
cmq29py950nyo2opcj8qbhqce,Testing work,cmq29py930nwp2opcomte7osf,cmq27k2ym07fj2opc9e0m922v,false,2026-06-06T11:26:48.684,,,
cmq29py960nyu2opcslandw2x,Pipe Laying work,cmq29py930nwp2opcomte7osf,cmq27k2ym07fj2opc9e0m922v,false,2026-06-06T11:26:48.684,,,
cmq29py960nz02opcy7xsz2l5,Units installation work,cmq29py930nwp2opcomte7osf,cmq27k2ym07fj2opc9e0m922v,false,2026-06-06T11:26:48.684,,,
cmq29py960nz92opcw7a9ufzc,Final stage of HVAC,cmq29py930nwp2opcomte7osf,cmq27k2ym07fj2opc9e0m922v,false,2026-06-06T11:26:48.684,,,
cmq29py970nzi2opcco73kxwc,Piping  Testing Work,cmq29py930nwp2opcomte7osf,cmq27k2ym07fj2opc9e0m922v,false,2026-06-06T11:26:48.684,,,
cmq29py970nzo2opca1q3n75t,Balcony work,cmq29py930nwp2opcomte7osf,cm39yc7n800g92q8zpnzg0m6z,false,2026-06-06T11:26:48.684,,,
cmq29py980o032opc79fd9q30,Wall POP,cmq29py930nwp2opcomte7osf,cm39yc7n800g92q8zpnzg0m6z,false,2026-06-06T11:26:48.684,,,
cmq29py980o092opcnr608nti,Welding Work,cmq29py930nwp2opcomte7osf,cmq27k2ym07fj2opc9e0m922v,false,2026-06-06T11:26:48.684,,,
cmq29py980o0f2opc67kq6x2q,Threading Work,cmq29py930nwp2opcomte7osf,cmq27k2ym07fj2opc9e0m922v,false,2026-06-06T11:26:48.684,,,
cmq29py980o0l2opcr5mlqg1t,Painting Fire Pipes,cmq29py930nwp2opcomte7osf,cmq27k2ym07fj2opc9e0m922v,false,2026-06-06T11:26:48.684,,,
cmq29py990o0r2opc31srr1ld,Fire Pipe Shaft Work,cmq29py930nwp2opcomte7osf,cmq27k2ym07fj2opc9e0m922v,false,2026-06-06T11:26:48.684,,,
cmq29py9b0o1c2opc1vpfmip7,Leveling work,cmq29py930nwp2opcomte7osf,cm39yc7n800g92q8zpnzg0m6z,false,2026-06-06T11:26:48.684,,,
cmq29py9b0o1l2opcbtmpq91c,Ceiling work,cmq29py930nwp2opcomte7osf,cm39yc7n800g92q8zpnzg0m6z,false,2026-06-06T11:26:48.684,,,
cmq29py9c0o1x2opcyvld5pi9,Granite work,cmq29py930nwp2opcomte7osf,cm39yc7n800g92q8zpnzg0m6z,false,2026-06-06T11:26:48.684,,,
cmq29py9d0o2c2opc3yhs53ou,Tile work,cmq29py930nwp2opcomte7osf,cm39yc7n800g92q8zpnzg0m6z,false,2026-06-06T11:26:48.684,,,
cmq29py9e0o2l2opcdobhqc72,Washroom Work,cmq29py930nwp2opcomte7osf,cm39yc7n800g92q8zpnzg0m6z,false,2026-06-06T11:26:48.684,,,
cmq29py9e0o2x2opctvdq06v3,Servant toilet work,cmq29py930nwp2opcomte7osf,cm39yc7n800g92q8zpnzg0m6z,false,2026-06-06T11:26:48.684,,,
cmq29py9f0o362opc9ki35y7d,Handover stage,cmq29py930nwp2opcomte7osf,cmq27k2ym07fj2opc9e0m922v,false,2026-06-06T11:26:48.684,,,
cmq29py9f0o3f2opc5icpznhm,Plumbing Work,cmq29py930nwp2opcomte7osf,cmq27k2ym07fj2opc9e0m922v,false,2026-06-06T11:26:48.684,,,
cmq29py9h0o3u2opcfvp74egs,Clamping Fixing Work,cmq29py930nwp2opcomte7osf,cmq27k2ym07fj2opc9e0m922v,false,2026-06-06T11:26:48.684,,,
cmq29py9h0o402opc3iydc7es,Sunken Filling,cmq29py930nwp2opcomte7osf,cmq27k2ym07fj2opc9e0m922v,false,2026-06-06T11:26:48.684,,,
cmq29py9i0o4c2opcpxsr09cj,ventilation work,cmq29py930nwp2opcomte7osf,cmq27k2ym07fj2opc9e0m922v,false,2026-06-06T11:26:48.684,,,
cmq29py9i0o4l2opc9g3s1k72,fixing,cmq29py930nwp2opcomte7osf,cmq27k2ym07fj2opc9e0m922v,false,2026-06-06T11:26:48.684,,,
cmq29py9j0o4x2opcxa5jpg49,Fire Hydrant installation,cmq29py930nwp2opcomte7osf,cmq27k2ym07fj2opc9e0m922v,false,2026-06-06T11:26:48.684,,,
cmq29py9m0o552opcjb3cw3ws,conduiting,cmq29py9k0o532opc14tignjl,cmq27k2ym07fj2opc9e0m922v,false,2026-06-06T11:26:48.684,,,
cmq29py9m0o5e2opc0x1d9c7x,Fixtures fixing work,cmq29py9k0o532opc14tignjl,cmq27k2ym07fj2opc9e0m922v,false,2026-06-06T11:26:48.684,,,
cmq29py9m0o5q2opcv89jzeru,wiring,cmq29py9k0o532opc14tignjl,cmq27k2ym07fj2opc9e0m922v,false,2026-06-06T11:26:48.684,,,
cmq29py9n0o682opcio1vu2q0,Dressing Work,cmq29py9k0o532opc14tignjl,cmq27k2ym07fj2opc9e0m922v,false,2026-06-06T11:26:48.684,,,
cmq29py9n0o6h2opcs5xdfnvt,Civil work,cmq29py9k0o532opc14tignjl,cmq27k2ym07fj2opc9e0m922v,false,2026-06-06T11:26:48.684,,,
cmq29py9n0o6n2opcayx32hij,Base Work,cmq29py9k0o532opc14tignjl,cmq27k2ym07fj2opc9e0m922v,false,2026-06-06T11:26:48.684,,,
cmq29py9n0o6w2opcmnsruq7s,Copper installation,cmq29py9k0o532opc14tignjl,cmq27k2ym07fj2opc9e0m922v,false,2026-06-06T11:26:48.684,,,
cmq29py9n0o722opcpie3jsg1,Testing work,cmq29py9k0o532opc14tignjl,cmq27k2ym07fj2opc9e0m922v,false,2026-06-06T11:26:48.684,,,
cmq29py9n0o782opcbuv7gky0,Pipe Laying work,cmq29py9k0o532opc14tignjl,cmq27k2ym07fj2opc9e0m922v,false,2026-06-06T11:26:48.684,,,
cmq29py9n0o7e2opctyga462v,Units installation work,cmq29py9k0o532opc14tignjl,cmq27k2ym07fj2opc9e0m922v,false,2026-06-06T11:26:48.684,,,
cmq29py9o0o7n2opc6cpkrupz,Final stage of HVAC,cmq29py9k0o532opc14tignjl,cmq27k2ym07fj2opc9e0m922v,false,2026-06-06T11:26:48.684,,,
cmq29py9o0o7w2opcl59znjxm,Welding Work,cmq29py9k0o532opc14tignjl,cmq27k2ym07fj2opc9e0m922v,false,2026-06-06T11:26:48.684,,,
cmq29py9o0o822opc6b4g5hmn,Threading Work,cmq29py9k0o532opc14tignjl,cmq27k2ym07fj2opc9e0m922v,false,2026-06-06T11:26:48.684,,,
cmq29py9o0o882opcrjpdpjmw,Piping  Testing Work,cmq29py9k0o532opc14tignjl,cmq27k2ym07fj2opc9e0m922v,false,2026-06-06T11:26:48.684,,,
cmq29py9o0o8e2opc5hlh4kfr,Balcony work,cmq29py9k0o532opc14tignjl,cm39yc7n800g92q8zpnzg0m6z,false,2026-06-06T11:26:48.684,,,
cmq29py9r0o8t2opc2dtn36vg,Fire Pipe Shaft Work,cmq29py9k0o532opc14tignjl,cmq27k2ym07fj2opc9e0m922v,false,2026-06-06T11:26:48.684,,,
cmq29py9s0o9e2opcb9tid553,Leveling work,cmq29py9k0o532opc14tignjl,cm39yc7n800g92q8zpnzg0m6z,false,2026-06-06T11:26:48.684,,,
cmq29py9s0o9n2opc13muqx6e,Wall POP,cmq29py9k0o532opc14tignjl,cm39yc7n800g92q8zpnzg0m6z,false,2026-06-06T11:26:48.684,,,
cmq29py9t0o9t2opccfbohde5,Painting Fire Pipes,cmq29py9k0o532opc14tignjl,cmq27k2ym07fj2opc9e0m922v,false,2026-06-06T11:26:48.684,,,
cmq29py9t0o9z2opcke84d7os,Ceiling work,cmq29py9k0o532opc14tignjl,cm39yc7n800g92q8zpnzg0m6z,false,2026-06-06T11:26:48.684,,,
cmq29py9t0oab2opc986uwqsw,Granite work,cmq29py9k0o532opc14tignjl,cm39yc7n800g92q8zpnzg0m6z,false,2026-06-06T11:26:48.684,,,
cmq29py9u0oaq2opciv9yzgo5,Tile work,cmq29py9k0o532opc14tignjl,cm39yc7n800g92q8zpnzg0m6z,false,2026-06-06T11:26:48.684,,,
cmq29py9u0oaz2opcbm9zd90z,Washroom Work,cmq29py9k0o532opc14tignjl,cm39yc7n800g92q8zpnzg0m6z,false,2026-06-06T11:26:48.684,,,
cmq29py9v0obb2opcgn0kihlo,Servant toilet work,cmq29py9k0o532opc14tignjl,cm39yc7n800g92q8zpnzg0m6z,false,2026-06-06T11:26:48.684,,,
cmq29py9v0obk2opclf9soiap,Handover stage,cmq29py9k0o532opc14tignjl,cmq27k2ym07fj2opc9e0m922v,false,2026-06-06T11:26:48.684,,,
cmq29py9w0obt2opcm96t9zaz,Plumbing Work,cmq29py9k0o532opc14tignjl,cmq27k2ym07fj2opc9e0m922v,false,2026-06-06T11:26:48.684,,,
cmq29py9y0oc82opcr15lzczn,Clamping Fixing Work,cmq29py9k0o532opc14tignjl,cmq27k2ym07fj2opc9e0m922v,false,2026-06-06T11:26:48.684,,,
cmq29py9z0oce2opc2a9f5ibj,Sunken Filling,cmq29py9k0o532opc14tignjl,cmq27k2ym07fj2opc9e0m922v,false,2026-06-06T11:26:48.684,,,
cmq29py9z0ocq2opcjpb6icuq,ventilation work,cmq29py9k0o532opc14tignjl,cmq27k2ym07fj2opc9e0m922v,false,2026-06-06T11:26:48.684,,,
cmq29py9z0ocz2opcm3r81fj1,fixing,cmq29py9k0o532opc14tignjl,cmq27k2ym07fj2opc9e0m922v,false,2026-06-06T11:26:48.684,,,
cmq29pya10odb2opctiad7v0p,Fire Hydrant installation,cmq29py9k0o532opc14tignjl,cmq27k2ym07fj2opc9e0m922v,false,2026-06-06T11:26:48.684,,,
cmq29pya30odj2opcihl0iyll,conduiting,cmq29pya20odh2opcf7wkqvat,cmq27k2ym07fj2opc9e0m922v,false,2026-06-06T11:26:48.684,,,
cmq29pya40ods2opcfbuxfv34,Fixtures fixing work,cmq29pya20odh2opcf7wkqvat,cmq27k2ym07fj2opc9e0m922v,false,2026-06-06T11:26:48.684,,,
cmq29pya40oe42opcise2col8,wiring,cmq29pya20odh2opcf7wkqvat,cmq27k2ym07fj2opc9e0m922v,false,2026-06-06T11:26:48.684,,,
cmq29pya40oem2opcq1tmp7x6,Dressing Work,cmq29pya20odh2opcf7wkqvat,cmq27k2ym07fj2opc9e0m922v,false,2026-06-06T11:26:48.684,,,
cmq29pya40oev2opc5hcy0grh,Civil work,cmq29pya20odh2opcf7wkqvat,cmq27k2ym07fj2opc9e0m922v,false,2026-06-06T11:26:48.684,,,
cmq29pya40of12opcnvqkfa4i,Base Work,cmq29pya20odh2opcf7wkqvat,cmq27k2ym07fj2opc9e0m922v,false,2026-06-06T11:26:48.684,,,
cmq29pya50ofa2opcomytfg5k,Copper installation,cmq29pya20odh2opcf7wkqvat,cmq27k2ym07fj2opc9e0m922v,false,2026-06-06T11:26:48.684,,,
cmq29pya50ofg2opcto290gl5,Testing work,cmq29pya20odh2opcf7wkqvat,cmq27k2ym07fj2opc9e0m922v,false,2026-06-06T11:26:48.684,,,
cmq29pya50ofm2opcf3nty8ax,Pipe Laying work,cmq29pya20odh2opcf7wkqvat,cmq27k2ym07fj2opc9e0m922v,false,2026-06-06T11:26:48.684,,,
cmq29pya50ofs2opc6amcvdot,Units installation work,cmq29pya20odh2opcf7wkqvat,cmq27k2ym07fj2opc9e0m922v,false,2026-06-06T11:26:48.684,,,
cmq29pya50og12opcamokeb75,Final stage of HVAC,cmq29pya20odh2opcf7wkqvat,cmq27k2ym07fj2opc9e0m922v,false,2026-06-06T11:26:48.684,,,
cmq29pya50oga2opc1fmu8xic,Piping  Testing Work,cmq29pya20odh2opcf7wkqvat,cmq27k2ym07fj2opc9e0m922v,false,2026-06-06T11:26:48.684,,,
cmq29pya60ogg2opc1awsd72m,Balcony work,cmq29pya20odh2opcf7wkqvat,cm39yc7n800g92q8zpnzg0m6z,false,2026-06-06T11:26:48.684,,,
cmq29pya60ogv2opcw2s9xhkd,Welding Work,cmq29pya20odh2opcf7wkqvat,cmq27k2ym07fj2opc9e0m922v,false,2026-06-06T11:26:48.684,,,
cmq29pya60oh12opc982rt28f,Threading Work,cmq29pya20odh2opcf7wkqvat,cmq27k2ym07fj2opc9e0m922v,false,2026-06-06T11:26:48.684,,,
cmq29pya70oh72opc3873ujaf,Fire Pipe Shaft Work,cmq29pya20odh2opcf7wkqvat,cmq27k2ym07fj2opc9e0m922v,false,2026-06-06T11:26:48.684,,,
cmq29pya90ohs2opcrb6qjzo5,Leveling work,cmq29pya20odh2opcf7wkqvat,cm39yc7n800g92q8zpnzg0m6z,false,2026-06-06T11:26:48.684,,,
cmq29pya90oi12opckr4k92xi,Wall POP,cmq29pya20odh2opcf7wkqvat,cm39yc7n800g92q8zpnzg0m6z,false,2026-06-06T11:26:48.684,,,
cmq29pya90oi72opcadau8ijz,Painting Fire Pipes,cmq29pya20odh2opcf7wkqvat,cmq27k2ym07fj2opc9e0m922v,false,2026-06-06T11:26:48.684,,,
cmq29pya90oid2opcvpcj2pl6,Ceiling work,cmq29pya20odh2opcf7wkqvat,cm39yc7n800g92q8zpnzg0m6z,false,2026-06-06T11:26:48.684,,,
cmq29pyaa0oip2opcbog64j8o,Granite work,cmq29pya20odh2opcf7wkqvat,cm39yc7n800g92q8zpnzg0m6z,false,2026-06-06T11:26:48.684,,,
cmq29pyac0oj42opc7d2297ti,Tile work,cmq29pya20odh2opcf7wkqvat,cm39yc7n800g92q8zpnzg0m6z,false,2026-06-06T11:26:48.684,,,
cmq29pyac0ojd2opcavxeu6xy,Washroom Work,cmq29pya20odh2opcf7wkqvat,cm39yc7n800g92q8zpnzg0m6z,false,2026-06-06T11:26:48.684,,,
cmq29pyac0ojp2opcphs3k2gl,Servant toilet work,cmq29pya20odh2opcf7wkqvat,cm39yc7n800g92q8zpnzg0m6z,false,2026-06-06T11:26:48.684,,,
cmq29pyac0ojy2opcv1oyu908,Handover stage,cmq29pya20odh2opcf7wkqvat,cmq27k2ym07fj2opc9e0m922v,false,2026-06-06T11:26:48.684,,,
cmq29pyac0ok72opcjirsq7zv,Plumbing Work,cmq29pya20odh2opcf7wkqvat,cmq27k2ym07fj2opc9e0m922v,false,2026-06-06T11:26:48.684,,,
cmq29pyad0okm2opcxh6q9oz1,Clamping Fixing Work,cmq29pya20odh2opcf7wkqvat,cmq27k2ym07fj2opc9e0m922v,false,2026-06-06T11:26:48.684,,,
cmq29pyad0oks2opc7levfzhc,Sunken Filling,cmq29pya20odh2opcf7wkqvat,cmq27k2ym07fj2opc9e0m922v,false,2026-06-06T11:26:48.684,,,
cmq29pyad0ol42opcjexoplvb,ventilation work,cmq29pya20odh2opcf7wkqvat,cmq27k2ym07fj2opc9e0m922v,false,2026-06-06T11:26:48.684,,,
cmq29pyad0old2opctoxs8vo7,fixing,cmq29pya20odh2opcf7wkqvat,cmq27k2ym07fj2opc9e0m922v,false,2026-06-06T11:26:48.684,,,
cmq29pyae0olp2opcnilc5yn5,Fire Hydrant installation,cmq29pya20odh2opcf7wkqvat,cmq27k2ym07fj2opc9e0m922v,false,2026-06-06T11:26:48.684,,,
cmq29pyah0olx2opcoje0dnck,conduiting,cmq29pyaf0olv2opc2mdvee3l,cmq27k2ym07fj2opc9e0m922v,false,2026-06-06T11:26:48.684,,,
cmq29pyah0om62opcd1c8bys1,Fixtures fixing work,cmq29pyaf0olv2opc2mdvee3l,cmq27k2ym07fj2opc9e0m922v,false,2026-06-06T11:26:48.684,,,
cmq29pyah0omi2opcgom2xmwj,wiring,cmq29pyaf0olv2opc2mdvee3l,cmq27k2ym07fj2opc9e0m922v,false,2026-06-06T11:26:48.684,,,
cmq29pyah0on02opcppad6ekj,Dressing Work,cmq29pyaf0olv2opc2mdvee3l,cmq27k2ym07fj2opc9e0m922v,false,2026-06-06T11:26:48.684,,,
cmq29pyai0on92opcjmvlsrz6,Civil work,cmq29pyaf0olv2opc2mdvee3l,cmq27k2ym07fj2opc9e0m922v,false,2026-06-06T11:26:48.684,,,
cmq29pyai0onf2opcntejwzye,Base Work,cmq29pyaf0olv2opc2mdvee3l,cmq27k2ym07fj2opc9e0m922v,false,2026-06-06T11:26:48.684,,,
cmq29pyai0ono2opc2vl9cko7,Copper installation,cmq29pyaf0olv2opc2mdvee3l,cmq27k2ym07fj2opc9e0m922v,false,2026-06-06T11:26:48.684,,,
cmq29pyai0onu2opc6w1lsus8,Testing work,cmq29pyaf0olv2opc2mdvee3l,cmq27k2ym07fj2opc9e0m922v,false,2026-06-06T11:26:48.684,,,
cmq29pyai0oo02opcyyaif2zk,Units installation work,cmq29pyaf0olv2opc2mdvee3l,cmq27k2ym07fj2opc9e0m922v,false,2026-06-06T11:26:48.684,,,
cmq29pyai0oo92opc3pne9wgy,Final stage of HVAC,cmq29pyaf0olv2opc2mdvee3l,cmq27k2ym07fj2opc9e0m922v,false,2026-06-06T11:26:48.684,,,
cmq29pyai0ooi2opcaukccs3n,Pipe Laying work,cmq29pyaf0olv2opc2mdvee3l,cmq27k2ym07fj2opc9e0m922v,false,2026-06-06T11:26:48.684,,,
cmq29pyai0ooo2opcdd6nihdc,Welding Work,cmq29pyaf0olv2opc2mdvee3l,cmq27k2ym07fj2opc9e0m922v,false,2026-06-06T11:26:48.684,,,
cmq29pyaj0oou2opc8p3fx9j4,Threading Work,cmq29pyaf0olv2opc2mdvee3l,cmq27k2ym07fj2opc9e0m922v,false,2026-06-06T11:26:48.684,,,
cmq29pyaj0op02opcq6jihpep,Piping  Testing Work,cmq29pyaf0olv2opc2mdvee3l,cmq27k2ym07fj2opc9e0m922v,false,2026-06-06T11:26:48.684,,,
cmq29pyak0op62opcx3ut5512,Balcony work,cmq29pyaf0olv2opc2mdvee3l,cm39yc7n800g92q8zpnzg0m6z,false,2026-06-06T11:26:48.684,,,
cmq29pyam0opl2opcvuodc555,Leveling work,cmq29pyaf0olv2opc2mdvee3l,cm39yc7n800g92q8zpnzg0m6z,false,2026-06-06T11:26:48.684,,,
cmq29pyam0opu2opc8ngwo8l5,Wall POP,cmq29pyaf0olv2opc2mdvee3l,cm39yc7n800g92q8zpnzg0m6z,false,2026-06-06T11:26:48.684,,,
cmq29pyam0oq02opcvct7tmxv,Painting Fire Pipes,cmq29pyaf0olv2opc2mdvee3l,cmq27k2ym07fj2opc9e0m922v,false,2026-06-06T11:26:48.684,,,
cmq29pyan0oq62opcdjemntng,Ceiling work,cmq29pyaf0olv2opc2mdvee3l,cm39yc7n800g92q8zpnzg0m6z,false,2026-06-06T11:26:48.684,,,
cmq29pyan0oqi2opcpewn94sk,Granite work,cmq29pyaf0olv2opc2mdvee3l,cm39yc7n800g92q8zpnzg0m6z,false,2026-06-06T11:26:48.684,,,
cmq29pyan0oqx2opc332l2c3i,Fire Pipe Shaft Work,cmq29pyaf0olv2opc2mdvee3l,cmq27k2ym07fj2opc9e0m922v,false,2026-06-06T11:26:48.684,,,
cmq29pyao0ori2opc4x44rutl,Tile work,cmq29pyaf0olv2opc2mdvee3l,cm39yc7n800g92q8zpnzg0m6z,false,2026-06-06T11:26:48.684,,,
cmq29pyap0orr2opchsvre3g8,Washroom Work,cmq29pyaf0olv2opc2mdvee3l,cm39yc7n800g92q8zpnzg0m6z,false,2026-06-06T11:26:48.684,,,
cmq29pyap0os32opc4mgfx2gy,Servant toilet work,cmq29pyaf0olv2opc2mdvee3l,cm39yc7n800g92q8zpnzg0m6z,false,2026-06-06T11:26:48.684,,,
cmq29pyap0osc2opczkls9uh1,Handover stage,cmq29pyaf0olv2opc2mdvee3l,cmq27k2ym07fj2opc9e0m922v,false,2026-06-06T11:26:48.684,,,
cmq29pyap0osl2opcc9gdcnkl,fixing,cmq29pyaf0olv2opc2mdvee3l,cmq27k2ym07fj2opc9e0m922v,false,2026-06-06T11:26:48.684,,,
cmq29pyaq0osx2opc05u52ll4,Plumbing Work,cmq29pyaf0olv2opc2mdvee3l,cmq27k2ym07fj2opc9e0m922v,false,2026-06-06T11:26:48.684,,,
cmq29pyaq0otc2opclxnzyz96,Clamping Fixing Work,cmq29pyaf0olv2opc2mdvee3l,cmq27k2ym07fj2opc9e0m922v,false,2026-06-06T11:26:48.684,,,
cmq29pyaq0oti2opcxwlagsy5,Sunken Filling,cmq29pyaf0olv2opc2mdvee3l,cmq27k2ym07fj2opc9e0m922v,false,2026-06-06T11:26:48.684,,,
cmq29pyar0otu2opc48a6apqb,ventilation work,cmq29pyaf0olv2opc2mdvee3l,cmq27k2ym07fj2opc9e0m922v,false,2026-06-06T11:26:48.684,,,
cmq29pyar0ou32opch00xf5vp,Fire Hydrant installation,cmq29pyaf0olv2opc2mdvee3l,cmq27k2ym07fj2opc9e0m922v,false,2026-06-06T11:26:48.684,,,
cmq29pyat0oub2opc0x2scqxn,conduiting,cmq29pyas0ou92opc8j5xzg2r,cmq27k2ym07fj2opc9e0m922v,false,2026-06-06T11:26:48.684,,,
cmq29pyat0ouk2opcwtcyiyws,Fixtures fixing work,cmq29pyas0ou92opc8j5xzg2r,cmq27k2ym07fj2opc9e0m922v,false,2026-06-06T11:26:48.684,,,
cmq29pyau0ouw2opcsxetzpne,wiring,cmq29pyas0ou92opc8j5xzg2r,cmq27k2ym07fj2opc9e0m922v,false,2026-06-06T11:26:48.684,,,
cmq29pyau0ove2opcb2f229hx,Dressing Work,cmq29pyas0ou92opc8j5xzg2r,cmq27k2ym07fj2opc9e0m922v,false,2026-06-06T11:26:48.684,,,
cmq29pyau0ovn2opcfzhlqav3,Civil work,cmq29pyas0ou92opc8j5xzg2r,cmq27k2ym07fj2opc9e0m922v,false,2026-06-06T11:26:48.684,,,
cmq29pyau0ovt2opcfc2b6053,Base Work,cmq29pyas0ou92opc8j5xzg2r,cmq27k2ym07fj2opc9e0m922v,false,2026-06-06T11:26:48.684,,,
cmq29pyau0ow22opcjrhncrrl,Copper installation,cmq29pyas0ou92opc8j5xzg2r,cmq27k2ym07fj2opc9e0m922v,false,2026-06-06T11:26:48.684,,,
cmq29pyau0ow82opcfncjfp4l,Testing work,cmq29pyas0ou92opc8j5xzg2r,cmq27k2ym07fj2opc9e0m922v,false,2026-06-06T11:26:48.684,,,
cmq29pyav0owe2opc1d68bq9w,Pipe Laying work,cmq29pyas0ou92opc8j5xzg2r,cmq27k2ym07fj2opc9e0m922v,false,2026-06-06T11:26:48.684,,,
cmq29pyav0owk2opce6zmpu6h,Units installation work,cmq29pyas0ou92opc8j5xzg2r,cmq27k2ym07fj2opc9e0m922v,false,2026-06-06T11:26:48.684,,,
cmq29pyav0owt2opc9c7qrcwq,Final stage of HVAC,cmq29pyas0ou92opc8j5xzg2r,cmq27k2ym07fj2opc9e0m922v,false,2026-06-06T11:26:48.684,,,
cmq29pyav0ox22opcegkf9a9f,Piping  Testing Work,cmq29pyas0ou92opc8j5xzg2r,cmq27k2ym07fj2opc9e0m922v,false,2026-06-06T11:26:48.684,,,
cmq29pyav0ox82opcy54r5fp5,Balcony work,cmq29pyas0ou92opc8j5xzg2r,cm39yc7n800g92q8zpnzg0m6z,false,2026-06-06T11:26:48.684,,,
cmq29pyaw0oxn2opcr3vad6el,Welding Work,cmq29pyas0ou92opc8j5xzg2r,cmq27k2ym07fj2opc9e0m922v,false,2026-06-06T11:26:48.684,,,
cmq29pyaw0oxt2opcga12vq0z,Threading Work,cmq29pyas0ou92opc8j5xzg2r,cmq27k2ym07fj2opc9e0m922v,false,2026-06-06T11:26:48.684,,,
cmq29pyaw0oxz2opc4qf7xm5w,Fire Pipe Shaft Work,cmq29pyas0ou92opc8j5xzg2r,cmq27k2ym07fj2opc9e0m922v,false,2026-06-06T11:26:48.684,,,
cmq29pyaw0oyk2opcxx0atr8x,Leveling work,cmq29pyas0ou92opc8j5xzg2r,cm39yc7n800g92q8zpnzg0m6z,false,2026-06-06T11:26:48.684,,,
cmq29pyax0oyt2opc45svp2q2,Wall POP,cmq29pyas0ou92opc8j5xzg2r,cm39yc7n800g92q8zpnzg0m6z,false,2026-06-06T11:26:48.684,,,
cmq29pyax0oyz2opc58bsllbi,Painting Fire Pipes,cmq29pyas0ou92opc8j5xzg2r,cmq27k2ym07fj2opc9e0m922v,false,2026-06-06T11:26:48.684,,,
cmq29pyax0oz52opcaqyakli4,Ceiling work,cmq29pyas0ou92opc8j5xzg2r,cm39yc7n800g92q8zpnzg0m6z,false,2026-06-06T11:26:48.684,,,
cmq29pyax0ozh2opcm8mi7lqj,Granite work,cmq29pyas0ou92opc8j5xzg2r,cm39yc7n800g92q8zpnzg0m6z,false,2026-06-06T11:26:48.684,,,
cmq29pyax0ozw2opcld1kaqw6,Tile work,cmq29pyas0ou92opc8j5xzg2r,cm39yc7n800g92q8zpnzg0m6z,false,2026-06-06T11:26:48.684,,,
cmq29pyay0p052opcgnkvc51f,Washroom Work,cmq29pyas0ou92opc8j5xzg2r,cm39yc7n800g92q8zpnzg0m6z,false,2026-06-06T11:26:48.684,,,
cmq29pyay0p0h2opc1q5u61ks,Servant toilet work,cmq29pyas0ou92opc8j5xzg2r,cm39yc7n800g92q8zpnzg0m6z,false,2026-06-06T11:26:48.684,,,
cmq29pyay0p0q2opcb8z6cx2j,Handover stage,cmq29pyas0ou92opc8j5xzg2r,cmq27k2ym07fj2opc9e0m922v,false,2026-06-06T11:26:48.684,,,
cmq29pyay0p0z2opcutr7sr9u,Plumbing Work,cmq29pyas0ou92opc8j5xzg2r,cmq27k2ym07fj2opc9e0m922v,false,2026-06-06T11:26:48.684,,,
cmq29pyaz0p1e2opcangojjbk,Clamping Fixing Work,cmq29pyas0ou92opc8j5xzg2r,cmq27k2ym07fj2opc9e0m922v,false,2026-06-06T11:26:48.684,,,
cmq29pyaz0p1k2opcqs6hgarq,Sunken Filling,cmq29pyas0ou92opc8j5xzg2r,cmq27k2ym07fj2opc9e0m922v,false,2026-06-06T11:26:48.684,,,
cmq29pyaz0p1w2opccjvl6ibm,ventilation work,cmq29pyas0ou92opc8j5xzg2r,cmq27k2ym07fj2opc9e0m922v,false,2026-06-06T11:26:48.684,,,
cmq29pyaz0p252opc1p8rkbya,fixing,cmq29pyas0ou92opc8j5xzg2r,cmq27k2ym07fj2opc9e0m922v,false,2026-06-06T11:26:48.684,,,
cmq29pyaz0p2h2opcz5xsauht,Fire Hydrant installation,cmq29pyas0ou92opc8j5xzg2r,cmq27k2ym07fj2opc9e0m922v,false,2026-06-06T11:26:48.684,,,
cmq29pyb20p2p2opc1kyjlrwc,conduiting,cmq29pyb00p2n2opcr5jqmkip,cmq27k2ym07fj2opc9e0m922v,false,2026-06-06T11:26:48.684,,,
cmq29pyb20p2y2opca78n1i9l,Fixtures fixing work,cmq29pyb00p2n2opcr5jqmkip,cmq27k2ym07fj2opc9e0m922v,false,2026-06-06T11:26:48.684,,,
cmq29pyb20p3a2opc1hze4lu5,wiring,cmq29pyb00p2n2opcr5jqmkip,cmq27k2ym07fj2opc9e0m922v,false,2026-06-06T11:26:48.684,,,
cmq29pyb20p3s2opcro32yiro,Dressing Work,cmq29pyb00p2n2opcr5jqmkip,cmq27k2ym07fj2opc9e0m922v,false,2026-06-06T11:26:48.684,,,
cmq29pyb30p412opc8s64qufs,Civil work,cmq29pyb00p2n2opcr5jqmkip,cmq27k2ym07fj2opc9e0m922v,false,2026-06-06T11:26:48.684,,,
cmq29pyb30p472opcytpzgz49,Base Work,cmq29pyb00p2n2opcr5jqmkip,cmq27k2ym07fj2opc9e0m922v,false,2026-06-06T11:26:48.684,,,
cmq29pyb30p4g2opcqq582b3h,Copper installation,cmq29pyb00p2n2opcr5jqmkip,cmq27k2ym07fj2opc9e0m922v,false,2026-06-06T11:26:48.684,,,
cmq29pyb30p4m2opcx6fg77lx,Testing work,cmq29pyb00p2n2opcr5jqmkip,cmq27k2ym07fj2opc9e0m922v,false,2026-06-06T11:26:48.684,,,
cmq29pyb30p4s2opcs6km6h18,Units installation work,cmq29pyb00p2n2opcr5jqmkip,cmq27k2ym07fj2opc9e0m922v,false,2026-06-06T11:26:48.684,,,
cmq29pyb30p512opcm0h79eww,Final stage of HVAC,cmq29pyb00p2n2opcr5jqmkip,cmq27k2ym07fj2opc9e0m922v,false,2026-06-06T11:26:48.684,,,
cmq29pyb30p5a2opckas5pyu4,Pipe Laying work,cmq29pyb00p2n2opcr5jqmkip,cmq27k2ym07fj2opc9e0m922v,false,2026-06-06T11:26:48.684,,,
cmq29pyb40p5g2opcia7b79zo,Welding Work,cmq29pyb00p2n2opcr5jqmkip,cmq27k2ym07fj2opc9e0m922v,false,2026-06-06T11:26:48.684,,,
cmq29pyb40p5m2opcvo3zvviu,Threading Work,cmq29pyb00p2n2opcr5jqmkip,cmq27k2ym07fj2opc9e0m922v,false,2026-06-06T11:26:48.684,,,
cmq29pyb40p5s2opco31esxqt,Piping  Testing Work,cmq29pyb00p2n2opcr5jqmkip,cmq27k2ym07fj2opc9e0m922v,false,2026-06-06T11:26:48.684,,,
cmq29pyb40p5y2opc94yx9mp3,Balcony work,cmq29pyb00p2n2opcr5jqmkip,cm39yc7n800g92q8zpnzg0m6z,false,2026-06-06T11:26:48.684,,,
cmq29pyb40p6d2opc9evrkpuz,Leveling work,cmq29pyb00p2n2opcr5jqmkip,cm39yc7n800g92q8zpnzg0m6z,false,2026-06-06T11:26:48.684,,,
cmq29pyb50p6m2opcftzprfzl,Wall POP,cmq29pyb00p2n2opcr5jqmkip,cm39yc7n800g92q8zpnzg0m6z,false,2026-06-06T11:26:48.684,,,
cmq29pyb50p6s2opcdfruhmlz,Painting Fire Pipes,cmq29pyb00p2n2opcr5jqmkip,cmq27k2ym07fj2opc9e0m922v,false,2026-06-06T11:26:48.684,,,
cmq29pyb50p6y2opcezoi4trn,Ceiling work,cmq29pyb00p2n2opcr5jqmkip,cm39yc7n800g92q8zpnzg0m6z,false,2026-06-06T11:26:48.684,,,
cmq29pyb50p7a2opcil93352z,Granite work,cmq29pyb00p2n2opcr5jqmkip,cm39yc7n800g92q8zpnzg0m6z,false,2026-06-06T11:26:48.684,,,
cmq29pyb60p7p2opcyynjwpou,Fire Pipe Shaft Work,cmq29pyb00p2n2opcr5jqmkip,cmq27k2ym07fj2opc9e0m922v,false,2026-06-06T11:26:48.684,,,
cmq29pyb60p8a2opc6ldgicy0,Tile work,cmq29pyb00p2n2opcr5jqmkip,cm39yc7n800g92q8zpnzg0m6z,false,2026-06-06T11:26:48.684,,,
cmq29pyb70p8j2opcjbphx2op,Washroom Work,cmq29pyb00p2n2opcr5jqmkip,cm39yc7n800g92q8zpnzg0m6z,false,2026-06-06T11:26:48.684,,,
cmq29pyb70p8v2opctfaajofj,Servant toilet work,cmq29pyb00p2n2opcr5jqmkip,cm39yc7n800g92q8zpnzg0m6z,false,2026-06-06T11:26:48.684,,,
cmq29pyb70p942opcuzkqs1qx,Handover stage,cmq29pyb00p2n2opcr5jqmkip,cmq27k2ym07fj2opc9e0m922v,false,2026-06-06T11:26:48.684,,,
cmq29pyb70p9d2opcmy6gwv2e,fixing,cmq29pyb00p2n2opcr5jqmkip,cmq27k2ym07fj2opc9e0m922v,false,2026-06-06T11:26:48.684,,,
cmq29pyb80p9p2opc8b4l7zf6,Plumbing Work,cmq29pyb00p2n2opcr5jqmkip,cmq27k2ym07fj2opc9e0m922v,false,2026-06-06T11:26:48.684,,,
cmq29pyb90pa42opce8wdszyn,Clamping Fixing Work,cmq29pyb00p2n2opcr5jqmkip,cmq27k2ym07fj2opc9e0m922v,false,2026-06-06T11:26:48.684,,,
cmq29pyb90paa2opcq3ili0yo,Sunken Filling,cmq29pyb00p2n2opcr5jqmkip,cmq27k2ym07fj2opc9e0m922v,false,2026-06-06T11:26:48.684,,,
cmq29pyb90pam2opc7ii59w90,ventilation work,cmq29pyb00p2n2opcr5jqmkip,cmq27k2ym07fj2opc9e0m922v,false,2026-06-06T11:26:48.684,,,
cmq29pyba0pav2opcefdejt6p,Fire Hydrant installation,cmq29pyb00p2n2opcr5jqmkip,cmq27k2ym07fj2opc9e0m922v,false,2026-06-06T11:26:48.684,,,
cmq29pybc0pb32opc234ycff1,conduiting,cmq29pybb0pb12opcmv7ee6ly,cmq27k2ym07fj2opc9e0m922v,false,2026-06-06T11:26:48.684,,,
cmq29pybc0pbc2opcdtaf31vm,Fixtures fixing work,cmq29pybb0pb12opcmv7ee6ly,cmq27k2ym07fj2opc9e0m922v,false,2026-06-06T11:26:48.684,,,
cmq29pybc0pbo2opcepo5uykr,wiring,cmq29pybb0pb12opcmv7ee6ly,cmq27k2ym07fj2opc9e0m922v,false,2026-06-06T11:26:48.684,,,
cmq29pybd0pc62opcc04bk5id,Dressing Work,cmq29pybb0pb12opcmv7ee6ly,cmq27k2ym07fj2opc9e0m922v,false,2026-06-06T11:26:48.684,,,
cmq29pybd0pcf2opclh8u5bm1,Civil work,cmq29pybb0pb12opcmv7ee6ly,cmq27k2ym07fj2opc9e0m922v,false,2026-06-06T11:26:48.684,,,
cmq29pybd0pcl2opcj7rab7fu,Base Work,cmq29pybb0pb12opcmv7ee6ly,cmq27k2ym07fj2opc9e0m922v,false,2026-06-06T11:26:48.684,,,
cmq29pybd0pcu2opcaokwe935,Copper installation,cmq29pybb0pb12opcmv7ee6ly,cmq27k2ym07fj2opc9e0m922v,false,2026-06-06T11:26:48.684,,,
cmq29pybd0pd02opcjx62stjk,Testing work,cmq29pybb0pb12opcmv7ee6ly,cmq27k2ym07fj2opc9e0m922v,false,2026-06-06T11:26:48.684,,,
cmq29pybd0pd62opcsg8d9d8q,Pipe Laying work,cmq29pybb0pb12opcmv7ee6ly,cmq27k2ym07fj2opc9e0m922v,false,2026-06-06T11:26:48.684,,,
cmq29pybd0pdc2opcjednwy3r,Units installation work,cmq29pybb0pb12opcmv7ee6ly,cmq27k2ym07fj2opc9e0m922v,false,2026-06-06T11:26:48.684,,,
cmq29pybe0pdl2opcucscmyto,Final stage of HVAC,cmq29pybb0pb12opcmv7ee6ly,cmq27k2ym07fj2opc9e0m922v,false,2026-06-06T11:26:48.684,,,
cmq29pybe0pdu2opc6b9is0nc,Welding Work,cmq29pybb0pb12opcmv7ee6ly,cmq27k2ym07fj2opc9e0m922v,false,2026-06-06T11:26:48.684,,,
cmq29pybe0pe02opcbj1quu78,Threading Work,cmq29pybb0pb12opcmv7ee6ly,cmq27k2ym07fj2opc9e0m922v,false,2026-06-06T11:26:48.684,,,
cmq29pybe0pe62opctccpnjy5,Piping  Testing Work,cmq29pybb0pb12opcmv7ee6ly,cmq27k2ym07fj2opc9e0m922v,false,2026-06-06T11:26:48.684,,,
cmq29pybe0pec2opcdqqohczs,Balcony work,cmq29pybb0pb12opcmv7ee6ly,cm39yc7n800g92q8zpnzg0m6z,false,2026-06-06T11:26:48.684,,,
cmq29pybf0per2opcbp1i2oow,Fire Pipe Shaft Work,cmq29pybb0pb12opcmv7ee6ly,cmq27k2ym07fj2opc9e0m922v,false,2026-06-06T11:26:48.684,,,
cmq29pybf0pfc2opcuhlec85g,Leveling work,cmq29pybb0pb12opcmv7ee6ly,cm39yc7n800g92q8zpnzg0m6z,false,2026-06-06T11:26:48.684,,,
cmq29pybg0pfl2opctmpsj2ju,Wall POP,cmq29pybb0pb12opcmv7ee6ly,cm39yc7n800g92q8zpnzg0m6z,false,2026-06-06T11:26:48.684,,,
cmq29pybg0pfr2opcvfic6r5d,Painting Fire Pipes,cmq29pybb0pb12opcmv7ee6ly,cmq27k2ym07fj2opc9e0m922v,false,2026-06-06T11:26:48.684,,,
cmq29pybg0pfx2opcln0mm9ta,Ceiling work,cmq29pybb0pb12opcmv7ee6ly,cm39yc7n800g92q8zpnzg0m6z,false,2026-06-06T11:26:48.684,,,
cmq29pybg0pg92opc1yp7bnfn,Granite work,cmq29pybb0pb12opcmv7ee6ly,cm39yc7n800g92q8zpnzg0m6z,false,2026-06-06T11:26:48.684,,,
cmq29pybg0pgo2opc3q7ql6bu,Tile work,cmq29pybb0pb12opcmv7ee6ly,cm39yc7n800g92q8zpnzg0m6z,false,2026-06-06T11:26:48.684,,,
cmq29pybh0pgx2opc73l8fv65,Washroom Work,cmq29pybb0pb12opcmv7ee6ly,cm39yc7n800g92q8zpnzg0m6z,false,2026-06-06T11:26:48.684,,,
cmq29pybh0ph92opcgc2s2g74,Servant toilet work,cmq29pybb0pb12opcmv7ee6ly,cm39yc7n800g92q8zpnzg0m6z,false,2026-06-06T11:26:48.684,,,
cmq29pybh0phi2opcdy1rkmf4,Handover stage,cmq29pybb0pb12opcmv7ee6ly,cmq27k2ym07fj2opc9e0m922v,false,2026-06-06T11:26:48.684,,,
cmq29pybh0phr2opc6gg10q6t,Plumbing Work,cmq29pybb0pb12opcmv7ee6ly,cmq27k2ym07fj2opc9e0m922v,false,2026-06-06T11:26:48.684,,,
cmq29pybi0pi62opc4v4h8snz,Clamping Fixing Work,cmq29pybb0pb12opcmv7ee6ly,cmq27k2ym07fj2opc9e0m922v,false,2026-06-06T11:26:48.684,,,
cmq29pybi0pic2opck211d2tt,Sunken Filling,cmq29pybb0pb12opcmv7ee6ly,cmq27k2ym07fj2opc9e0m922v,false,2026-06-06T11:26:48.684,,,
cmq29pybi0pio2opcm2pzob37,ventilation work,cmq29pybb0pb12opcmv7ee6ly,cmq27k2ym07fj2opc9e0m922v,false,2026-06-06T11:26:48.684,,,
cmq29pybi0pix2opcsfn1z8wc,fixing,cmq29pybb0pb12opcmv7ee6ly,cmq27k2ym07fj2opc9e0m922v,false,2026-06-06T11:26:48.684,,,
cmq29pybi0pj92opcdm3jv7dc,Fire Hydrant installation,cmq29pybb0pb12opcmv7ee6ly,cmq27k2ym07fj2opc9e0m922v,false,2026-06-06T11:26:48.684,,,
cmq29pybl0pjh2opcyqc19jb6,conduiting,cmq29pybj0pjf2opcycqzxdea,cmq27k2ym07fj2opc9e0m922v,false,2026-06-06T11:26:48.684,,,
cmq29pybl0pjq2opctxm5pxxj,Fixtures fixing work,cmq29pybj0pjf2opcycqzxdea,cmq27k2ym07fj2opc9e0m922v,false,2026-06-06T11:26:48.684,,,
cmq29pybl0pk22opcwlz8pdtw,wiring,cmq29pybj0pjf2opcycqzxdea,cmq27k2ym07fj2opc9e0m922v,false,2026-06-06T11:26:48.684,,,
cmq29pybl0pkk2opcdhtbanc4,Dressing Work,cmq29pybj0pjf2opcycqzxdea,cmq27k2ym07fj2opc9e0m922v,false,2026-06-06T11:26:48.684,,,
cmq29pybm0pkt2opc81ww9j1a,Civil work,cmq29pybj0pjf2opcycqzxdea,cmq27k2ym07fj2opc9e0m922v,false,2026-06-06T11:26:48.684,,,
cmq29pybm0pkz2opcz3mjoohv,Base Work,cmq29pybj0pjf2opcycqzxdea,cmq27k2ym07fj2opc9e0m922v,false,2026-06-06T11:26:48.684,,,
cmq29pybm0pl82opcouhe0lmy,Copper installation,cmq29pybj0pjf2opcycqzxdea,cmq27k2ym07fj2opc9e0m922v,false,2026-06-06T11:26:48.684,,,
cmq29pybm0ple2opckm0328lq,Testing work,cmq29pybj0pjf2opcycqzxdea,cmq27k2ym07fj2opc9e0m922v,false,2026-06-06T11:26:48.684,,,
cmq29pybm0plk2opcflvcdaip,Units installation work,cmq29pybj0pjf2opcycqzxdea,cmq27k2ym07fj2opc9e0m922v,false,2026-06-06T11:26:48.684,,,
cmq29pybm0plt2opcldtckx2s,Final stage of HVAC,cmq29pybj0pjf2opcycqzxdea,cmq27k2ym07fj2opc9e0m922v,false,2026-06-06T11:26:48.684,,,
cmq29pybm0pm22opccgkhhbef,Pipe Laying work,cmq29pybj0pjf2opcycqzxdea,cmq27k2ym07fj2opc9e0m922v,false,2026-06-06T11:26:48.684,,,
cmq29pybm0pm82opcjq0fnb44,Welding Work,cmq29pybj0pjf2opcycqzxdea,cmq27k2ym07fj2opc9e0m922v,false,2026-06-06T11:26:48.684,,,
cmq29pybn0pme2opcpddka7ui,Threading Work,cmq29pybj0pjf2opcycqzxdea,cmq27k2ym07fj2opc9e0m922v,false,2026-06-06T11:26:48.684,,,
cmq29pybn0pmk2opc4rs9bx5d,Piping  Testing Work,cmq29pybj0pjf2opcycqzxdea,cmq27k2ym07fj2opc9e0m922v,false,2026-06-06T11:26:48.684,,,
cmq29pybn0pmq2opcn0esaq72,Balcony work,cmq29pybj0pjf2opcycqzxdea,cm39yc7n800g92q8zpnzg0m6z,false,2026-06-06T11:26:48.684,,,
cmq29pybn0pn52opci1scvcs4,Leveling work,cmq29pybj0pjf2opcycqzxdea,cm39yc7n800g92q8zpnzg0m6z,false,2026-06-06T11:26:48.684,,,
cmq29pybo0pne2opcn4h8er4z,Wall POP,cmq29pybj0pjf2opcycqzxdea,cm39yc7n800g92q8zpnzg0m6z,false,2026-06-06T11:26:48.684,,,
cmq29pybo0pnk2opcdse7cd16,Painting Fire Pipes,cmq29pybj0pjf2opcycqzxdea,cmq27k2ym07fj2opc9e0m922v,false,2026-06-06T11:26:48.684,,,
cmq29pybo0pnq2opc91gctxb1,Ceiling work,cmq29pybj0pjf2opcycqzxdea,cm39yc7n800g92q8zpnzg0m6z,false,2026-06-06T11:26:48.684,,,
cmq29pybo0po22opcg06w0dph,Granite work,cmq29pybj0pjf2opcycqzxdea,cm39yc7n800g92q8zpnzg0m6z,false,2026-06-06T11:26:48.684,,,
cmq29pybo0poh2opcvhdmtu8x,Fire Pipe Shaft Work,cmq29pybj0pjf2opcycqzxdea,cmq27k2ym07fj2opc9e0m922v,false,2026-06-06T11:26:48.684,,,
cmq29pybp0pp22opcj5syb3zi,Tile work,cmq29pybj0pjf2opcycqzxdea,cm39yc7n800g92q8zpnzg0m6z,false,2026-06-06T11:26:48.684,,,
cmq29pybp0ppb2opcb87rppcv,Washroom Work,cmq29pybj0pjf2opcycqzxdea,cm39yc7n800g92q8zpnzg0m6z,false,2026-06-06T11:26:48.684,,,
cmq29pybp0ppn2opci72riwt7,Servant toilet work,cmq29pybj0pjf2opcycqzxdea,cm39yc7n800g92q8zpnzg0m6z,false,2026-06-06T11:26:48.684,,,
cmq29pybq0ppw2opc7mf2ffbk,Handover stage,cmq29pybj0pjf2opcycqzxdea,cmq27k2ym07fj2opc9e0m922v,false,2026-06-06T11:26:48.684,,,
cmq29pybq0pq52opc5pbcjsr4,fixing,cmq29pybj0pjf2opcycqzxdea,cmq27k2ym07fj2opc9e0m922v,false,2026-06-06T11:26:48.684,,,
cmq29pybq0pqh2opcm5se5d41,Plumbing Work,cmq29pybj0pjf2opcycqzxdea,cmq27k2ym07fj2opc9e0m922v,false,2026-06-06T11:26:48.684,,,
cmq29pybq0pqw2opcsnrvv5sb,Clamping Fixing Work,cmq29pybj0pjf2opcycqzxdea,cmq27k2ym07fj2opc9e0m922v,false,2026-06-06T11:26:48.684,,,
cmq29pybq0pr22opc1xs2gmia,Sunken Filling,cmq29pybj0pjf2opcycqzxdea,cmq27k2ym07fj2opc9e0m922v,false,2026-06-06T11:26:48.684,,,
cmq29pybr0pre2opcrqcmsj72,ventilation work,cmq29pybj0pjf2opcycqzxdea,cmq27k2ym07fj2opc9e0m922v,false,2026-06-06T11:26:48.684,,,
cmq29pybr0prn2opc1h6lzr8r,Fire Hydrant installation,cmq29pybj0pjf2opcycqzxdea,cmq27k2ym07fj2opc9e0m922v,false,2026-06-06T11:26:48.684,,,
cmq29pybt0prv2opcl9mnvny5,conduiting,cmq29pybs0prt2opctzz56u0d,cmq27k2ym07fj2opc9e0m922v,false,2026-06-06T11:26:48.684,,,
cmq29pybt0ps42opcfzu5h4ec,Fixtures fixing work,cmq29pybs0prt2opctzz56u0d,cmq27k2ym07fj2opc9e0m922v,false,2026-06-06T11:26:48.684,,,
cmq29pybu0psg2opcx3lbx1ed,wiring,cmq29pybs0prt2opctzz56u0d,cmq27k2ym07fj2opc9e0m922v,false,2026-06-06T11:26:48.684,,,
cmq29pybu0psy2opc38nkc286,Dressing Work,cmq29pybs0prt2opctzz56u0d,cmq27k2ym07fj2opc9e0m922v,false,2026-06-06T11:26:48.684,,,
cmq29pybu0pt72opcqrym9eix,Civil work,cmq29pybs0prt2opctzz56u0d,cmq27k2ym07fj2opc9e0m922v,false,2026-06-06T11:26:48.684,,,
cmq29pybu0ptd2opczykeyu5w,Base Work,cmq29pybs0prt2opctzz56u0d,cmq27k2ym07fj2opc9e0m922v,false,2026-06-06T11:26:48.684,,,
cmq29pybu0ptm2opcft3iy8yl,Copper installation,cmq29pybs0prt2opctzz56u0d,cmq27k2ym07fj2opc9e0m922v,false,2026-06-06T11:26:48.684,,,
cmq29pybu0pts2opc28xkecab,Testing work,cmq29pybs0prt2opctzz56u0d,cmq27k2ym07fj2opc9e0m922v,false,2026-06-06T11:26:48.684,,,
cmq29pybv0pty2opcc8as6ezd,Pipe Laying work,cmq29pybs0prt2opctzz56u0d,cmq27k2ym07fj2opc9e0m922v,false,2026-06-06T11:26:48.684,,,
cmq29pybv0pu42opcf2rw92t1,Units installation work,cmq29pybs0prt2opctzz56u0d,cmq27k2ym07fj2opc9e0m922v,false,2026-06-06T11:26:48.684,,,
cmq29pybv0pud2opcondd6j91,Final stage of HVAC,cmq29pybs0prt2opctzz56u0d,cmq27k2ym07fj2opc9e0m922v,false,2026-06-06T11:26:48.684,,,
cmq29pybv0pum2opc2dws7v2n,Piping  Testing Work,cmq29pybs0prt2opctzz56u0d,cmq27k2ym07fj2opc9e0m922v,false,2026-06-06T11:26:48.684,,,
cmq29pybv0pus2opcpppczyme,Balcony work,cmq29pybs0prt2opctzz56u0d,cm39yc7n800g92q8zpnzg0m6z,false,2026-06-06T11:26:48.684,,,
cmq29pybw0pv72opcv910xb44,Wall POP,cmq29pybs0prt2opctzz56u0d,cm39yc7n800g92q8zpnzg0m6z,false,2026-06-06T11:26:48.684,,,
cmq29pybw0pvd2opcjs6htqpt,Welding Work,cmq29pybs0prt2opctzz56u0d,cmq27k2ym07fj2opc9e0m922v,false,2026-06-06T11:26:48.684,,,
cmq29pybw0pvj2opc6kzmk7fe,Threading Work,cmq29pybs0prt2opctzz56u0d,cmq27k2ym07fj2opc9e0m922v,false,2026-06-06T11:26:48.684,,,
cmq29pybw0pvp2opc5erk7bjb,Painting Fire Pipes,cmq29pybs0prt2opctzz56u0d,cmq27k2ym07fj2opc9e0m922v,false,2026-06-06T11:26:48.684,,,
cmq29pybw0pvv2opcxwkc1c1a,Fire Pipe Shaft Work,cmq29pybs0prt2opctzz56u0d,cmq27k2ym07fj2opc9e0m922v,false,2026-06-06T11:26:48.684,,,
cmq29pybz0pwg2opcxhukiv84,Leveling work,cmq29pybs0prt2opctzz56u0d,cm39yc7n800g92q8zpnzg0m6z,false,2026-06-06T11:26:48.684,,,
cmq29pybz0pwp2opc3tj5s7z2,Ceiling work,cmq29pybs0prt2opctzz56u0d,cm39yc7n800g92q8zpnzg0m6z,false,2026-06-06T11:26:48.684,,,
cmq29pybz0px12opc03mukpux,Granite work,cmq29pybs0prt2opctzz56u0d,cm39yc7n800g92q8zpnzg0m6z,false,2026-06-06T11:26:48.684,,,
cmq29pyc00pxg2opcbhp8bld6,Tile work,cmq29pybs0prt2opctzz56u0d,cm39yc7n800g92q8zpnzg0m6z,false,2026-06-06T11:26:48.684,,,
cmq29pyc00pxp2opc2n44949g,Washroom Work,cmq29pybs0prt2opctzz56u0d,cm39yc7n800g92q8zpnzg0m6z,false,2026-06-06T11:26:48.684,,,
cmq29pyc10py12opck8mxo665,Servant toilet work,cmq29pybs0prt2opctzz56u0d,cm39yc7n800g92q8zpnzg0m6z,false,2026-06-06T11:26:48.684,,,
cmq29pyc20pya2opc5ukslsmv,Handover stage,cmq29pybs0prt2opctzz56u0d,cmq27k2ym07fj2opc9e0m922v,false,2026-06-06T11:26:48.684,,,
cmq29pyc30pyj2opcz30bzqp4,Plumbing Work,cmq29pybs0prt2opctzz56u0d,cmq27k2ym07fj2opc9e0m922v,false,2026-06-06T11:26:48.684,,,
cmq29pyc40pyy2opc281d237r,Clamping Fixing Work,cmq29pybs0prt2opctzz56u0d,cmq27k2ym07fj2opc9e0m922v,false,2026-06-06T11:26:48.684,,,
cmq29pyc40pz42opctxb1i9c7,Sunken Filling,cmq29pybs0prt2opctzz56u0d,cmq27k2ym07fj2opc9e0m922v,false,2026-06-06T11:26:48.684,,,
cmq29pyc50pzg2opcp2yzm7ay,ventilation work,cmq29pybs0prt2opctzz56u0d,cmq27k2ym07fj2opc9e0m922v,false,2026-06-06T11:26:48.684,,,
cmq29pyc50pzp2opcydc5reyu,fixing,cmq29pybs0prt2opctzz56u0d,cmq27k2ym07fj2opc9e0m922v,false,2026-06-06T11:26:48.684,,,
cmq29pyc50q012opc2osk5k65,Fire Hydrant installation,cmq29pybs0prt2opctzz56u0d,cmq27k2ym07fj2opc9e0m922v,false,2026-06-06T11:26:48.684,,,
cmq29pyc70q092opcaoerom6q,conduiting,cmq29pyc60q072opccc8o4csp,cmq27k2ym07fj2opc9e0m922v,false,2026-06-06T11:26:48.684,,,
cmq29pyc80q0i2opcxod6q0ut,Fixtures fixing work,cmq29pyc60q072opccc8o4csp,cmq27k2ym07fj2opc9e0m922v,false,2026-06-06T11:26:48.684,,,
cmq29pyc80q0u2opcw4onaivq,wiring,cmq29pyc60q072opccc8o4csp,cmq27k2ym07fj2opc9e0m922v,false,2026-06-06T11:26:48.684,,,
cmq29pyc80q1c2opco2att7ws,Dressing Work,cmq29pyc60q072opccc8o4csp,cmq27k2ym07fj2opc9e0m922v,false,2026-06-06T11:26:48.684,,,
cmq29pyc90q1l2opcxid2cqzw,Civil work,cmq29pyc60q072opccc8o4csp,cmq27k2ym07fj2opc9e0m922v,false,2026-06-06T11:26:48.684,,,
cmq29pyc90q1r2opctlb01dx0,Base Work,cmq29pyc60q072opccc8o4csp,cmq27k2ym07fj2opc9e0m922v,false,2026-06-06T11:26:48.684,,,
cmq29pyc90q202opcoculozw0,Copper installation,cmq29pyc60q072opccc8o4csp,cmq27k2ym07fj2opc9e0m922v,false,2026-06-06T11:26:48.684,,,
cmq29pyc90q262opcx815ksxy,Testing work,cmq29pyc60q072opccc8o4csp,cmq27k2ym07fj2opc9e0m922v,false,2026-06-06T11:26:48.684,,,
cmq29pyc90q2c2opcus3ktp5a,Pipe Laying work,cmq29pyc60q072opccc8o4csp,cmq27k2ym07fj2opc9e0m922v,false,2026-06-06T11:26:48.684,,,
cmq29pyc90q2i2opchnoomob9,Units installation work,cmq29pyc60q072opccc8o4csp,cmq27k2ym07fj2opc9e0m922v,false,2026-06-06T11:26:48.684,,,
cmq29pyc90q2r2opc9va5oiye,Final stage of HVAC,cmq29pyc60q072opccc8o4csp,cmq27k2ym07fj2opc9e0m922v,false,2026-06-06T11:26:48.684,,,
cmq29pyc90q302opcpyo3aglo,Welding Work,cmq29pyc60q072opccc8o4csp,cmq27k2ym07fj2opc9e0m922v,false,2026-06-06T11:26:48.684,,,
cmq29pyca0q362opcdad2qouc,Threading Work,cmq29pyc60q072opccc8o4csp,cmq27k2ym07fj2opc9e0m922v,false,2026-06-06T11:26:48.684,,,
cmq29pyca0q3c2opcgl9ndqpp,Piping  Testing Work,cmq29pyc60q072opccc8o4csp,cmq27k2ym07fj2opc9e0m922v,false,2026-06-06T11:26:48.684,,,
cmq29pyca0q3i2opc8xk5qdfm,Balcony work,cmq29pyc60q072opccc8o4csp,cm39yc7n800g92q8zpnzg0m6z,false,2026-06-06T11:26:48.684,,,
cmq29pycc0q3x2opc8womd8ny,Fire Pipe Shaft Work,cmq29pyc60q072opccc8o4csp,cmq27k2ym07fj2opc9e0m922v,false,2026-06-06T11:26:48.684,,,
cmq29pyce0q4i2opcqwxnltda,Leveling work,cmq29pyc60q072opccc8o4csp,cm39yc7n800g92q8zpnzg0m6z,false,2026-06-06T11:26:48.684,,,
cmq29pyce0q4r2opcpn5ri7b5,Wall POP,cmq29pyc60q072opccc8o4csp,cm39yc7n800g92q8zpnzg0m6z,false,2026-06-06T11:26:48.684,,,
cmq29pyce0q4x2opcmdnqadpq,Painting Fire Pipes,cmq29pyc60q072opccc8o4csp,cmq27k2ym07fj2opc9e0m922v,false,2026-06-06T11:26:48.684,,,
cmq29pycf0q532opcj9f71w90,Ceiling work,cmq29pyc60q072opccc8o4csp,cm39yc7n800g92q8zpnzg0m6z,false,2026-06-06T11:26:48.684,,,
cmq29pycg0q5f2opcig0vwiiq,Granite work,cmq29pyc60q072opccc8o4csp,cm39yc7n800g92q8zpnzg0m6z,false,2026-06-06T11:26:48.684,,,
cmq29pyci0q5u2opct90hoyie,Tile work,cmq29pyc60q072opccc8o4csp,cm39yc7n800g92q8zpnzg0m6z,false,2026-06-06T11:26:48.684,,,
cmq29pyci0q632opcd0ncl7wq,Washroom Work,cmq29pyc60q072opccc8o4csp,cm39yc7n800g92q8zpnzg0m6z,false,2026-06-06T11:26:48.684,,,
cmq29pycj0q6f2opcu7pxdz57,Servant toilet work,cmq29pyc60q072opccc8o4csp,cm39yc7n800g92q8zpnzg0m6z,false,2026-06-06T11:26:48.684,,,
cmq29pyck0q6o2opcn1pq1xlw,Handover stage,cmq29pyc60q072opccc8o4csp,cmq27k2ym07fj2opc9e0m922v,false,2026-06-06T11:26:48.684,,,
cmq29pycl0q6x2opc56inw9l7,Plumbing Work,cmq29pyc60q072opccc8o4csp,cmq27k2ym07fj2opc9e0m922v,false,2026-06-06T11:26:48.684,,,
cmq29pycn0q7c2opcr0fb3ryw,Clamping Fixing Work,cmq29pyc60q072opccc8o4csp,cmq27k2ym07fj2opc9e0m922v,false,2026-06-06T11:26:48.684,,,
cmq29pyco0q7i2opcdcj7u5m6,Sunken Filling,cmq29pyc60q072opccc8o4csp,cmq27k2ym07fj2opc9e0m922v,false,2026-06-06T11:26:48.684,,,
cmq29pycp0q7u2opcck8pcxs8,ventilation work,cmq29pyc60q072opccc8o4csp,cmq27k2ym07fj2opc9e0m922v,false,2026-06-06T11:26:48.684,,,
cmq29pycp0q832opce0zq0g5x,fixing,cmq29pyc60q072opccc8o4csp,cmq27k2ym07fj2opc9e0m922v,false,2026-06-06T11:26:48.684,,,
cmq29pycq0q8f2opce2tjrsrc,Fire Hydrant installation,cmq29pyc60q072opccc8o4csp,cmq27k2ym07fj2opc9e0m922v,false,2026-06-06T11:26:48.684,,,
cmq29pycs0q8n2opc151o7m1u,conduiting,cmq29pycr0q8l2opcvu9arj2b,cmq27k2ym07fj2opc9e0m922v,false,2026-06-06T11:26:48.684,,,
cmq29pycs0q8w2opc3gi32kwg,Fixtures fixing work,cmq29pycr0q8l2opcvu9arj2b,cmq27k2ym07fj2opc9e0m922v,false,2026-06-06T11:26:48.684,,,
cmq29pyct0q982opc0jejmzzs,wiring,cmq29pycr0q8l2opcvu9arj2b,cmq27k2ym07fj2opc9e0m922v,false,2026-06-06T11:26:48.684,,,
cmq29pyct0q9q2opc70zpyev6,Dressing Work,cmq29pycr0q8l2opcvu9arj2b,cmq27k2ym07fj2opc9e0m922v,false,2026-06-06T11:26:48.684,,,
cmq29pyct0q9z2opcv21nl9g1,Civil work,cmq29pycr0q8l2opcvu9arj2b,cmq27k2ym07fj2opc9e0m922v,false,2026-06-06T11:26:48.684,,,
cmq29pyct0qa52opchd1ilqfx,Base Work,cmq29pycr0q8l2opcvu9arj2b,cmq27k2ym07fj2opc9e0m922v,false,2026-06-06T11:26:48.684,,,
cmq29pyct0qae2opczw51v1xf,Copper installation,cmq29pycr0q8l2opcvu9arj2b,cmq27k2ym07fj2opc9e0m922v,false,2026-06-06T11:26:48.684,,,
cmq29pycu0qak2opch1y282hw,Testing work,cmq29pycr0q8l2opcvu9arj2b,cmq27k2ym07fj2opc9e0m922v,false,2026-06-06T11:26:48.684,,,
cmq29pycu0qaq2opczh7oji22,Pipe Laying work,cmq29pycr0q8l2opcvu9arj2b,cmq27k2ym07fj2opc9e0m922v,false,2026-06-06T11:26:48.684,,,
cmq29pycu0qaw2opce0xibp9s,Units installation work,cmq29pycr0q8l2opcvu9arj2b,cmq27k2ym07fj2opc9e0m922v,false,2026-06-06T11:26:48.684,,,
cmq29pycu0qb52opch117p6wn,Final stage of HVAC,cmq29pycr0q8l2opcvu9arj2b,cmq27k2ym07fj2opc9e0m922v,false,2026-06-06T11:26:48.684,,,
cmq29pycu0qbe2opcmlu3jvpu,Piping  Testing Work,cmq29pycr0q8l2opcvu9arj2b,cmq27k2ym07fj2opc9e0m922v,false,2026-06-06T11:26:48.684,,,
cmq29pycu0qbk2opctns891sa,Balcony work,cmq29pycr0q8l2opcvu9arj2b,cm39yc7n800g92q8zpnzg0m6z,false,2026-06-06T11:26:48.684,,,
cmq29pycv0qbz2opcm6st2om3,Welding Work,cmq29pycr0q8l2opcvu9arj2b,cmq27k2ym07fj2opc9e0m922v,false,2026-06-06T11:26:48.684,,,
cmq29pycv0qc52opc541gs1t1,Threading Work,cmq29pycr0q8l2opcvu9arj2b,cmq27k2ym07fj2opc9e0m922v,false,2026-06-06T11:26:48.684,,,
cmq29pycv0qcb2opc0axc65uu,Fire Pipe Shaft Work,cmq29pycr0q8l2opcvu9arj2b,cmq27k2ym07fj2opc9e0m922v,false,2026-06-06T11:26:48.684,,,
cmq29pycv0qcw2opc1fvfgta6,Leveling work,cmq29pycr0q8l2opcvu9arj2b,cm39yc7n800g92q8zpnzg0m6z,false,2026-06-06T11:26:48.684,,,
cmq29pycw0qd52opc6dg42fi5,Wall POP,cmq29pycr0q8l2opcvu9arj2b,cm39yc7n800g92q8zpnzg0m6z,false,2026-06-06T11:26:48.684,,,
cmq29pycw0qdb2opc0oj96vbg,Painting Fire Pipes,cmq29pycr0q8l2opcvu9arj2b,cmq27k2ym07fj2opc9e0m922v,false,2026-06-06T11:26:48.684,,,
cmq29pycw0qdh2opcrbo5noga,Ceiling work,cmq29pycr0q8l2opcvu9arj2b,cm39yc7n800g92q8zpnzg0m6z,false,2026-06-06T11:26:48.684,,,
cmq29pycw0qdt2opchbj2ugj8,Granite work,cmq29pycr0q8l2opcvu9arj2b,cm39yc7n800g92q8zpnzg0m6z,false,2026-06-06T11:26:48.684,,,
cmq29pycx0qe82opc0sn2be2i,Tile work,cmq29pycr0q8l2opcvu9arj2b,cm39yc7n800g92q8zpnzg0m6z,false,2026-06-06T11:26:48.684,,,
cmq29pycy0qeh2opcfobcahu2,Washroom Work,cmq29pycr0q8l2opcvu9arj2b,cm39yc7n800g92q8zpnzg0m6z,false,2026-06-06T11:26:48.684,,,
cmq29pycy0qet2opcs5hcp7rz,Servant toilet work,cmq29pycr0q8l2opcvu9arj2b,cm39yc7n800g92q8zpnzg0m6z,false,2026-06-06T11:26:48.684,,,
cmq29pycy0qf22opchm0rhdmy,Handover stage,cmq29pycr0q8l2opcvu9arj2b,cmq27k2ym07fj2opc9e0m922v,false,2026-06-06T11:26:48.684,,,
cmq29pycz0qfb2opc3vqrpms0,Plumbing Work,cmq29pycr0q8l2opcvu9arj2b,cmq27k2ym07fj2opc9e0m922v,false,2026-06-06T11:26:48.684,,,
cmq29pyd00qfq2opc2i8p9fo9,Clamping Fixing Work,cmq29pycr0q8l2opcvu9arj2b,cmq27k2ym07fj2opc9e0m922v,false,2026-06-06T11:26:48.684,,,
cmq29pyd00qfw2opcjq36nz6v,Sunken Filling,cmq29pycr0q8l2opcvu9arj2b,cmq27k2ym07fj2opc9e0m922v,false,2026-06-06T11:26:48.684,,,
cmq29pyd00qg82opcq8wtyvlc,ventilation work,cmq29pycr0q8l2opcvu9arj2b,cmq27k2ym07fj2opc9e0m922v,false,2026-06-06T11:26:48.684,,,
cmq29pyd00qgh2opc8itjzaz2,fixing,cmq29pycr0q8l2opcvu9arj2b,cmq27k2ym07fj2opc9e0m922v,false,2026-06-06T11:26:48.684,,,
cmq29pyd10qgt2opc7gvkil2l,Fire Hydrant installation,cmq29pycr0q8l2opcvu9arj2b,cmq27k2ym07fj2opc9e0m922v,false,2026-06-06T11:26:48.684,,,
cmq23j39r06uc2opcw7ow3hl3,conduiting,cmq23gsj706u12opchs06s6yt,cmq27k2ym07fj2opc9e0m922v,false,2026-06-06T08:33:32.744,,2026-06-06T06:30:00,
cmq23sjfi06vo2opc89b16hxy,Fixtures fixing work,cmq23gsj706u12opchs06s6yt,cmq27k2ym07fj2opc9e0m922v,false,2026-06-06T08:40:53.594,,2026-06-06T06:30:00,
cmq23pacl06uq2opcrxrm34wq,wiring,cmq23gsj706u12opchs06s6yt,cmq27k2ym07fj2opc9e0m922v,false,2026-06-06T08:38:21.855,,2026-06-06T06:30:00,
cmq23s2eq06wd2opcqk0mdjdw,Dressing Work,cmq23gsj706u12opchs06s6yt,cmq27k2ym07fj2opc9e0m922v,false,2026-06-06T08:40:31.534,,2026-06-06T06:30:00,
cmq266z0w06zf2opcxyl03mxj,Civil work,cmq23gsj706u12opchs06s6yt,cmq27k2ym07fj2opc9e0m922v,false,2026-06-06T09:48:06.218,,2026-06-06T06:30:00,
cmq26ci9s071c2opcv7war5v9,Base Work,cmq23gsj706u12opchs06s6yt,cmq27k2ym07fj2opc9e0m922v,false,2026-06-06T09:52:24.443,,2026-06-06T06:30:00,
cmq26dw6e071w2opcm9vmhbz4,Copper installation,cmq23gsj706u12opchs06s6yt,cmq27k2ym07fj2opc9e0m922v,false,2026-06-06T09:53:29.122,,2026-06-06T06:30:00,
cmq26enqk072c2opcjk3bivr2,Testing work,cmq23gsj706u12opchs06s6yt,cmq27k2ym07fj2opc9e0m922v,false,2026-06-06T09:54:04.839,,2026-06-06T06:30:00,
cmq26hoil073y2opcnyddcod9,Pipe Laying work,cmq23gsj706u12opchs06s6yt,cmq27k2ym07fj2opc9e0m922v,false,2026-06-06T09:56:25.817,,2026-06-06T06:30:00,
cmq26fma5072t2opc3lpjet3w,Units installation work,cmq23gsj706u12opchs06s6yt,cmq27k2ym07fj2opc9e0m922v,false,2026-06-06T09:54:49.609,,2026-06-06T06:30:00,
cmq26gnqp073e2opc4cvy78et,Final stage of HVAC,cmq23gsj706u12opchs06s6yt,cmq27k2ym07fj2opc9e0m922v,false,2026-06-06T09:55:38.157,,2026-06-06T06:30:00,
cmq26j20a074e2opc80yjgmjr,Welding Work,cmq23gsj706u12opchs06s6yt,cmq27k2ym07fj2opc9e0m922v,false,2026-06-06T09:57:29.957,,2026-06-06T06:30:00,
cmq26jlhs074u2opc5368246n,Threading Work,cmq23gsj706u12opchs06s6yt,cmq27k2ym07fj2opc9e0m922v,false,2026-06-06T09:57:55.212,,2026-06-06T06:30:00,
cmq26kb80075a2opctnwbgwi3,Piping  Testing Work,cmq23gsj706u12opchs06s6yt,cmq27k2ym07fj2opc9e0m922v,false,2026-06-06T09:58:28.556,,2026-06-06T06:30:00,
cmq26xjrw07d02opcok8tntu5,Balcony work,cmq23gsj706u12opchs06s6yt,cm39yc7n800g92q8zpnzg0m6z,false,2026-06-06T10:08:46.168,,2026-06-06T06:30:00,
cmq26odwy077u2opctkwecelm,Fire Pipe Shaft Work,cmq23gsj706u12opchs06s6yt,cmq27k2ym07fj2opc9e0m922v,false,2026-06-06T10:01:38.67,,2026-06-06T06:30:00,
cmq26r43v079b2opcvawgai38,Leveling work,cmq23gsj706u12opchs06s6yt,cm39yc7n800g92q8zpnzg0m6z,false,2026-06-06T10:03:45.927,,2026-06-06T06:30:00,
cmq26rr3m079v2opctn9r4dl1,Wall POP,cmq23gsj706u12opchs06s6yt,cm39yc7n800g92q8zpnzg0m6z,false,2026-06-06T10:04:15.726,,2026-06-06T06:30:00,
cmq26l18r075q2opcos9dtitn,Painting Fire Pipes,cmq23gsj706u12opchs06s6yt,cmq27k2ym07fj2opc9e0m922v,false,2026-06-06T09:59:02.279,,2026-06-06T06:30:00,
cmq26t1vn07ad2opcbwi57q41,Ceiling work,cmq23gsj706u12opchs06s6yt,cm39yc7n800g92q8zpnzg0m6z,false,2026-06-06T10:05:16.351,,2026-06-06T06:30:00,
cmq26zx8v07ei2opcnu9nawkm,Granite work,cmq23gsj706u12opchs06s6yt,cm39yc7n800g92q8zpnzg0m6z,false,2026-06-06T10:10:36.937,,2026-06-06T06:30:00,
cmq26txef07b22opcxkfufckn,Tile work,cmq23gsj706u12opchs06s6yt,cm39yc7n800g92q8zpnzg0m6z,false,2026-06-06T10:05:57.201,,2026-06-06T06:30:00,
cmq26v7iw07bo2opcdhnqdnyn,Washroom Work,cmq23gsj706u12opchs06s6yt,cm39yc7n800g92q8zpnzg0m6z,false,2026-06-06T10:06:56.98,,2026-06-06T06:30:00,
cmq26xvk407cd2opcvuh36bqi,Servant toilet work,cmq23gsj706u12opchs06s6yt,cm39yc7n800g92q8zpnzg0m6z,false,2026-06-06T10:09:01.44,,2026-06-06T06:30:00,
cmq251tbi06xv2opcyrf3mzg5,Handover stage,cmq23gsj706u12opchs06s6yt,cmq27k2ym07fj2opc9e0m922v,false,2026-06-06T09:16:05.927,,2026-06-06T06:30:00,
cmq268h5906zy2opcx8zoh763,Plumbing Work,cmq23gsj706u12opchs06s6yt,cmq27k2ym07fj2opc9e0m922v,false,2026-06-06T09:49:16.357,,2026-06-06T06:30:00,
cmq26lvtv076j2opcxkl962pr,Clamping Fixing Work,cmq23gsj706u12opchs06s6yt,cmq27k2ym07fj2opc9e0m922v,false,2026-06-06T09:59:41.919,,2026-06-06T06:30:00,
cmq2578vl06yl2opckta8lkle,Sunken Filling,cmq23gsj706u12opchs06s6yt,cmq27k2ym07fj2opc9e0m922v,false,2026-06-06T09:20:19.373,,2026-06-06T06:30:00,
cmq269x95070r2opclfo0hl9b,ventilation work,cmq23gsj706u12opchs06s6yt,cmq27k2ym07fj2opc9e0m922v,false,2026-06-06T09:50:23.893,,2026-06-06T06:30:00,
cmq26oc8c07712opc4gv525g4,fixing,cmq23gsj706u12opchs06s6yt,cmq27k2ym07fj2opc9e0m922v,false,2026-06-06T10:01:36.487,,2026-06-06T06:30:00,
cmq26p4av078u2opcujnko75v,Fire Hydrant installation,cmq23gsj706u12opchs06s6yt,cmq27k2ym07fj2opc9e0m922v,false,2026-06-06T10:02:12.866,,2026-06-06T06:30:00,
cmq29pyd30qh12opclfam5dmk,conduiting,cmq29pyd20qgz2opcsuzl0iz7,cmq27k2ym07fj2opc9e0m922v,false,2026-06-06T11:26:48.684,,,
cmq29pyd30qha2opcjjygivjf,Fixtures fixing work,cmq29pyd20qgz2opcsuzl0iz7,cmq27k2ym07fj2opc9e0m922v,false,2026-06-06T11:26:48.684,,,
cmq29pyd30qhm2opc85utlh2s,wiring,cmq29pyd20qgz2opcsuzl0iz7,cmq27k2ym07fj2opc9e0m922v,false,2026-06-06T11:26:48.684,,,
cmq29pyd40qi42opcl28xj31x,Dressing Work,cmq29pyd20qgz2opcsuzl0iz7,cmq27k2ym07fj2opc9e0m922v,false,2026-06-06T11:26:48.684,,,
cmq29pyd40qid2opcq0bg5hld,Civil work,cmq29pyd20qgz2opcsuzl0iz7,cmq27k2ym07fj2opc9e0m922v,false,2026-06-06T11:26:48.684,,,
cmq29pyd40qij2opcuexge4vi,Base Work,cmq29pyd20qgz2opcsuzl0iz7,cmq27k2ym07fj2opc9e0m922v,false,2026-06-06T11:26:48.684,,,
cmq29pyd40qis2opc2yz8lt8g,Copper installation,cmq29pyd20qgz2opcsuzl0iz7,cmq27k2ym07fj2opc9e0m922v,false,2026-06-06T11:26:48.684,,,
cmq29pyd40qiy2opcww4l8uoq,Testing work,cmq29pyd20qgz2opcsuzl0iz7,cmq27k2ym07fj2opc9e0m922v,false,2026-06-06T11:26:48.684,,,
cmq29pyd40qj42opcxwewbit6,Units installation work,cmq29pyd20qgz2opcsuzl0iz7,cmq27k2ym07fj2opc9e0m922v,false,2026-06-06T11:26:48.684,,,
cmq29pyd50qjd2opcea98f2p4,Final stage of HVAC,cmq29pyd20qgz2opcsuzl0iz7,cmq27k2ym07fj2opc9e0m922v,false,2026-06-06T11:26:48.684,,,
cmq29pyd50qjm2opcq26di0gy,Pipe Laying work,cmq29pyd20qgz2opcsuzl0iz7,cmq27k2ym07fj2opc9e0m922v,false,2026-06-06T11:26:48.684,,,
cmq29pyd50qjs2opcu66sebw6,Welding Work,cmq29pyd20qgz2opcsuzl0iz7,cmq27k2ym07fj2opc9e0m922v,false,2026-06-06T11:26:48.684,,,
cmq29pyd50qjy2opc891x00kt,Threading Work,cmq29pyd20qgz2opcsuzl0iz7,cmq27k2ym07fj2opc9e0m922v,false,2026-06-06T11:26:48.684,,,
cmq29pyd60qk42opc2nhnbjk2,Piping  Testing Work,cmq29pyd20qgz2opcsuzl0iz7,cmq27k2ym07fj2opc9e0m922v,false,2026-06-06T11:26:48.684,,,
cmq29pyd60qka2opc7gvy09m0,Balcony work,cmq29pyd20qgz2opcsuzl0iz7,cm39yc7n800g92q8zpnzg0m6z,false,2026-06-06T11:26:48.684,,,
cmq29pyd90qkp2opchah8eeqc,Leveling work,cmq29pyd20qgz2opcsuzl0iz7,cm39yc7n800g92q8zpnzg0m6z,false,2026-06-06T11:26:48.684,,,
cmq29pyd90qky2opc7tcjvvne,Wall POP,cmq29pyd20qgz2opcsuzl0iz7,cm39yc7n800g92q8zpnzg0m6z,false,2026-06-06T11:26:48.684,,,
cmq29pyd90ql42opcorcw6w98,Painting Fire Pipes,cmq29pyd20qgz2opcsuzl0iz7,cmq27k2ym07fj2opc9e0m922v,false,2026-06-06T11:26:48.684,,,
cmq29pyda0qla2opcwphvkyhq,Ceiling work,cmq29pyd20qgz2opcsuzl0iz7,cm39yc7n800g92q8zpnzg0m6z,false,2026-06-06T11:26:48.684,,,
cmq29pydb0qlm2opc23ngnkww,Granite work,cmq29pyd20qgz2opcsuzl0iz7,cm39yc7n800g92q8zpnzg0m6z,false,2026-06-06T11:26:48.684,,,
cmq29pydd0qm12opc8cfu3im8,Fire Pipe Shaft Work,cmq29pyd20qgz2opcsuzl0iz7,cmq27k2ym07fj2opc9e0m922v,false,2026-06-06T11:26:48.684,,,
cmq29pyde0qmm2opcjgti2wfm,Tile work,cmq29pyd20qgz2opcsuzl0iz7,cm39yc7n800g92q8zpnzg0m6z,false,2026-06-06T11:26:48.684,,,
cmq29pyde0qmv2opcmn80zgja,Washroom Work,cmq29pyd20qgz2opcsuzl0iz7,cm39yc7n800g92q8zpnzg0m6z,false,2026-06-06T11:26:48.684,,,
cmq29pyde0qn72opc8z0wzo19,Servant toilet work,cmq29pyd20qgz2opcsuzl0iz7,cm39yc7n800g92q8zpnzg0m6z,false,2026-06-06T11:26:48.684,,,
cmq29pydf0qng2opc6xra92mh,Handover stage,cmq29pyd20qgz2opcsuzl0iz7,cmq27k2ym07fj2opc9e0m922v,false,2026-06-06T11:26:48.684,,,
cmq29pydf0qnp2opc0zzttc8w,fixing,cmq29pyd20qgz2opcsuzl0iz7,cmq27k2ym07fj2opc9e0m922v,false,2026-06-06T11:26:48.684,,,
cmq29pydf0qo12opck5jf27rg,Plumbing Work,cmq29pyd20qgz2opcsuzl0iz7,cmq27k2ym07fj2opc9e0m922v,false,2026-06-06T11:26:48.684,,,
cmq29pydg0qog2opcyxwkesbv,Clamping Fixing Work,cmq29pyd20qgz2opcsuzl0iz7,cmq27k2ym07fj2opc9e0m922v,false,2026-06-06T11:26:48.684,,,
cmq29pydg0qom2opcjw9whm3d,Sunken Filling,cmq29pyd20qgz2opcsuzl0iz7,cmq27k2ym07fj2opc9e0m922v,false,2026-06-06T11:26:48.684,,,
cmq29pydh0qoy2opcktwufigj,ventilation work,cmq29pyd20qgz2opcsuzl0iz7,cmq27k2ym07fj2opc9e0m922v,false,2026-06-06T11:26:48.684,,,
cmq29pydi0qp72opco12ihifu,Fire Hydrant installation,cmq29pyd20qgz2opcsuzl0iz7,cmq27k2ym07fj2opc9e0m922v,false,2026-06-06T11:26:48.684,,,
cmq29pydk0qpf2opc76wa6ikq,conduiting,cmq29pydj0qpd2opck4q973fp,cmq27k2ym07fj2opc9e0m922v,false,2026-06-06T11:26:48.684,,,
cmq29pydk0qpo2opcsbqd2irn,Fixtures fixing work,cmq29pydj0qpd2opck4q973fp,cmq27k2ym07fj2opc9e0m922v,false,2026-06-06T11:26:48.684,,,
cmq29pydl0qq02opctnp519ic,wiring,cmq29pydj0qpd2opck4q973fp,cmq27k2ym07fj2opc9e0m922v,false,2026-06-06T11:26:48.684,,,
cmq29pydl0qqi2opcdl83714u,Dressing Work,cmq29pydj0qpd2opck4q973fp,cmq27k2ym07fj2opc9e0m922v,false,2026-06-06T11:26:48.684,,,
cmq29pydl0qqr2opc061mgyra,Civil work,cmq29pydj0qpd2opck4q973fp,cmq27k2ym07fj2opc9e0m922v,false,2026-06-06T11:26:48.684,,,
cmq29pydl0qqx2opcnsxrt23b,Base Work,cmq29pydj0qpd2opck4q973fp,cmq27k2ym07fj2opc9e0m922v,false,2026-06-06T11:26:48.684,,,
cmq29pydl0qr62opc9nl19vq0,Copper installation,cmq29pydj0qpd2opck4q973fp,cmq27k2ym07fj2opc9e0m922v,false,2026-06-06T11:26:48.684,,,
cmq29pydm0qrc2opch635yt25,Testing work,cmq29pydj0qpd2opck4q973fp,cmq27k2ym07fj2opc9e0m922v,false,2026-06-06T11:26:48.684,,,
cmq29pydm0qri2opc3fm20b8k,Pipe Laying work,cmq29pydj0qpd2opck4q973fp,cmq27k2ym07fj2opc9e0m922v,false,2026-06-06T11:26:48.684,,,
cmq29pydm0qro2opcbowd5eqd,Units installation work,cmq29pydj0qpd2opck4q973fp,cmq27k2ym07fj2opc9e0m922v,false,2026-06-06T11:26:48.684,,,
cmq29pydm0qrx2opcx0ywoj6r,Final stage of HVAC,cmq29pydj0qpd2opck4q973fp,cmq27k2ym07fj2opc9e0m922v,false,2026-06-06T11:26:48.684,,,
cmq29pydn0qs62opcyny265mu,Piping  Testing Work,cmq29pydj0qpd2opck4q973fp,cmq27k2ym07fj2opc9e0m922v,false,2026-06-06T11:26:48.684,,,
cmq29pydn0qsc2opc6lzoangd,Balcony work,cmq29pydj0qpd2opck4q973fp,cm39yc7n800g92q8zpnzg0m6z,false,2026-06-06T11:26:48.684,,,
cmq29pydp0qsr2opcgl3pqyn4,Wall POP,cmq29pydj0qpd2opck4q973fp,cm39yc7n800g92q8zpnzg0m6z,false,2026-06-06T11:26:48.684,,,
cmq29pydq0qsx2opc72l7c9xn,Welding Work,cmq29pydj0qpd2opck4q973fp,cmq27k2ym07fj2opc9e0m922v,false,2026-06-06T11:26:48.684,,,
cmq29pydq0qt32opc6vqfcv4o,Threading Work,cmq29pydj0qpd2opck4q973fp,cmq27k2ym07fj2opc9e0m922v,false,2026-06-06T11:26:48.684,,,
cmq29pydq0qt92opc36hrqwc7,Painting Fire Pipes,cmq29pydj0qpd2opck4q973fp,cmq27k2ym07fj2opc9e0m922v,false,2026-06-06T11:26:48.684,,,
cmq29pydq0qtf2opc1j515wrt,Fire Pipe Shaft Work,cmq29pydj0qpd2opck4q973fp,cmq27k2ym07fj2opc9e0m922v,false,2026-06-06T11:26:48.684,,,
cmq29pydt0qu02opcu3d04mz9,Leveling work,cmq29pydj0qpd2opck4q973fp,cm39yc7n800g92q8zpnzg0m6z,false,2026-06-06T11:26:48.684,,,
cmq29pydt0qu92opczghpvbw6,Ceiling work,cmq29pydj0qpd2opck4q973fp,cm39yc7n800g92q8zpnzg0m6z,false,2026-06-06T11:26:48.684,,,
cmq29pydt0qul2opc67gfn7ct,Granite work,cmq29pydj0qpd2opck4q973fp,cm39yc7n800g92q8zpnzg0m6z,false,2026-06-06T11:26:48.684,,,
cmq29pydu0qv02opcq9xbohj7,Tile work,cmq29pydj0qpd2opck4q973fp,cm39yc7n800g92q8zpnzg0m6z,false,2026-06-06T11:26:48.684,,,
cmq29pydv0qv92opchcsyrasf,Washroom Work,cmq29pydj0qpd2opck4q973fp,cm39yc7n800g92q8zpnzg0m6z,false,2026-06-06T11:26:48.684,,,
cmq29pydw0qvl2opccgfe53kv,Servant toilet work,cmq29pydj0qpd2opck4q973fp,cm39yc7n800g92q8zpnzg0m6z,false,2026-06-06T11:26:48.684,,,
cmq29pydw0qvu2opcywg0j0dt,Handover stage,cmq29pydj0qpd2opck4q973fp,cmq27k2ym07fj2opc9e0m922v,false,2026-06-06T11:26:48.684,,,
cmq29pydx0qw32opcp5aqv8zk,Plumbing Work,cmq29pydj0qpd2opck4q973fp,cmq27k2ym07fj2opc9e0m922v,false,2026-06-06T11:26:48.684,,,
cmq29pydy0qwi2opct640r31d,Clamping Fixing Work,cmq29pydj0qpd2opck4q973fp,cmq27k2ym07fj2opc9e0m922v,false,2026-06-06T11:26:48.684,,,
cmq29pydy0qwo2opcnrcote4p,Sunken Filling,cmq29pydj0qpd2opck4q973fp,cmq27k2ym07fj2opc9e0m922v,false,2026-06-06T11:26:48.684,,,
cmq29pydy0qx02opc7ts0h0wd,ventilation work,cmq29pydj0qpd2opck4q973fp,cmq27k2ym07fj2opc9e0m922v,false,2026-06-06T11:26:48.684,,,
cmq29pydz0qx92opco6790xs2,fixing,cmq29pydj0qpd2opck4q973fp,cmq27k2ym07fj2opc9e0m922v,false,2026-06-06T11:26:48.684,,,
cmq29pye00qxl2opcpxcczt4f,Fire Hydrant installation,cmq29pydj0qpd2opck4q973fp,cmq27k2ym07fj2opc9e0m922v,false,2026-06-06T11:26:48.684,,,
cmq29pye20qxt2opcrocfm30u,conduiting,cmq29pye10qxr2opcftzzgr8b,cmq27k2ym07fj2opc9e0m922v,false,2026-06-06T11:26:48.684,,,
cmq29pye20qy22opcn8z6m7qp,Fixtures fixing work,cmq29pye10qxr2opcftzzgr8b,cmq27k2ym07fj2opc9e0m922v,false,2026-06-06T11:26:48.684,,,
cmq29pye30qye2opch977rcb0,wiring,cmq29pye10qxr2opcftzzgr8b,cmq27k2ym07fj2opc9e0m922v,false,2026-06-06T11:26:48.684,,,
cmq29pye30qyw2opcrw0hflpm,Dressing Work,cmq29pye10qxr2opcftzzgr8b,cmq27k2ym07fj2opc9e0m922v,false,2026-06-06T11:26:48.684,,,
cmq29pye30qz52opccih1ym0b,Civil work,cmq29pye10qxr2opcftzzgr8b,cmq27k2ym07fj2opc9e0m922v,false,2026-06-06T11:26:48.684,,,
cmq29pye30qzb2opc63ewr03s,Base Work,cmq29pye10qxr2opcftzzgr8b,cmq27k2ym07fj2opc9e0m922v,false,2026-06-06T11:26:48.684,,,
cmq29pye30qzk2opce41vsb6q,Copper installation,cmq29pye10qxr2opcftzzgr8b,cmq27k2ym07fj2opc9e0m922v,false,2026-06-06T11:26:48.684,,,
cmq29pye30qzq2opcnmq026sj,Testing work,cmq29pye10qxr2opcftzzgr8b,cmq27k2ym07fj2opc9e0m922v,false,2026-06-06T11:26:48.684,,,
cmq29pye40qzw2opc06b7nic6,Pipe Laying work,cmq29pye10qxr2opcftzzgr8b,cmq27k2ym07fj2opc9e0m922v,false,2026-06-06T11:26:48.684,,,
cmq29pye40r022opcxrd2yoof,Units installation work,cmq29pye10qxr2opcftzzgr8b,cmq27k2ym07fj2opc9e0m922v,false,2026-06-06T11:26:48.684,,,
cmq29pye40r0b2opcnjh0u52v,Final stage of HVAC,cmq29pye10qxr2opcftzzgr8b,cmq27k2ym07fj2opc9e0m922v,false,2026-06-06T11:26:48.684,,,
cmq29pye40r0k2opcehzrjod0,Welding Work,cmq29pye10qxr2opcftzzgr8b,cmq27k2ym07fj2opc9e0m922v,false,2026-06-06T11:26:48.684,,,
cmq29pye40r0q2opczjmasgjv,Threading Work,cmq29pye10qxr2opcftzzgr8b,cmq27k2ym07fj2opc9e0m922v,false,2026-06-06T11:26:48.684,,,
cmq29pye40r0w2opc33wxk7fn,Piping  Testing Work,cmq29pye10qxr2opcftzzgr8b,cmq27k2ym07fj2opc9e0m922v,false,2026-06-06T11:26:48.684,,,
cmq29pye40r122opcqi4uuzgi,Balcony work,cmq29pye10qxr2opcftzzgr8b,cm39yc7n800g92q8zpnzg0m6z,false,2026-06-06T11:26:48.684,,,
cmq29pye60r1h2opcnoc17wz6,Fire Pipe Shaft Work,cmq29pye10qxr2opcftzzgr8b,cmq27k2ym07fj2opc9e0m922v,false,2026-06-06T11:26:48.684,,,
cmq29pye80r222opcgr8elqd6,Leveling work,cmq29pye10qxr2opcftzzgr8b,cm39yc7n800g92q8zpnzg0m6z,false,2026-06-06T11:26:48.684,,,
cmq29pye80r2b2opcsiodhzzb,Wall POP,cmq29pye10qxr2opcftzzgr8b,cm39yc7n800g92q8zpnzg0m6z,false,2026-06-06T11:26:48.684,,,
cmq29pye80r2h2opch24bs00m,Painting Fire Pipes,cmq29pye10qxr2opcftzzgr8b,cmq27k2ym07fj2opc9e0m922v,false,2026-06-06T11:26:48.684,,,
cmq29pye80r2n2opcgpf6g7nv,Ceiling work,cmq29pye10qxr2opcftzzgr8b,cm39yc7n800g92q8zpnzg0m6z,false,2026-06-06T11:26:48.684,,,
cmq29pye90r2z2opc0gt0qx1a,Granite work,cmq29pye10qxr2opcftzzgr8b,cm39yc7n800g92q8zpnzg0m6z,false,2026-06-06T11:26:48.684,,,
cmq29pye90r3e2opc8rr3ybwj,Tile work,cmq29pye10qxr2opcftzzgr8b,cm39yc7n800g92q8zpnzg0m6z,false,2026-06-06T11:26:48.684,,,
cmq29pye90r3n2opcl0kccph2,Washroom Work,cmq29pye10qxr2opcftzzgr8b,cm39yc7n800g92q8zpnzg0m6z,false,2026-06-06T11:26:48.684,,,
cmq29pyea0r3z2opcrcmuo33e,Servant toilet work,cmq29pye10qxr2opcftzzgr8b,cm39yc7n800g92q8zpnzg0m6z,false,2026-06-06T11:26:48.684,,,
cmq29pyea0r482opc9r9b7enk,Handover stage,cmq29pye10qxr2opcftzzgr8b,cmq27k2ym07fj2opc9e0m922v,false,2026-06-06T11:26:48.684,,,
cmq29pyea0r4h2opcro11mxxn,Plumbing Work,cmq29pye10qxr2opcftzzgr8b,cmq27k2ym07fj2opc9e0m922v,false,2026-06-06T11:26:48.684,,,
cmq29pyea0r4w2opcys31ww8l,Clamping Fixing Work,cmq29pye10qxr2opcftzzgr8b,cmq27k2ym07fj2opc9e0m922v,false,2026-06-06T11:26:48.684,,,
cmq29pyeb0r522opcvnul9lul,Sunken Filling,cmq29pye10qxr2opcftzzgr8b,cmq27k2ym07fj2opc9e0m922v,false,2026-06-06T11:26:48.684,,,
cmq29pyec0r5e2opc9ob9jx1z,ventilation work,cmq29pye10qxr2opcftzzgr8b,cmq27k2ym07fj2opc9e0m922v,false,2026-06-06T11:26:48.684,,,
cmq29pyed0r5n2opcc1z2d6xq,fixing,cmq29pye10qxr2opcftzzgr8b,cmq27k2ym07fj2opc9e0m922v,false,2026-06-06T11:26:48.684,,,
cmq29pyed0r5z2opcyfd7lh7j,Fire Hydrant installation,cmq29pye10qxr2opcftzzgr8b,cmq27k2ym07fj2opc9e0m922v,false,2026-06-06T11:26:48.684,,,
cmq29pyeg0r672opczc7cok8a,conduiting,cmq29pyee0r652opcauwwljop,cmq27k2ym07fj2opc9e0m922v,false,2026-06-06T11:26:48.684,,,
cmq29pyeg0r6g2opc7ulw7uej,Fixtures fixing work,cmq29pyee0r652opcauwwljop,cmq27k2ym07fj2opc9e0m922v,false,2026-06-06T11:26:48.684,,,
cmq29pyeg0r6s2opc4rrnolll,wiring,cmq29pyee0r652opcauwwljop,cmq27k2ym07fj2opc9e0m922v,false,2026-06-06T11:26:48.684,,,
cmq29pyeh0r7a2opcby8zu4ds,Dressing Work,cmq29pyee0r652opcauwwljop,cmq27k2ym07fj2opc9e0m922v,false,2026-06-06T11:26:48.684,,,
cmq29pyeh0r7j2opc40t6qjun,Civil work,cmq29pyee0r652opcauwwljop,cmq27k2ym07fj2opc9e0m922v,false,2026-06-06T11:26:48.684,,,
cmq29pyeh0r7p2opcfmd530xt,Base Work,cmq29pyee0r652opcauwwljop,cmq27k2ym07fj2opc9e0m922v,false,2026-06-06T11:26:48.684,,,
cmq29pyeh0r7y2opcummxaujj,Copper installation,cmq29pyee0r652opcauwwljop,cmq27k2ym07fj2opc9e0m922v,false,2026-06-06T11:26:48.684,,,
cmq29pyeh0r842opcau7xfv2s,Testing work,cmq29pyee0r652opcauwwljop,cmq27k2ym07fj2opc9e0m922v,false,2026-06-06T11:26:48.684,,,
cmq29pyeh0r8a2opcnxlcs8um,Pipe Laying work,cmq29pyee0r652opcauwwljop,cmq27k2ym07fj2opc9e0m922v,false,2026-06-06T11:26:48.684,,,
cmq29pyei0r8g2opc1k5eg5kw,Units installation work,cmq29pyee0r652opcauwwljop,cmq27k2ym07fj2opc9e0m922v,false,2026-06-06T11:26:48.684,,,
cmq29pyej0r8p2opcnhpas1kg,Final stage of HVAC,cmq29pyee0r652opcauwwljop,cmq27k2ym07fj2opc9e0m922v,false,2026-06-06T11:26:48.684,,,
cmq29pyej0r8y2opcg0uxpzwg,Piping  Testing Work,cmq29pyee0r652opcauwwljop,cmq27k2ym07fj2opc9e0m922v,false,2026-06-06T11:26:48.684,,,
cmq29pyej0r942opcy7iks7ec,Balcony work,cmq29pyee0r652opcauwwljop,cm39yc7n800g92q8zpnzg0m6z,false,2026-06-06T11:26:48.684,,,
cmq29pyek0r9j2opcw8tibhx9,Welding Work,cmq29pyee0r652opcauwwljop,cmq27k2ym07fj2opc9e0m922v,false,2026-06-06T11:26:48.684,,,
cmq29pyek0r9p2opckl620tz3,Threading Work,cmq29pyee0r652opcauwwljop,cmq27k2ym07fj2opc9e0m922v,false,2026-06-06T11:26:48.684,,,
cmq29pyel0r9v2opcu4dtv52y,Fire Pipe Shaft Work,cmq29pyee0r652opcauwwljop,cmq27k2ym07fj2opc9e0m922v,false,2026-06-06T11:26:48.684,,,
cmq29pyen0rag2opc830ydvoo,Leveling work,cmq29pyee0r652opcauwwljop,cm39yc7n800g92q8zpnzg0m6z,false,2026-06-06T11:26:48.684,,,
cmq29pyen0rap2opcdekx9pyp,Wall POP,cmq29pyee0r652opcauwwljop,cm39yc7n800g92q8zpnzg0m6z,false,2026-06-06T11:26:48.684,,,
cmq29pyen0rav2opcig36grqb,Painting Fire Pipes,cmq29pyee0r652opcauwwljop,cmq27k2ym07fj2opc9e0m922v,false,2026-06-06T11:26:48.684,,,
cmq29pyeo0rb12opcbk8r58rq,Ceiling work,cmq29pyee0r652opcauwwljop,cm39yc7n800g92q8zpnzg0m6z,false,2026-06-06T11:26:48.684,,,
cmq29pyeo0rbd2opc807k12gq,Granite work,cmq29pyee0r652opcauwwljop,cm39yc7n800g92q8zpnzg0m6z,false,2026-06-06T11:26:48.684,,,
cmq29pyep0rbs2opcosktr8gy,Tile work,cmq29pyee0r652opcauwwljop,cm39yc7n800g92q8zpnzg0m6z,false,2026-06-06T11:26:48.684,,,
cmq29pyep0rc12opcdkhil8b2,Washroom Work,cmq29pyee0r652opcauwwljop,cm39yc7n800g92q8zpnzg0m6z,false,2026-06-06T11:26:48.684,,,
cmq29pyeq0rcd2opc1bw7xgod,Servant toilet work,cmq29pyee0r652opcauwwljop,cm39yc7n800g92q8zpnzg0m6z,false,2026-06-06T11:26:48.684,,,
cmq29pyeq0rcm2opckutxfzlm,Handover stage,cmq29pyee0r652opcauwwljop,cmq27k2ym07fj2opc9e0m922v,false,2026-06-06T11:26:48.684,,,
cmq29pyeq0rcv2opcofgch91v,Plumbing Work,cmq29pyee0r652opcauwwljop,cmq27k2ym07fj2opc9e0m922v,false,2026-06-06T11:26:48.684,,,
cmq29pyes0rda2opc84tlqsp1,Clamping Fixing Work,cmq29pyee0r652opcauwwljop,cmq27k2ym07fj2opc9e0m922v,false,2026-06-06T11:26:48.684,,,
cmq29pyes0rdg2opc3cvuxx6a,Sunken Filling,cmq29pyee0r652opcauwwljop,cmq27k2ym07fj2opc9e0m922v,false,2026-06-06T11:26:48.684,,,
cmq29pyes0rds2opcs9gpr11y,ventilation work,cmq29pyee0r652opcauwwljop,cmq27k2ym07fj2opc9e0m922v,false,2026-06-06T11:26:48.684,,,
cmq29pyeu0re12opcjtbmc7vo,fixing,cmq29pyee0r652opcauwwljop,cmq27k2ym07fj2opc9e0m922v,false,2026-06-06T11:26:48.684,,,
cmq29pyeu0red2opc5g4zz9rx,Fire Hydrant installation,cmq29pyee0r652opcauwwljop,cmq27k2ym07fj2opc9e0m922v,false,2026-06-06T11:26:48.684,,,
cmq29pyex0rel2opchp3wr9aa,conduiting,cmq29pyew0rej2opcpjqdmqbt,cmq27k2ym07fj2opc9e0m922v,false,2026-06-06T11:26:48.684,,,
cmq29pyex0reu2opcavonfnuu,Fixtures fixing work,cmq29pyew0rej2opcpjqdmqbt,cmq27k2ym07fj2opc9e0m922v,false,2026-06-06T11:26:48.684,,,
cmq29pyex0rf62opc3ffpe5wp,wiring,cmq29pyew0rej2opcpjqdmqbt,cmq27k2ym07fj2opc9e0m922v,false,2026-06-06T11:26:48.684,,,
cmq29pyey0rfo2opc4yw84df2,Dressing Work,cmq29pyew0rej2opcpjqdmqbt,cmq27k2ym07fj2opc9e0m922v,false,2026-06-06T11:26:48.684,,,
cmq29pyey0rfx2opcn2faipke,Civil work,cmq29pyew0rej2opcpjqdmqbt,cmq27k2ym07fj2opc9e0m922v,false,2026-06-06T11:26:48.684,,,
cmq29pyey0rg32opc811ro03y,Base Work,cmq29pyew0rej2opcpjqdmqbt,cmq27k2ym07fj2opc9e0m922v,false,2026-06-06T11:26:48.684,,,
cmq29pyey0rgc2opcf8y6y7t2,Copper installation,cmq29pyew0rej2opcpjqdmqbt,cmq27k2ym07fj2opc9e0m922v,false,2026-06-06T11:26:48.684,,,
cmq29pyey0rgi2opc2vlclpju,Testing work,cmq29pyew0rej2opcpjqdmqbt,cmq27k2ym07fj2opc9e0m922v,false,2026-06-06T11:26:48.684,,,
cmq29pyey0rgo2opchpdgr6rx,Units installation work,cmq29pyew0rej2opcpjqdmqbt,cmq27k2ym07fj2opc9e0m922v,false,2026-06-06T11:26:48.684,,,
cmq29pyey0rgx2opcg0ae1xde,Final stage of HVAC,cmq29pyew0rej2opcpjqdmqbt,cmq27k2ym07fj2opc9e0m922v,false,2026-06-06T11:26:48.684,,,
cmq29pyez0rh62opcxox2dzsl,Pipe Laying work,cmq29pyew0rej2opcpjqdmqbt,cmq27k2ym07fj2opc9e0m922v,false,2026-06-06T11:26:48.684,,,
cmq29pyez0rhc2opcvuu9ypqf,Welding Work,cmq29pyew0rej2opcpjqdmqbt,cmq27k2ym07fj2opc9e0m922v,false,2026-06-06T11:26:48.684,,,
cmq29pyez0rhi2opca6lc3qvb,Threading Work,cmq29pyew0rej2opcpjqdmqbt,cmq27k2ym07fj2opc9e0m922v,false,2026-06-06T11:26:48.684,,,
cmq29pyez0rho2opcduysmp9n,Piping  Testing Work,cmq29pyew0rej2opcpjqdmqbt,cmq27k2ym07fj2opc9e0m922v,false,2026-06-06T11:26:48.684,,,
cmq29pyez0rhu2opcnxezbkzg,Balcony work,cmq29pyew0rej2opcpjqdmqbt,cm39yc7n800g92q8zpnzg0m6z,false,2026-06-06T11:26:48.684,,,
cmq29pyez0ri92opcg5k9irwp,Leveling work,cmq29pyew0rej2opcpjqdmqbt,cm39yc7n800g92q8zpnzg0m6z,false,2026-06-06T11:26:48.684,,,
cmq29pyf00rii2opcjqu9p7wo,Wall POP,cmq29pyew0rej2opcpjqdmqbt,cm39yc7n800g92q8zpnzg0m6z,false,2026-06-06T11:26:48.684,,,
cmq29pyf00rio2opcsdlusa1c,Painting Fire Pipes,cmq29pyew0rej2opcpjqdmqbt,cmq27k2ym07fj2opc9e0m922v,false,2026-06-06T11:26:48.684,,,
cmq29pyf00riu2opcg63vd249,Ceiling work,cmq29pyew0rej2opcpjqdmqbt,cm39yc7n800g92q8zpnzg0m6z,false,2026-06-06T11:26:48.684,,,
cmq29pyf10rj62opccavrcrnc,Granite work,cmq29pyew0rej2opcpjqdmqbt,cm39yc7n800g92q8zpnzg0m6z,false,2026-06-06T11:26:48.684,,,
cmq29pyf20rjl2opcwgyr0zgj,Fire Pipe Shaft Work,cmq29pyew0rej2opcpjqdmqbt,cmq27k2ym07fj2opc9e0m922v,false,2026-06-06T11:26:48.684,,,
cmq29pyf40rk62opcxq0crapi,Tile work,cmq29pyew0rej2opcpjqdmqbt,cm39yc7n800g92q8zpnzg0m6z,false,2026-06-06T11:26:48.684,,,
cmq29pyf50rkf2opcyq8ic6cm,Washroom Work,cmq29pyew0rej2opcpjqdmqbt,cm39yc7n800g92q8zpnzg0m6z,false,2026-06-06T11:26:48.684,,,
cmq29pyf50rkr2opcc155uizx,Servant toilet work,cmq29pyew0rej2opcpjqdmqbt,cm39yc7n800g92q8zpnzg0m6z,false,2026-06-06T11:26:48.684,,,
cmq29pyf50rl02opcmdm4im2m,Handover stage,cmq29pyew0rej2opcpjqdmqbt,cmq27k2ym07fj2opc9e0m922v,false,2026-06-06T11:26:48.684,,,
cmq29pyf50rl92opcbgq3swcj,fixing,cmq29pyew0rej2opcpjqdmqbt,cmq27k2ym07fj2opc9e0m922v,false,2026-06-06T11:26:48.684,,,
cmq29pyf60rll2opckxjsww8n,Plumbing Work,cmq29pyew0rej2opcpjqdmqbt,cmq27k2ym07fj2opc9e0m922v,false,2026-06-06T11:26:48.684,,,
cmq29pyf60rm02opciskpg8cc,Clamping Fixing Work,cmq29pyew0rej2opcpjqdmqbt,cmq27k2ym07fj2opc9e0m922v,false,2026-06-06T11:26:48.684,,,
cmq29pyf60rm62opc78daid7d,Sunken Filling,cmq29pyew0rej2opcpjqdmqbt,cmq27k2ym07fj2opc9e0m922v,false,2026-06-06T11:26:48.684,,,
cmq29pyf60rmi2opc7kxmchnh,ventilation work,cmq29pyew0rej2opcpjqdmqbt,cmq27k2ym07fj2opc9e0m922v,false,2026-06-06T11:26:48.684,,,
cmq29pyf70rmr2opcettqubu2,Fire Hydrant installation,cmq29pyew0rej2opcpjqdmqbt,cmq27k2ym07fj2opc9e0m922v,false,2026-06-06T11:26:48.684,,,
cmq4wwg6s0rwm2opcwh32mgwk,Leveling work,cmq4wv2ma0rwc2opcwnkh3551,cm39yc7n800g92q8zpnzg0m6z,false,2026-06-08T07:51:17.229,,2026-06-08T06:30:00,
cmq4wzei90rx72opc0ct4drtp,Ceiling work,cmq4wv2ma0rwc2opcwnkh3551,cm39yc7n800g92q8zpnzg0m6z,false,2026-06-08T07:53:35.017,,2026-06-08T06:30:00,
cmq4x0q6x0ryc2opcweqn2p06,Tile work,cmq4wv2ma0rwc2opcwnkh3551,cm39yc7n800g92q8zpnzg0m6z,false,2026-06-08T07:54:36.82,,2026-06-08T06:30:00,
cmq4x1sw70rz02opcva4k0rhw,wooden work,cmq4wv2ma0rwc2opcwnkh3551,cm39yc7n800g92q8zpnzg0m6z,false,2026-06-08T07:55:26.978,,2026-06-08T06:30:00,
cmq4x2mc30rzg2opcl0prd7fo,Granite work,cmq4wv2ma0rwc2opcwnkh3551,cm39yc7n800g92q8zpnzg0m6z,false,2026-06-08T07:56:05.129,,2026-06-08T06:30:00,
cmq4x3r2x0rzy2opcs7am6fyy,Paint work,cmq4wv2ma0rwc2opcwnkh3551,cm39yc7n800g92q8zpnzg0m6z,false,2026-06-08T07:56:57.94,,2026-06-08T06:30:00,
cmq4x4p5w0s0n2opckbvjxyqz,Door work,cmq4wv2ma0rwc2opcwnkh3551,cm39yc7n800g92q8zpnzg0m6z,false,2026-06-08T07:57:42.112,,2026-06-08T06:30:00,
cmq4x6rwa0s192opcv72gpo1u,Conduit & Box Installation,cmq4wv2ma0rwc2opcwnkh3551,cmq27k2ym07fj2opc9e0m922v,false,2026-06-08T07:59:18.965,,2026-06-08T06:30:00,
cmq4xe5qh0s4i2opcuzguhp86,Fixtures & Device Installation,cmq4wv2ma0rwc2opcwnkh3551,cmq27k2ym07fj2opc9e0m922v,false,2026-06-08T08:05:03.493,,2026-06-08T06:30:00,
cmq4xeo3v0s3t2opcq7m2fd48,DB Works,cmq4wv2ma0rwc2opcwnkh3551,cmq27k2ym07fj2opc9e0m922v,false,2026-06-08T08:05:27.294,,2026-06-08T06:30:00,
cmq4xeyem0s522opcp7lv54q9,Testing & Commissioning,cmq4wv2ma0rwc2opcwnkh3551,cmq27k2ym07fj2opc9e0m922v,false,2026-06-08T08:05:40.649,,2026-06-08T06:30:00,
cmq4xgp1o0s5j2opccvmkcnxa,Pre-Execution & Planning,cmq4wv2ma0rwc2opcwnkh3551,cmq27k2ym07fj2opc9e0m922v,false,2026-06-08T08:07:01.83,,2026-06-08T06:30:00,
cmq4xhzwx0s662opcz4agxmit,Civil Interface & Preparatory Works,cmq4wv2ma0rwc2opcwnkh3551,cmq27k2ym07fj2opc9e0m922v,false,2026-06-08T08:08:02.571,,2026-06-08T06:30:00,
cmq4xj1ic0s702opcuwj9guyi,Refrigerant Piping Works,cmq4wv2ma0rwc2opcwnkh3551,cmq27k2ym07fj2opc9e0m922v,false,2026-06-08T08:08:51.295,,2026-06-08T06:30:00,
cmq4xku800s7t2opcy9111c9x,Ducting Works,cmq4wv2ma0rwc2opcwnkh3551,cmq27k2ym07fj2opc9e0m922v,false,2026-06-08T08:10:15.163,,2026-06-08T06:30:00,
cmq4xmkoh0s8w2opcows5y1md,Equipment & Accessories Installation,cmq4wv2ma0rwc2opcwnkh3551,cmq27k2ym07fj2opc9e0m922v,false,2026-06-08T08:11:36.107,,2026-06-08T06:30:00,
cmq4xncx50s9o2opcpke8ofy1,"Testing, Handover & Closeou",cmq4wv2ma0rwc2opcwnkh3551,cmq27k2ym07fj2opc9e0m922v,false,2026-06-08T08:12:12.709,,2026-06-08T06:30:00,
cmq4xtlke0sa52opcvsemjo27,Civil Preparation,cmq4wv2ma0rwc2opcwnkh3551,cmq27k2ym07fj2opc9e0m922v,false,2026-06-08T08:17:03.849,,2026-06-08T06:30:00,
cmq4xunc20sap2opcucgnezdj,Plumbing Installation,cmq4wv2ma0rwc2opcwnkh3551,cmq27k2ym07fj2opc9e0m922v,false,2026-06-08T08:17:52.797,,2026-06-08T06:30:00,
cmq4xvj0n0sb62opcxp774rl0,Testing & Quality Check,cmq4wv2ma0rwc2opcwnkh3551,cmq27k2ym07fj2opc9e0m922v,false,2026-06-08T08:18:33.858,,2026-06-08T06:30:00,
cmq4y0ov00sj92opcqft0hs9r,Leveling work,cmq4y0ouz0sj72opcr9m0f5uo,cm39yc7n800g92q8zpnzg0m6z,false,2026-06-08T08:22:34.692,,,
cmq4y0ov10sjg2opc5dn0dk51,Ceiling work,cmq4y0ouz0sj72opcr9m0f5uo,cm39yc7n800g92q8zpnzg0m6z,false,2026-06-08T08:22:34.692,,,
cmq4y0ov10sk22opcfc80in4n,Tile work,cmq4y0ouz0sj72opcr9m0f5uo,cm39yc7n800g92q8zpnzg0m6z,false,2026-06-08T08:22:34.692,,,
cmq4y0ov10skf2opcwa3hm3mq,wooden work,cmq4y0ouz0sj72opcr9m0f5uo,cm39yc7n800g92q8zpnzg0m6z,false,2026-06-08T08:22:34.692,,,
cmq4y0ov20skm2opcsuu170r2,Granite work,cmq4y0ouz0sj72opcr9m0f5uo,cm39yc7n800g92q8zpnzg0m6z,false,2026-06-08T08:22:34.692,,,
cmq4xaa510s1x2opcocc25m7g,Cable Pulling & Wiring,cmq4wv2ma0rwc2opcwnkh3551,cmq27k2ym07fj2opc9e0m922v,false,2026-06-08T08:02:02.575,,2026-06-08T06:30:00,
cmq4y0ov20skt2opcdej9oipc,Paint work,cmq4y0ouz0sj72opcr9m0f5uo,cm39yc7n800g92q8zpnzg0m6z,false,2026-06-08T08:22:34.692,,,
cmq4y0ov20sl62opc8d02z99e,Door work,cmq4y0ouz0sj72opcr9m0f5uo,cm39yc7n800g92q8zpnzg0m6z,false,2026-06-08T08:22:34.692,,,
cmq4y0ov20slg2opco50mqy4i,Conduit & Box Installation,cmq4y0ouz0sj72opcr9m0f5uo,cmq27k2ym07fj2opc9e0m922v,false,2026-06-08T08:22:34.692,,,
cmq4y0ov20slt2opcjjp1g2ms,Fixtures & Device Installation,cmq4y0ouz0sj72opcr9m0f5uo,cmq27k2ym07fj2opc9e0m922v,false,2026-06-08T08:22:34.692,,,
cmq4y0ov20sm32opcoxrzt3zc,DB Works,cmq4y0ouz0sj72opcr9m0f5uo,cmq27k2ym07fj2opc9e0m922v,false,2026-06-08T08:22:34.692,,,
cmq4y0ov30smg2opcrfxzmdql,Testing & Commissioning,cmq4y0ouz0sj72opcr9m0f5uo,cmq27k2ym07fj2opc9e0m922v,false,2026-06-08T08:22:34.692,,,
cmq4y0ov30smn2opcm81ew6h1,Pre-Execution & Planning,cmq4y0ouz0sj72opcr9m0f5uo,cmq27k2ym07fj2opc9e0m922v,false,2026-06-08T08:22:34.692,,,
cmq4y0ov30smx2opcy0q1kex0,Civil Interface & Preparatory Works,cmq4y0ouz0sj72opcr9m0f5uo,cmq27k2ym07fj2opc9e0m922v,false,2026-06-08T08:22:34.692,,,
cmq4y0ov30snd2opcpk1m2pwz,Refrigerant Piping Works,cmq4y0ouz0sj72opcr9m0f5uo,cmq27k2ym07fj2opc9e0m922v,false,2026-06-08T08:22:34.692,,,
cmq4y0ov40snq2opc14dkjyac,Ducting Works,cmq4y0ouz0sj72opcr9m0f5uo,cmq27k2ym07fj2opc9e0m922v,false,2026-06-08T08:22:34.692,,,
cmq4y0ov40soc2opctk6y439k,Equipment & Accessories Installation,cmq4y0ouz0sj72opcr9m0f5uo,cmq27k2ym07fj2opc9e0m922v,false,2026-06-08T08:22:34.692,,,
cmq4y0ov40sos2opchppyhkiz,"Testing, Handover & Closeou",cmq4y0ouz0sj72opcr9m0f5uo,cmq27k2ym07fj2opc9e0m922v,false,2026-06-08T08:22:34.692,,,
cmq4y0ov40soz2opcgvne59qh,Civil Preparation,cmq4y0ouz0sj72opcr9m0f5uo,cmq27k2ym07fj2opc9e0m922v,false,2026-06-08T08:22:34.692,,,
cmq4y0ov50sp92opccpjwij96,Plumbing Installation,cmq4y0ouz0sj72opcr9m0f5uo,cmq27k2ym07fj2opc9e0m922v,false,2026-06-08T08:22:34.692,,,
cmq4y0ov50spg2opcakumk9tp,Testing & Quality Check,cmq4y0ouz0sj72opcr9m0f5uo,cmq27k2ym07fj2opc9e0m922v,false,2026-06-08T08:22:34.692,,,
cmq4y0ov50spq2opct4pria97,Cable Pulling & Wiring,cmq4y0ouz0sj72opcr9m0f5uo,cmq27k2ym07fj2opc9e0m922v,false,2026-06-08T08:22:34.692,,,
cmq4y0oy30squ2opcajsy23if,Leveling work,cmq4y0oy20sqs2opcwxz37kuj,cm39yc7n800g92q8zpnzg0m6z,false,2026-06-08T08:22:34.692,,,
cmq4y0oy40sr12opcbddnix72,Ceiling work,cmq4y0oy20sqs2opcwxz37kuj,cm39yc7n800g92q8zpnzg0m6z,false,2026-06-08T08:22:34.692,,,
cmq4y0oy40srn2opcoz0nf8y5,Tile work,cmq4y0oy20sqs2opcwxz37kuj,cm39yc7n800g92q8zpnzg0m6z,false,2026-06-08T08:22:34.692,,,
cmq4y0oy40ss02opcqipynllw,wooden work,cmq4y0oy20sqs2opcwxz37kuj,cm39yc7n800g92q8zpnzg0m6z,false,2026-06-08T08:22:34.692,,,
cmq4y0oy50ss72opc5muawfbg,Granite work,cmq4y0oy20sqs2opcwxz37kuj,cm39yc7n800g92q8zpnzg0m6z,false,2026-06-08T08:22:34.692,,,
cmq4y0oy50sse2opc23l4vswt,Paint work,cmq4y0oy20sqs2opcwxz37kuj,cm39yc7n800g92q8zpnzg0m6z,false,2026-06-08T08:22:34.692,,,
cmq4y0oy50ssr2opcwd633dbl,Door work,cmq4y0oy20sqs2opcwxz37kuj,cm39yc7n800g92q8zpnzg0m6z,false,2026-06-08T08:22:34.692,,,
cmq4y0oy50st12opc8e8cnuf8,Conduit & Box Installation,cmq4y0oy20sqs2opcwxz37kuj,cmq27k2ym07fj2opc9e0m922v,false,2026-06-08T08:22:34.692,,,
cmq4y0oy50ste2opcea8l8y8y,Fixtures & Device Installation,cmq4y0oy20sqs2opcwxz37kuj,cmq27k2ym07fj2opc9e0m922v,false,2026-06-08T08:22:34.692,,,
cmq4y0oy60sto2opcvtrh659b,DB Works,cmq4y0oy20sqs2opcwxz37kuj,cmq27k2ym07fj2opc9e0m922v,false,2026-06-08T08:22:34.692,,,
cmq4y0oy60su12opcnmuyv5ki,Testing & Commissioning,cmq4y0oy20sqs2opcwxz37kuj,cmq27k2ym07fj2opc9e0m922v,false,2026-06-08T08:22:34.692,,,
cmq4y0oy60su82opcnvoigqxy,Pre-Execution & Planning,cmq4y0oy20sqs2opcwxz37kuj,cmq27k2ym07fj2opc9e0m922v,false,2026-06-08T08:22:34.692,,,
cmq4y0oy60sui2opcp9i8h3om,Civil Interface & Preparatory Works,cmq4y0oy20sqs2opcwxz37kuj,cmq27k2ym07fj2opc9e0m922v,false,2026-06-08T08:22:34.692,,,
cmq4y0oy60suy2opc1cd85iu6,Refrigerant Piping Works,cmq4y0oy20sqs2opcwxz37kuj,cmq27k2ym07fj2opc9e0m922v,false,2026-06-08T08:22:34.692,,,
cmq4y0oy70svb2opcpkeusthv,Ducting Works,cmq4y0oy20sqs2opcwxz37kuj,cmq27k2ym07fj2opc9e0m922v,false,2026-06-08T08:22:34.692,,,
cmq4y0oy70svx2opcg4fwbj8u,Equipment & Accessories Installation,cmq4y0oy20sqs2opcwxz37kuj,cmq27k2ym07fj2opc9e0m922v,false,2026-06-08T08:22:34.692,,,
cmq4y0oy70swd2opcd41d7en5,"Testing, Handover & Closeou",cmq4y0oy20sqs2opcwxz37kuj,cmq27k2ym07fj2opc9e0m922v,false,2026-06-08T08:22:34.692,,,
cmq4y0oy80swk2opcwtrgizgm,Civil Preparation,cmq4y0oy20sqs2opcwxz37kuj,cmq27k2ym07fj2opc9e0m922v,false,2026-06-08T08:22:34.692,,,
cmq4y0oy80swu2opc8nzuojyh,Plumbing Installation,cmq4y0oy20sqs2opcwxz37kuj,cmq27k2ym07fj2opc9e0m922v,false,2026-06-08T08:22:34.692,,,
cmq4y0oy80sx12opccmfhsd3o,Testing & Quality Check,cmq4y0oy20sqs2opcwxz37kuj,cmq27k2ym07fj2opc9e0m922v,false,2026-06-08T08:22:34.692,,,
cmq4y0oy80sxb2opcw7h6fz6h,Cable Pulling & Wiring,cmq4y0oy20sqs2opcwxz37kuj,cmq27k2ym07fj2opc9e0m922v,false,2026-06-08T08:22:34.692,,,
cmq4y0uw60syh2opcyzxmeomn,Leveling work,cmq4y0uw50syf2opc56u8dcth,cm39yc7n800g92q8zpnzg0m6z,false,2026-06-08T08:22:42.507,,,
cmq4y0uw70syo2opc948c84gm,Ceiling work,cmq4y0uw50syf2opc56u8dcth,cm39yc7n800g92q8zpnzg0m6z,false,2026-06-08T08:22:42.507,,,
cmq4y0uw70sza2opcnv2n2ygj,Tile work,cmq4y0uw50syf2opc56u8dcth,cm39yc7n800g92q8zpnzg0m6z,false,2026-06-08T08:22:42.507,,,
cmq4y0uw70szn2opcd4lewbb3,wooden work,cmq4y0uw50syf2opc56u8dcth,cm39yc7n800g92q8zpnzg0m6z,false,2026-06-08T08:22:42.507,,,
cmq4y0uw70szu2opchcsqwcbh,Granite work,cmq4y0uw50syf2opc56u8dcth,cm39yc7n800g92q8zpnzg0m6z,false,2026-06-08T08:22:42.507,,,
cmq4y0uw80t012opczdcsikv3,Paint work,cmq4y0uw50syf2opc56u8dcth,cm39yc7n800g92q8zpnzg0m6z,false,2026-06-08T08:22:42.507,,,
cmq4y0uw80t0e2opcbonlhn61,Door work,cmq4y0uw50syf2opc56u8dcth,cm39yc7n800g92q8zpnzg0m6z,false,2026-06-08T08:22:42.507,,,
cmq4y0uw80t0o2opcugxd0pds,Conduit & Box Installation,cmq4y0uw50syf2opc56u8dcth,cmq27k2ym07fj2opc9e0m922v,false,2026-06-08T08:22:42.507,,,
cmq4y0uw80t112opc2f2ap3h4,Fixtures & Device Installation,cmq4y0uw50syf2opc56u8dcth,cmq27k2ym07fj2opc9e0m922v,false,2026-06-08T08:22:42.507,,,
cmq4y0uw80t1b2opc78ek5v80,DB Works,cmq4y0uw50syf2opc56u8dcth,cmq27k2ym07fj2opc9e0m922v,false,2026-06-08T08:22:42.507,,,
cmq4y0uw90t1o2opcls6u72dm,Testing & Commissioning,cmq4y0uw50syf2opc56u8dcth,cmq27k2ym07fj2opc9e0m922v,false,2026-06-08T08:22:42.507,,,
cmq4y0uw90t1v2opc3o5jin5p,Pre-Execution & Planning,cmq4y0uw50syf2opc56u8dcth,cmq27k2ym07fj2opc9e0m922v,false,2026-06-08T08:22:42.507,,,
cmq4y0uw90t252opc5oozrzog,Civil Interface & Preparatory Works,cmq4y0uw50syf2opc56u8dcth,cmq27k2ym07fj2opc9e0m922v,false,2026-06-08T08:22:42.507,,,
cmq4y0uw90t2l2opcakt4o66u,Refrigerant Piping Works,cmq4y0uw50syf2opc56u8dcth,cmq27k2ym07fj2opc9e0m922v,false,2026-06-08T08:22:42.507,,,
cmq4y0uwa0t2y2opcyefz2fln,Ducting Works,cmq4y0uw50syf2opc56u8dcth,cmq27k2ym07fj2opc9e0m922v,false,2026-06-08T08:22:42.507,,,
cmq4y0uwa0t3k2opcm8gh1g62,Equipment & Accessories Installation,cmq4y0uw50syf2opc56u8dcth,cmq27k2ym07fj2opc9e0m922v,false,2026-06-08T08:22:42.507,,,
cmq4y0uwa0t402opcrbd9n6ef,"Testing, Handover & Closeou",cmq4y0uw50syf2opc56u8dcth,cmq27k2ym07fj2opc9e0m922v,false,2026-06-08T08:22:42.507,,,
cmq4y0uwa0t472opc0vaxxy30,Civil Preparation,cmq4y0uw50syf2opc56u8dcth,cmq27k2ym07fj2opc9e0m922v,false,2026-06-08T08:22:42.507,,,
cmq4y0uwb0t4h2opcp33o172k,Plumbing Installation,cmq4y0uw50syf2opc56u8dcth,cmq27k2ym07fj2opc9e0m922v,false,2026-06-08T08:22:42.507,,,
cmq4y0uwb0t4o2opctg0mme2l,Testing & Quality Check,cmq4y0uw50syf2opc56u8dcth,cmq27k2ym07fj2opc9e0m922v,false,2026-06-08T08:22:42.507,,,
cmq4y0uwb0t4y2opcg433hnkm,Cable Pulling & Wiring,cmq4y0uw50syf2opc56u8dcth,cmq27k2ym07fj2opc9e0m922v,false,2026-06-08T08:22:42.507,,,
cmq4y0uz70t622opcd3995qpg,Leveling work,cmq4y0uz60t602opc4v676jpz,cm39yc7n800g92q8zpnzg0m6z,false,2026-06-08T08:22:42.507,,,
cmq4y0uz80t692opccahvljob,Ceiling work,cmq4y0uz60t602opc4v676jpz,cm39yc7n800g92q8zpnzg0m6z,false,2026-06-08T08:22:42.507,,,
cmq4y0uz80t6v2opcsgwptsj2,Tile work,cmq4y0uz60t602opc4v676jpz,cm39yc7n800g92q8zpnzg0m6z,false,2026-06-08T08:22:42.507,,,
cmq4y0uz80t782opc34r52nw1,wooden work,cmq4y0uz60t602opc4v676jpz,cm39yc7n800g92q8zpnzg0m6z,false,2026-06-08T08:22:42.507,,,
cmq4y0uz90t7f2opcc73ldeiu,Granite work,cmq4y0uz60t602opc4v676jpz,cm39yc7n800g92q8zpnzg0m6z,false,2026-06-08T08:22:42.507,,,
cmq4y0uz90t7m2opccvup5hyv,Paint work,cmq4y0uz60t602opc4v676jpz,cm39yc7n800g92q8zpnzg0m6z,false,2026-06-08T08:22:42.507,,,
cmq4y0uz90t7z2opc4gkl6cey,Door work,cmq4y0uz60t602opc4v676jpz,cm39yc7n800g92q8zpnzg0m6z,false,2026-06-08T08:22:42.507,,,
cmq4y0uz90t892opcnxw0kc6v,Conduit & Box Installation,cmq4y0uz60t602opc4v676jpz,cmq27k2ym07fj2opc9e0m922v,false,2026-06-08T08:22:42.507,,,
cmq4y0uz90t8m2opchc9n518y,Fixtures & Device Installation,cmq4y0uz60t602opc4v676jpz,cmq27k2ym07fj2opc9e0m922v,false,2026-06-08T08:22:42.507,,,
cmq4y0uz90t8w2opcovlypael,DB Works,cmq4y0uz60t602opc4v676jpz,cmq27k2ym07fj2opc9e0m922v,false,2026-06-08T08:22:42.507,,,
cmq4y0uza0t992opc4x8cgr4p,Testing & Commissioning,cmq4y0uz60t602opc4v676jpz,cmq27k2ym07fj2opc9e0m922v,false,2026-06-08T08:22:42.507,,,
cmq4y0uza0t9g2opc2vs3udub,Pre-Execution & Planning,cmq4y0uz60t602opc4v676jpz,cmq27k2ym07fj2opc9e0m922v,false,2026-06-08T08:22:42.507,,,
cmq4y0uza0t9q2opcs5syyxbi,Civil Interface & Preparatory Works,cmq4y0uz60t602opc4v676jpz,cmq27k2ym07fj2opc9e0m922v,false,2026-06-08T08:22:42.507,,,
cmq4y0uza0ta62opc72u67cv8,Refrigerant Piping Works,cmq4y0uz60t602opc4v676jpz,cmq27k2ym07fj2opc9e0m922v,false,2026-06-08T08:22:42.507,,,
cmq4y0uzb0taj2opckpu1as8x,Ducting Works,cmq4y0uz60t602opc4v676jpz,cmq27k2ym07fj2opc9e0m922v,false,2026-06-08T08:22:42.507,,,
cmq4y0uzb0tb52opc4kkx6z07,Equipment & Accessories Installation,cmq4y0uz60t602opc4v676jpz,cmq27k2ym07fj2opc9e0m922v,false,2026-06-08T08:22:42.507,,,
cmq4y0uzb0tbl2opcrw6fsy80,"Testing, Handover & Closeou",cmq4y0uz60t602opc4v676jpz,cmq27k2ym07fj2opc9e0m922v,false,2026-06-08T08:22:42.507,,,
cmq4y0uzb0tbs2opc4ho29y5h,Civil Preparation,cmq4y0uz60t602opc4v676jpz,cmq27k2ym07fj2opc9e0m922v,false,2026-06-08T08:22:42.507,,,
cmq4y0uzc0tc22opcw2qh6c6n,Plumbing Installation,cmq4y0uz60t602opc4v676jpz,cmq27k2ym07fj2opc9e0m922v,false,2026-06-08T08:22:42.507,,,
cmq4y0uzc0tc92opc1we2arlu,Testing & Quality Check,cmq4y0uz60t602opc4v676jpz,cmq27k2ym07fj2opc9e0m922v,false,2026-06-08T08:22:42.507,,,
cmq4y0uzc0tcj2opcbqtef4k0,Cable Pulling & Wiring,cmq4y0uz60t602opc4v676jpz,cmq27k2ym07fj2opc9e0m922v,false,2026-06-08T08:22:42.507,,,
cmq4y0v2a0tdn2opcm60apnrx,Leveling work,cmq4y0v280tdl2opc4rp6t8wi,cm39yc7n800g92q8zpnzg0m6z,false,2026-06-08T08:22:42.507,,,
cmq4y0v2a0tdu2opcrqz0sork,Ceiling work,cmq4y0v280tdl2opc4rp6t8wi,cm39yc7n800g92q8zpnzg0m6z,false,2026-06-08T08:22:42.507,,,
cmq4y0v2a0teg2opcr8oqbo9g,Tile work,cmq4y0v280tdl2opc4rp6t8wi,cm39yc7n800g92q8zpnzg0m6z,false,2026-06-08T08:22:42.507,,,
cmq4y0v2b0tet2opcxum13ere,wooden work,cmq4y0v280tdl2opc4rp6t8wi,cm39yc7n800g92q8zpnzg0m6z,false,2026-06-08T08:22:42.507,,,
cmq4y0v2b0tf02opcrb5g4gn3,Granite work,cmq4y0v280tdl2opc4rp6t8wi,cm39yc7n800g92q8zpnzg0m6z,false,2026-06-08T08:22:42.507,,,
cmq4y0v2b0tf72opcfgmw93g9,Paint work,cmq4y0v280tdl2opc4rp6t8wi,cm39yc7n800g92q8zpnzg0m6z,false,2026-06-08T08:22:42.507,,,
cmq4y0v2b0tfk2opcl1g5kn53,Door work,cmq4y0v280tdl2opc4rp6t8wi,cm39yc7n800g92q8zpnzg0m6z,false,2026-06-08T08:22:42.507,,,
cmq4y0v2b0tfu2opcjomdj07j,Conduit & Box Installation,cmq4y0v280tdl2opc4rp6t8wi,cmq27k2ym07fj2opc9e0m922v,false,2026-06-08T08:22:42.507,,,
cmq4y0v2c0tg72opcuadx5i9x,Fixtures & Device Installation,cmq4y0v280tdl2opc4rp6t8wi,cmq27k2ym07fj2opc9e0m922v,false,2026-06-08T08:22:42.507,,,
cmq4y0v2c0tgh2opcp9rwba28,DB Works,cmq4y0v280tdl2opc4rp6t8wi,cmq27k2ym07fj2opc9e0m922v,false,2026-06-08T08:22:42.507,,,
cmq4y0v2c0tgu2opczd2cnz3i,Testing & Commissioning,cmq4y0v280tdl2opc4rp6t8wi,cmq27k2ym07fj2opc9e0m922v,false,2026-06-08T08:22:42.507,,,
cmq4y0v2c0th12opcoa06csst,Pre-Execution & Planning,cmq4y0v280tdl2opc4rp6t8wi,cmq27k2ym07fj2opc9e0m922v,false,2026-06-08T08:22:42.507,,,
cmq4y0v2c0thb2opcc44t0urb,Civil Interface & Preparatory Works,cmq4y0v280tdl2opc4rp6t8wi,cmq27k2ym07fj2opc9e0m922v,false,2026-06-08T08:22:42.507,,,
cmq4y0v2d0thr2opcsf8rn41f,Refrigerant Piping Works,cmq4y0v280tdl2opc4rp6t8wi,cmq27k2ym07fj2opc9e0m922v,false,2026-06-08T08:22:42.507,,,
cmq4y0v2d0ti42opcfpobbnaf,Ducting Works,cmq4y0v280tdl2opc4rp6t8wi,cmq27k2ym07fj2opc9e0m922v,false,2026-06-08T08:22:42.507,,,
cmq4y0v2d0tiq2opclawykqnk,Equipment & Accessories Installation,cmq4y0v280tdl2opc4rp6t8wi,cmq27k2ym07fj2opc9e0m922v,false,2026-06-08T08:22:42.507,,,
cmq4y0v2e0tj62opcdwhusyyo,"Testing, Handover & Closeou",cmq4y0v280tdl2opc4rp6t8wi,cmq27k2ym07fj2opc9e0m922v,false,2026-06-08T08:22:42.507,,,
cmq4y0v2e0tjd2opc7ci0tkep,Civil Preparation,cmq4y0v280tdl2opc4rp6t8wi,cmq27k2ym07fj2opc9e0m922v,false,2026-06-08T08:22:42.507,,,
cmq4y0v2e0tjn2opcmzca983r,Plumbing Installation,cmq4y0v280tdl2opc4rp6t8wi,cmq27k2ym07fj2opc9e0m922v,false,2026-06-08T08:22:42.507,,,
cmq4y0v2e0tju2opcg8mdjog1,Testing & Quality Check,cmq4y0v280tdl2opc4rp6t8wi,cmq27k2ym07fj2opc9e0m922v,false,2026-06-08T08:22:42.507,,,
cmq4y0v2e0tk42opceitlqstg,Cable Pulling & Wiring,cmq4y0v280tdl2opc4rp6t8wi,cmq27k2ym07fj2opc9e0m922v,false,2026-06-08T08:22:42.507,,,
cmq4y0v590tl82opcrynrxyct,Leveling work,cmq4y0v570tl62opcxiafhcgp,cm39yc7n800g92q8zpnzg0m6z,false,2026-06-08T08:22:42.507,,,
cmq4y0v590tlf2opc15cg8zlh,Ceiling work,cmq4y0v570tl62opcxiafhcgp,cm39yc7n800g92q8zpnzg0m6z,false,2026-06-08T08:22:42.507,,,
cmq4y0v5a0tm12opcr6hwe361,Tile work,cmq4y0v570tl62opcxiafhcgp,cm39yc7n800g92q8zpnzg0m6z,false,2026-06-08T08:22:42.507,,,
cmq4y0v5a0tme2opcosv38c3v,wooden work,cmq4y0v570tl62opcxiafhcgp,cm39yc7n800g92q8zpnzg0m6z,false,2026-06-08T08:22:42.507,,,
cmq4y0v5a0tml2opcbusdylcd,Granite work,cmq4y0v570tl62opcxiafhcgp,cm39yc7n800g92q8zpnzg0m6z,false,2026-06-08T08:22:42.507,,,
cmq4y0v5a0tms2opcuujjpc7f,Paint work,cmq4y0v570tl62opcxiafhcgp,cm39yc7n800g92q8zpnzg0m6z,false,2026-06-08T08:22:42.507,,,
cmq4y0v5a0tn52opc7i3677jx,Door work,cmq4y0v570tl62opcxiafhcgp,cm39yc7n800g92q8zpnzg0m6z,false,2026-06-08T08:22:42.507,,,
cmq4y0v5b0tnf2opchwtlvgdb,Conduit & Box Installation,cmq4y0v570tl62opcxiafhcgp,cmq27k2ym07fj2opc9e0m922v,false,2026-06-08T08:22:42.507,,,
cmq4y0v5b0tns2opchfl1jqaf,Fixtures & Device Installation,cmq4y0v570tl62opcxiafhcgp,cmq27k2ym07fj2opc9e0m922v,false,2026-06-08T08:22:42.507,,,
cmq4y0v5b0to22opchd60eiey,DB Works,cmq4y0v570tl62opcxiafhcgp,cmq27k2ym07fj2opc9e0m922v,false,2026-06-08T08:22:42.507,,,
cmq4y0v5b0tof2opc8hd1ejr2,Testing & Commissioning,cmq4y0v570tl62opcxiafhcgp,cmq27k2ym07fj2opc9e0m922v,false,2026-06-08T08:22:42.507,,,
cmq4y0v5b0tom2opcli3jtk3j,Pre-Execution & Planning,cmq4y0v570tl62opcxiafhcgp,cmq27k2ym07fj2opc9e0m922v,false,2026-06-08T08:22:42.507,,,
cmq4y0v5c0tow2opcu2ha13ke,Civil Interface & Preparatory Works,cmq4y0v570tl62opcxiafhcgp,cmq27k2ym07fj2opc9e0m922v,false,2026-06-08T08:22:42.507,,,
cmq4y0v5c0tpc2opcpz5tz2tu,Refrigerant Piping Works,cmq4y0v570tl62opcxiafhcgp,cmq27k2ym07fj2opc9e0m922v,false,2026-06-08T08:22:42.507,,,
cmq4y0v5c0tpp2opc8ueppnvz,Ducting Works,cmq4y0v570tl62opcxiafhcgp,cmq27k2ym07fj2opc9e0m922v,false,2026-06-08T08:22:42.507,,,
cmq4y0v5d0tqb2opci9ei1ttd,Equipment & Accessories Installation,cmq4y0v570tl62opcxiafhcgp,cmq27k2ym07fj2opc9e0m922v,false,2026-06-08T08:22:42.507,,,
cmq4y0v5d0tqr2opc71skaq7x,"Testing, Handover & Closeou",cmq4y0v570tl62opcxiafhcgp,cmq27k2ym07fj2opc9e0m922v,false,2026-06-08T08:22:42.507,,,
cmq4y0v5d0tqy2opcc9v80apu,Civil Preparation,cmq4y0v570tl62opcxiafhcgp,cmq27k2ym07fj2opc9e0m922v,false,2026-06-08T08:22:42.507,,,
cmq4y0v5d0tr82opcylc3mon7,Plumbing Installation,cmq4y0v570tl62opcxiafhcgp,cmq27k2ym07fj2opc9e0m922v,false,2026-06-08T08:22:42.507,,,
cmq4y0v5d0trf2opcm8bh6pm6,Testing & Quality Check,cmq4y0v570tl62opcxiafhcgp,cmq27k2ym07fj2opc9e0m922v,false,2026-06-08T08:22:42.507,,,
cmq4y0v5d0trp2opceknlbtzt,Cable Pulling & Wiring,cmq4y0v570tl62opcxiafhcgp,cmq27k2ym07fj2opc9e0m922v,false,2026-06-08T08:22:42.507,,,
cmq4y109o0tsv2opchcx3x4ax,Leveling work,cmq4y109m0tst2opch2x9634v,cm39yc7n800g92q8zpnzg0m6z,false,2026-06-08T08:22:49.472,,,
cmq4y109o0tt22opcmtpcjwsp,Ceiling work,cmq4y109m0tst2opch2x9634v,cm39yc7n800g92q8zpnzg0m6z,false,2026-06-08T08:22:49.472,,,
cmq4y109p0tto2opc4u32olae,Tile work,cmq4y109m0tst2opch2x9634v,cm39yc7n800g92q8zpnzg0m6z,false,2026-06-08T08:22:49.472,,,
cmq4y109p0tu12opczzj4aa90,wooden work,cmq4y109m0tst2opch2x9634v,cm39yc7n800g92q8zpnzg0m6z,false,2026-06-08T08:22:49.472,,,
cmq4y109p0tu82opcfgu90dgo,Granite work,cmq4y109m0tst2opch2x9634v,cm39yc7n800g92q8zpnzg0m6z,false,2026-06-08T08:22:49.472,,,
cmq4y109p0tuf2opcobmn1lzy,Paint work,cmq4y109m0tst2opch2x9634v,cm39yc7n800g92q8zpnzg0m6z,false,2026-06-08T08:22:49.472,,,
cmq4y109q0tus2opc26dmfiy9,Door work,cmq4y109m0tst2opch2x9634v,cm39yc7n800g92q8zpnzg0m6z,false,2026-06-08T08:22:49.472,,,
cmq4y109q0tv22opc3kfgtceo,Conduit & Box Installation,cmq4y109m0tst2opch2x9634v,cmq27k2ym07fj2opc9e0m922v,false,2026-06-08T08:22:49.472,,,
cmq4y109q0tvf2opcbsoqjq2y,Fixtures & Device Installation,cmq4y109m0tst2opch2x9634v,cmq27k2ym07fj2opc9e0m922v,false,2026-06-08T08:22:49.472,,,
cmq4y109q0tvp2opci8gfkirf,DB Works,cmq4y109m0tst2opch2x9634v,cmq27k2ym07fj2opc9e0m922v,false,2026-06-08T08:22:49.472,,,
cmq4y109q0tw22opc0u6n36z9,Testing & Commissioning,cmq4y109m0tst2opch2x9634v,cmq27k2ym07fj2opc9e0m922v,false,2026-06-08T08:22:49.472,,,
cmq4y109q0tw92opcfgrllmf8,Pre-Execution & Planning,cmq4y109m0tst2opch2x9634v,cmq27k2ym07fj2opc9e0m922v,false,2026-06-08T08:22:49.472,,,
cmq4y109r0twj2opcj0ax9hc0,Civil Interface & Preparatory Works,cmq4y109m0tst2opch2x9634v,cmq27k2ym07fj2opc9e0m922v,false,2026-06-08T08:22:49.472,,,
cmq4y109r0twz2opce9051vm9,Refrigerant Piping Works,cmq4y109m0tst2opch2x9634v,cmq27k2ym07fj2opc9e0m922v,false,2026-06-08T08:22:49.472,,,
cmq4y109r0txc2opcnu6coao5,Ducting Works,cmq4y109m0tst2opch2x9634v,cmq27k2ym07fj2opc9e0m922v,false,2026-06-08T08:22:49.472,,,
cmq4y109s0txy2opc8vdl4owe,Equipment & Accessories Installation,cmq4y109m0tst2opch2x9634v,cmq27k2ym07fj2opc9e0m922v,false,2026-06-08T08:22:49.472,,,
cmq4y109s0tye2opcp7n2h66u,"Testing, Handover & Closeou",cmq4y109m0tst2opch2x9634v,cmq27k2ym07fj2opc9e0m922v,false,2026-06-08T08:22:49.472,,,
cmq4y109s0tyl2opcumzu26fb,Civil Preparation,cmq4y109m0tst2opch2x9634v,cmq27k2ym07fj2opc9e0m922v,false,2026-06-08T08:22:49.472,,,
cmq4y109s0tyv2opcl1s6idpt,Plumbing Installation,cmq4y109m0tst2opch2x9634v,cmq27k2ym07fj2opc9e0m922v,false,2026-06-08T08:22:49.472,,,
cmq4y109s0tz22opcwr2byf80,Testing & Quality Check,cmq4y109m0tst2opch2x9634v,cmq27k2ym07fj2opc9e0m922v,false,2026-06-08T08:22:49.472,,,
cmq4y109s0tzc2opcul6vv2ir,Cable Pulling & Wiring,cmq4y109m0tst2opch2x9634v,cmq27k2ym07fj2opc9e0m922v,false,2026-06-08T08:22:49.472,,,
cmq50j2jj18b12opcadq0aioh,Leveling work,cmq50j2jg18az2opcrza4xwev,cm39yc7n800g92q8zpnzg0m6z,false,2026-06-08T09:32:51.065,,,
cmq50j2jj18b72opccyfjajky,Ceiling work,cmq50j2jg18az2opcrza4xwev,cm39yc7n800g92q8zpnzg0m6z,false,2026-06-08T09:32:51.065,,,
cmq50j2jk18bs2opca52zyj77,Tile work,cmq50j2jg18az2opcrza4xwev,cm39yc7n800g92q8zpnzg0m6z,false,2026-06-08T09:32:51.065,,,
cmq50j2jk18c42opcrkav1grn,wooden work,cmq50j2jg18az2opcrza4xwev,cm39yc7n800g92q8zpnzg0m6z,false,2026-06-08T09:32:51.065,,,
cmq50j2jk18ca2opctht2adbp,Granite work,cmq50j2jg18az2opcrza4xwev,cm39yc7n800g92q8zpnzg0m6z,false,2026-06-08T09:32:51.065,,,
cmq50j2jl18cg2opcvtxsq39x,Paint work,cmq50j2jg18az2opcrza4xwev,cm39yc7n800g92q8zpnzg0m6z,false,2026-06-08T09:32:51.065,,,
cmq50j2jl18cs2opcorj04hrz,Door work,cmq50j2jg18az2opcrza4xwev,cm39yc7n800g92q8zpnzg0m6z,false,2026-06-08T09:32:51.065,,,
cmq50j2jl18d12opc1vuif4xw,Conduit & Box Installation,cmq50j2jg18az2opcrza4xwev,cmq27k2ym07fj2opc9e0m922v,false,2026-06-08T09:32:51.065,,,
cmq50j2jm18dd2opckzx2nd6r,Fixtures & Device Installation,cmq50j2jg18az2opcrza4xwev,cmq27k2ym07fj2opc9e0m922v,false,2026-06-08T09:32:51.065,,,
cmq50j2jm18dm2opco7tq8blo,DB Works,cmq50j2jg18az2opcrza4xwev,cmq27k2ym07fj2opc9e0m922v,false,2026-06-08T09:32:51.065,,,
cmq50j2jm18dy2opcbl2ax8i2,Testing & Commissioning,cmq50j2jg18az2opcrza4xwev,cmq27k2ym07fj2opc9e0m922v,false,2026-06-08T09:32:51.065,,,
cmq50j2jm18e42opc3rpxbysp,Pre-Execution & Planning,cmq50j2jg18az2opcrza4xwev,cmq27k2ym07fj2opc9e0m922v,false,2026-06-08T09:32:51.065,,,
cmq50j2jn18ed2opcj8ew9h52,Civil Interface & Preparatory Works,cmq50j2jg18az2opcrza4xwev,cmq27k2ym07fj2opc9e0m922v,false,2026-06-08T09:32:51.065,,,
cmq50j2jn18es2opcz8n9lf3v,Refrigerant Piping Works,cmq50j2jg18az2opcrza4xwev,cmq27k2ym07fj2opc9e0m922v,false,2026-06-08T09:32:51.065,,,
cmq50j2jo18f42opc0sst74kn,Ducting Works,cmq50j2jg18az2opcrza4xwev,cmq27k2ym07fj2opc9e0m922v,false,2026-06-08T09:32:51.065,,,
cmq50j2jo18fp2opco578htvf,Equipment & Accessories Installation,cmq50j2jg18az2opcrza4xwev,cmq27k2ym07fj2opc9e0m922v,false,2026-06-08T09:32:51.065,,,
cmq50j2jp18g42opcfa8rgmda,"Testing, Handover & Closeou",cmq50j2jg18az2opcrza4xwev,cmq27k2ym07fj2opc9e0m922v,false,2026-06-08T09:32:51.065,,,
cmq50j2jp18ga2opcyfuksgho,Civil Preparation,cmq50j2jg18az2opcrza4xwev,cmq27k2ym07fj2opc9e0m922v,false,2026-06-08T09:32:51.065,,,
cmq50j2jp18gj2opcly61zai0,Plumbing Installation,cmq50j2jg18az2opcrza4xwev,cmq27k2ym07fj2opc9e0m922v,false,2026-06-08T09:32:51.065,,,
cmq50j2jp18gp2opcbmfw3pv2,Testing & Quality Check,cmq50j2jg18az2opcrza4xwev,cmq27k2ym07fj2opc9e0m922v,false,2026-06-08T09:32:51.065,,,
cmq50j2jq18gy2opcq5bxna38,Cable Pulling & Wiring,cmq50j2jg18az2opcrza4xwev,cmq27k2ym07fj2opc9e0m922v,false,2026-06-08T09:32:51.065,,,
cmq50j2k118i02opcxv0k82ha,Leveling work,cmq50j2jw18hy2opcw9cblztk,cm39yc7n800g92q8zpnzg0m6z,false,2026-06-08T09:32:51.065,,,
cmq50j2k118i62opcdm5786xh,Ceiling work,cmq50j2jw18hy2opcw9cblztk,cm39yc7n800g92q8zpnzg0m6z,false,2026-06-08T09:32:51.065,,,
cmq50j2k218ir2opckr4pedt8,Tile work,cmq50j2jw18hy2opcw9cblztk,cm39yc7n800g92q8zpnzg0m6z,false,2026-06-08T09:32:51.065,,,
cmq50j2k218j32opcr8weyy4h,wooden work,cmq50j2jw18hy2opcw9cblztk,cm39yc7n800g92q8zpnzg0m6z,false,2026-06-08T09:32:51.065,,,
cmq50j2k218j92opc2hy52mu9,Granite work,cmq50j2jw18hy2opcw9cblztk,cm39yc7n800g92q8zpnzg0m6z,false,2026-06-08T09:32:51.065,,,
cmq50j2k318jf2opcymbo613c,Paint work,cmq50j2jw18hy2opcw9cblztk,cm39yc7n800g92q8zpnzg0m6z,false,2026-06-08T09:32:51.065,,,
cmq50j2k318jr2opcnjl9s9mm,Door work,cmq50j2jw18hy2opcw9cblztk,cm39yc7n800g92q8zpnzg0m6z,false,2026-06-08T09:32:51.065,,,
cmq50j2k318k02opcrfvugkju,Conduit & Box Installation,cmq50j2jw18hy2opcw9cblztk,cmq27k2ym07fj2opc9e0m922v,false,2026-06-08T09:32:51.065,,,
cmq50j2k418kc2opcys4luv90,Fixtures & Device Installation,cmq50j2jw18hy2opcw9cblztk,cmq27k2ym07fj2opc9e0m922v,false,2026-06-08T09:32:51.065,,,
cmq50j2k418kl2opc347k1uz5,DB Works,cmq50j2jw18hy2opcw9cblztk,cmq27k2ym07fj2opc9e0m922v,false,2026-06-08T09:32:51.065,,,
cmq50j2k418kx2opcg5nx5hvy,Testing & Commissioning,cmq50j2jw18hy2opcw9cblztk,cmq27k2ym07fj2opc9e0m922v,false,2026-06-08T09:32:51.065,,,
cmq50j2k518l32opcr0cr8v03,Pre-Execution & Planning,cmq50j2jw18hy2opcw9cblztk,cmq27k2ym07fj2opc9e0m922v,false,2026-06-08T09:32:51.065,,,
cmq50j2k518lc2opcqiu3b9q8,Civil Interface & Preparatory Works,cmq50j2jw18hy2opcw9cblztk,cmq27k2ym07fj2opc9e0m922v,false,2026-06-08T09:32:51.065,,,
cmq50j2k518lr2opck5lhlxqe,Refrigerant Piping Works,cmq50j2jw18hy2opcw9cblztk,cmq27k2ym07fj2opc9e0m922v,false,2026-06-08T09:32:51.065,,,
cmq50j2k518m32opc3ql7v1gg,Ducting Works,cmq50j2jw18hy2opcw9cblztk,cmq27k2ym07fj2opc9e0m922v,false,2026-06-08T09:32:51.065,,,
cmq50j2k618mo2opcsj5g4cnj,Equipment & Accessories Installation,cmq50j2jw18hy2opcw9cblztk,cmq27k2ym07fj2opc9e0m922v,false,2026-06-08T09:32:51.065,,,
cmq50j2k618n32opcpu41xu0k,"Testing, Handover & Closeou",cmq50j2jw18hy2opcw9cblztk,cmq27k2ym07fj2opc9e0m922v,false,2026-06-08T09:32:51.065,,,
cmq50j2k618n92opcyhdb48ro,Civil Preparation,cmq50j2jw18hy2opcw9cblztk,cmq27k2ym07fj2opc9e0m922v,false,2026-06-08T09:32:51.065,,,
cmq50j2k618ni2opcozinm2cb,Plumbing Installation,cmq50j2jw18hy2opcw9cblztk,cmq27k2ym07fj2opc9e0m922v,false,2026-06-08T09:32:51.065,,,
cmq50j2k718no2opczvw4w0xl,Testing & Quality Check,cmq50j2jw18hy2opcw9cblztk,cmq27k2ym07fj2opc9e0m922v,false,2026-06-08T09:32:51.065,,,
cmq50j2k718nx2opc73jlzc7n,Cable Pulling & Wiring,cmq50j2jw18hy2opcw9cblztk,cmq27k2ym07fj2opc9e0m922v,false,2026-06-08T09:32:51.065,,,
cmq50j2ka18oz2opcnlkowt2z,Leveling work,cmq50j2k918ox2opca9vyt9kw,cm39yc7n800g92q8zpnzg0m6z,false,2026-06-08T09:32:51.065,,,
cmq50j2ka18p52opct80a383e,Ceiling work,cmq50j2k918ox2opca9vyt9kw,cm39yc7n800g92q8zpnzg0m6z,false,2026-06-08T09:32:51.065,,,
cmq50j2kb18pq2opcswti6dot,Tile work,cmq50j2k918ox2opca9vyt9kw,cm39yc7n800g92q8zpnzg0m6z,false,2026-06-08T09:32:51.065,,,
cmq50j2kb18q22opcqjsf6110,wooden work,cmq50j2k918ox2opca9vyt9kw,cm39yc7n800g92q8zpnzg0m6z,false,2026-06-08T09:32:51.065,,,
cmq50j2kb18q82opctyzxxryf,Granite work,cmq50j2k918ox2opca9vyt9kw,cm39yc7n800g92q8zpnzg0m6z,false,2026-06-08T09:32:51.065,,,
cmq50j2kb18qe2opcieu9wgs8,Paint work,cmq50j2k918ox2opca9vyt9kw,cm39yc7n800g92q8zpnzg0m6z,false,2026-06-08T09:32:51.065,,,
cmq50j2kc18qq2opc4d091522,Door work,cmq50j2k918ox2opca9vyt9kw,cm39yc7n800g92q8zpnzg0m6z,false,2026-06-08T09:32:51.065,,,
cmq50j2kc18qz2opcf8b8ydxo,Conduit & Box Installation,cmq50j2k918ox2opca9vyt9kw,cmq27k2ym07fj2opc9e0m922v,false,2026-06-08T09:32:51.065,,,
cmq50j2kc18rb2opcnl8945bi,Fixtures & Device Installation,cmq50j2k918ox2opca9vyt9kw,cmq27k2ym07fj2opc9e0m922v,false,2026-06-08T09:32:51.065,,,
cmq50j2kc18rk2opcckpafxpx,DB Works,cmq50j2k918ox2opca9vyt9kw,cmq27k2ym07fj2opc9e0m922v,false,2026-06-08T09:32:51.065,,,
cmq50j2kc18rw2opc2sl1ayrs,Testing & Commissioning,cmq50j2k918ox2opca9vyt9kw,cmq27k2ym07fj2opc9e0m922v,false,2026-06-08T09:32:51.065,,,
cmq50j2kd18s22opc9dbjjf4v,Pre-Execution & Planning,cmq50j2k918ox2opca9vyt9kw,cmq27k2ym07fj2opc9e0m922v,false,2026-06-08T09:32:51.065,,,
cmq50j2kd18sb2opc26nztp1r,Civil Interface & Preparatory Works,cmq50j2k918ox2opca9vyt9kw,cmq27k2ym07fj2opc9e0m922v,false,2026-06-08T09:32:51.065,,,
cmq50j2kd18sq2opc87dh0avw,Refrigerant Piping Works,cmq50j2k918ox2opca9vyt9kw,cmq27k2ym07fj2opc9e0m922v,false,2026-06-08T09:32:51.065,,,
cmq50j2kd18t22opcxw82yfja,Ducting Works,cmq50j2k918ox2opca9vyt9kw,cmq27k2ym07fj2opc9e0m922v,false,2026-06-08T09:32:51.065,,,
cmq50j2ke18tn2opc9vzu6e77,Equipment & Accessories Installation,cmq50j2k918ox2opca9vyt9kw,cmq27k2ym07fj2opc9e0m922v,false,2026-06-08T09:32:51.065,,,
cmq50j2ke18u22opc4672kdba,"Testing, Handover & Closeou",cmq50j2k918ox2opca9vyt9kw,cmq27k2ym07fj2opc9e0m922v,false,2026-06-08T09:32:51.065,,,
cmq50j2ke18u82opc592mpc61,Civil Preparation,cmq50j2k918ox2opca9vyt9kw,cmq27k2ym07fj2opc9e0m922v,false,2026-06-08T09:32:51.065,,,
cmq50j2ke18uh2opc301pi6ls,Plumbing Installation,cmq50j2k918ox2opca9vyt9kw,cmq27k2ym07fj2opc9e0m922v,false,2026-06-08T09:32:51.065,,,
cmq50j2kf18un2opcbeu7u89z,Testing & Quality Check,cmq50j2k918ox2opca9vyt9kw,cmq27k2ym07fj2opc9e0m922v,false,2026-06-08T09:32:51.065,,,
cmq50j2kf18uw2opcocjqatqx,Cable Pulling & Wiring,cmq50j2k918ox2opca9vyt9kw,cmq27k2ym07fj2opc9e0m922v,false,2026-06-08T09:32:51.065,,,
cmq50j2ki18vy2opcgvxt1hm7,Leveling work,cmq50j2kh18vw2opcixxbgpby,cm39yc7n800g92q8zpnzg0m6z,false,2026-06-08T09:32:51.065,,,
cmq50j2kj18w42opc2xr7jwdo,Ceiling work,cmq50j2kh18vw2opcixxbgpby,cm39yc7n800g92q8zpnzg0m6z,false,2026-06-08T09:32:51.065,,,
cmq50j2kj18wp2opcya3s4ddr,Tile work,cmq50j2kh18vw2opcixxbgpby,cm39yc7n800g92q8zpnzg0m6z,false,2026-06-08T09:32:51.065,,,
cmq50j2kk18x12opc17m3yjiz,wooden work,cmq50j2kh18vw2opcixxbgpby,cm39yc7n800g92q8zpnzg0m6z,false,2026-06-08T09:32:51.065,,,
cmq50j2kk18x72opc8mpk8yr2,Granite work,cmq50j2kh18vw2opcixxbgpby,cm39yc7n800g92q8zpnzg0m6z,false,2026-06-08T09:32:51.065,,,
cmq50j2kk18xd2opc8f3sj3ew,Paint work,cmq50j2kh18vw2opcixxbgpby,cm39yc7n800g92q8zpnzg0m6z,false,2026-06-08T09:32:51.065,,,
cmq50j2kk18xp2opcmt3s9q1k,Door work,cmq50j2kh18vw2opcixxbgpby,cm39yc7n800g92q8zpnzg0m6z,false,2026-06-08T09:32:51.065,,,
cmq50j2kl18xy2opcbol7aha6,Conduit & Box Installation,cmq50j2kh18vw2opcixxbgpby,cmq27k2ym07fj2opc9e0m922v,false,2026-06-08T09:32:51.065,,,
cmq50j2kl18ya2opccix0log6,Fixtures & Device Installation,cmq50j2kh18vw2opcixxbgpby,cmq27k2ym07fj2opc9e0m922v,false,2026-06-08T09:32:51.065,,,
cmq50j2kl18yj2opccx58iwcq,DB Works,cmq50j2kh18vw2opcixxbgpby,cmq27k2ym07fj2opc9e0m922v,false,2026-06-08T09:32:51.065,,,
cmq50j2kl18yv2opc4d2t7rbi,Testing & Commissioning,cmq50j2kh18vw2opcixxbgpby,cmq27k2ym07fj2opc9e0m922v,false,2026-06-08T09:32:51.065,,,
cmq50j2kl18z12opc9njkrkpv,Pre-Execution & Planning,cmq50j2kh18vw2opcixxbgpby,cmq27k2ym07fj2opc9e0m922v,false,2026-06-08T09:32:51.065,,,
cmq50j2km18za2opc57iix1xy,Civil Interface & Preparatory Works,cmq50j2kh18vw2opcixxbgpby,cmq27k2ym07fj2opc9e0m922v,false,2026-06-08T09:32:51.065,,,
cmq50j2km18zp2opcmtbbstmc,Refrigerant Piping Works,cmq50j2kh18vw2opcixxbgpby,cmq27k2ym07fj2opc9e0m922v,false,2026-06-08T09:32:51.065,,,
cmq50j2km19012opc0prbvy7t,Ducting Works,cmq50j2kh18vw2opcixxbgpby,cmq27k2ym07fj2opc9e0m922v,false,2026-06-08T09:32:51.065,,,
cmq50j2kn190m2opcfr3lg4i6,Equipment & Accessories Installation,cmq50j2kh18vw2opcixxbgpby,cmq27k2ym07fj2opc9e0m922v,false,2026-06-08T09:32:51.065,,,
cmq50j2kn19112opcj47b9h5c,"Testing, Handover & Closeou",cmq50j2kh18vw2opcixxbgpby,cmq27k2ym07fj2opc9e0m922v,false,2026-06-08T09:32:51.065,,,
cmq50j2kn19172opc5usgjg5r,Civil Preparation,cmq50j2kh18vw2opcixxbgpby,cmq27k2ym07fj2opc9e0m922v,false,2026-06-08T09:32:51.065,,,
cmq50j2ko191g2opcr7p0buwf,Plumbing Installation,cmq50j2kh18vw2opcixxbgpby,cmq27k2ym07fj2opc9e0m922v,false,2026-06-08T09:32:51.065,,,
cmq50j2ko191m2opc9zw6zzc5,Testing & Quality Check,cmq50j2kh18vw2opcixxbgpby,cmq27k2ym07fj2opc9e0m922v,false,2026-06-08T09:32:51.065,,,
cmq50j2ko191v2opci0b21u7b,Cable Pulling & Wiring,cmq50j2kh18vw2opcixxbgpby,cmq27k2ym07fj2opc9e0m922v,false,2026-06-08T09:32:51.065,,,
cmq50j2kr192x2opcoizxj73c,Leveling work,cmq50j2kq192v2opccpz15yy2,cm39yc7n800g92q8zpnzg0m6z,false,2026-06-08T09:32:51.065,,,
cmq50j2ks19332opc9nf0spxn,Ceiling work,cmq50j2kq192v2opccpz15yy2,cm39yc7n800g92q8zpnzg0m6z,false,2026-06-08T09:32:51.065,,,
cmq50j2ks193o2opcx8rxxaze,Tile work,cmq50j2kq192v2opccpz15yy2,cm39yc7n800g92q8zpnzg0m6z,false,2026-06-08T09:32:51.065,,,
cmq50j2kt19402opcikcp0wa3,wooden work,cmq50j2kq192v2opccpz15yy2,cm39yc7n800g92q8zpnzg0m6z,false,2026-06-08T09:32:51.065,,,
cmq50j2kt19462opcoveshr8t,Granite work,cmq50j2kq192v2opccpz15yy2,cm39yc7n800g92q8zpnzg0m6z,false,2026-06-08T09:32:51.065,,,
cmq50j2kt194c2opcdpvk02pq,Paint work,cmq50j2kq192v2opccpz15yy2,cm39yc7n800g92q8zpnzg0m6z,false,2026-06-08T09:32:51.065,,,
cmq50j2kt194o2opcxwee2wag,Door work,cmq50j2kq192v2opccpz15yy2,cm39yc7n800g92q8zpnzg0m6z,false,2026-06-08T09:32:51.065,,,
cmq50j2kt194x2opcfqcjchq1,Conduit & Box Installation,cmq50j2kq192v2opccpz15yy2,cmq27k2ym07fj2opc9e0m922v,false,2026-06-08T09:32:51.065,,,
cmq50j2ku19592opc3da6j6di,Fixtures & Device Installation,cmq50j2kq192v2opccpz15yy2,cmq27k2ym07fj2opc9e0m922v,false,2026-06-08T09:32:51.065,,,
cmq50j2ku195i2opc8zvxc0kv,DB Works,cmq50j2kq192v2opccpz15yy2,cmq27k2ym07fj2opc9e0m922v,false,2026-06-08T09:32:51.065,,,
cmq50j2ku195u2opcagxnpl5f,Testing & Commissioning,cmq50j2kq192v2opccpz15yy2,cmq27k2ym07fj2opc9e0m922v,false,2026-06-08T09:32:51.065,,,
cmq50j2ku19602opc7d6m7p06,Pre-Execution & Planning,cmq50j2kq192v2opccpz15yy2,cmq27k2ym07fj2opc9e0m922v,false,2026-06-08T09:32:51.065,,,
cmq50j2ku19692opc4kbpoirv,Civil Interface & Preparatory Works,cmq50j2kq192v2opccpz15yy2,cmq27k2ym07fj2opc9e0m922v,false,2026-06-08T09:32:51.065,,,
cmq50j2kv196o2opcm93j9o8i,Refrigerant Piping Works,cmq50j2kq192v2opccpz15yy2,cmq27k2ym07fj2opc9e0m922v,false,2026-06-08T09:32:51.065,,,
cmq50j2kv19702opcytnoz72v,Ducting Works,cmq50j2kq192v2opccpz15yy2,cmq27k2ym07fj2opc9e0m922v,false,2026-06-08T09:32:51.065,,,
cmq50j2kw197l2opcqsuewsuh,Equipment & Accessories Installation,cmq50j2kq192v2opccpz15yy2,cmq27k2ym07fj2opc9e0m922v,false,2026-06-08T09:32:51.065,,,
cmq50j2kw19802opctjnh4isu,"Testing, Handover & Closeou",cmq50j2kq192v2opccpz15yy2,cmq27k2ym07fj2opc9e0m922v,false,2026-06-08T09:32:51.065,,,
cmq50j2kw19862opcfw49wb1j,Civil Preparation,cmq50j2kq192v2opccpz15yy2,cmq27k2ym07fj2opc9e0m922v,false,2026-06-08T09:32:51.065,,,
cmq50j2kw198f2opc7g8jn5w6,Plumbing Installation,cmq50j2kq192v2opccpz15yy2,cmq27k2ym07fj2opc9e0m922v,false,2026-06-08T09:32:51.065,,,
cmq50j2kw198l2opcd95nsw3a,Testing & Quality Check,cmq50j2kq192v2opccpz15yy2,cmq27k2ym07fj2opc9e0m922v,false,2026-06-08T09:32:51.065,,,
cmq50j2kx198u2opcey0hbyys,Cable Pulling & Wiring,cmq50j2kq192v2opccpz15yy2,cmq27k2ym07fj2opc9e0m922v,false,2026-06-08T09:32:51.065,,,
cmq50j2l0199w2opc56hxau77,Leveling work,cmq50j2ky199u2opcbktqyzzm,cm39yc7n800g92q8zpnzg0m6z,false,2026-06-08T09:32:51.065,,,
cmq50j2l019a22opc196uptkd,Ceiling work,cmq50j2ky199u2opcbktqyzzm,cm39yc7n800g92q8zpnzg0m6z,false,2026-06-08T09:32:51.065,,,
cmq50j2l019an2opc07nq6co0,Tile work,cmq50j2ky199u2opcbktqyzzm,cm39yc7n800g92q8zpnzg0m6z,false,2026-06-08T09:32:51.065,,,
cmq50j2l119az2opc3n4jk92r,wooden work,cmq50j2ky199u2opcbktqyzzm,cm39yc7n800g92q8zpnzg0m6z,false,2026-06-08T09:32:51.065,,,
cmq50j2l119b52opc7730k7g1,Granite work,cmq50j2ky199u2opcbktqyzzm,cm39yc7n800g92q8zpnzg0m6z,false,2026-06-08T09:32:51.065,,,
cmq50j2l119bb2opcryvdqscj,Paint work,cmq50j2ky199u2opcbktqyzzm,cm39yc7n800g92q8zpnzg0m6z,false,2026-06-08T09:32:51.065,,,
cmq50j2l119bn2opcskbwdx9a,Door work,cmq50j2ky199u2opcbktqyzzm,cm39yc7n800g92q8zpnzg0m6z,false,2026-06-08T09:32:51.065,,,
cmq50j2l119bw2opcrsm9h74w,Conduit & Box Installation,cmq50j2ky199u2opcbktqyzzm,cmq27k2ym07fj2opc9e0m922v,false,2026-06-08T09:32:51.065,,,
cmq50j2l219c82opcu5ueydrt,Fixtures & Device Installation,cmq50j2ky199u2opcbktqyzzm,cmq27k2ym07fj2opc9e0m922v,false,2026-06-08T09:32:51.065,,,
cmq50j2l219ch2opc9lxxuhwy,DB Works,cmq50j2ky199u2opcbktqyzzm,cmq27k2ym07fj2opc9e0m922v,false,2026-06-08T09:32:51.065,,,
cmq50j2l219ct2opcxneejqdz,Testing & Commissioning,cmq50j2ky199u2opcbktqyzzm,cmq27k2ym07fj2opc9e0m922v,false,2026-06-08T09:32:51.065,,,
cmq50j2l219cz2opc12dvwow5,Pre-Execution & Planning,cmq50j2ky199u2opcbktqyzzm,cmq27k2ym07fj2opc9e0m922v,false,2026-06-08T09:32:51.065,,,
cmq50j2l219d82opcfne77dgs,Civil Interface & Preparatory Works,cmq50j2ky199u2opcbktqyzzm,cmq27k2ym07fj2opc9e0m922v,false,2026-06-08T09:32:51.065,,,
cmq50j2l319dn2opctfmnzaed,Refrigerant Piping Works,cmq50j2ky199u2opcbktqyzzm,cmq27k2ym07fj2opc9e0m922v,false,2026-06-08T09:32:51.065,,,
cmq50j2l319dz2opcntosoeh1,Ducting Works,cmq50j2ky199u2opcbktqyzzm,cmq27k2ym07fj2opc9e0m922v,false,2026-06-08T09:32:51.065,,,
cmq50j2l319ek2opcdsbkv1q3,Equipment & Accessories Installation,cmq50j2ky199u2opcbktqyzzm,cmq27k2ym07fj2opc9e0m922v,false,2026-06-08T09:32:51.065,,,
cmq50j2l419ez2opcat8i15zu,"Testing, Handover & Closeou",cmq50j2ky199u2opcbktqyzzm,cmq27k2ym07fj2opc9e0m922v,false,2026-06-08T09:32:51.065,,,
cmq50j2l419f52opc9tnj191s,Civil Preparation,cmq50j2ky199u2opcbktqyzzm,cmq27k2ym07fj2opc9e0m922v,false,2026-06-08T09:32:51.065,,,
cmq50j2l419fe2opcss9ouyfa,Plumbing Installation,cmq50j2ky199u2opcbktqyzzm,cmq27k2ym07fj2opc9e0m922v,false,2026-06-08T09:32:51.065,,,
cmq50j2l419fk2opc4mma492p,Testing & Quality Check,cmq50j2ky199u2opcbktqyzzm,cmq27k2ym07fj2opc9e0m922v,false,2026-06-08T09:32:51.065,,,
cmq50j2l419ft2opcc73ynyfg,Cable Pulling & Wiring,cmq50j2ky199u2opcbktqyzzm,cmq27k2ym07fj2opc9e0m922v,false,2026-06-08T09:32:51.065,,,
cmq50j2l719gv2opcodcx85rn,Leveling work,cmq50j2l619gt2opcrrn9zapm,cm39yc7n800g92q8zpnzg0m6z,false,2026-06-08T09:32:51.065,,,
cmq50j2l819h12opcxbrknelg,Ceiling work,cmq50j2l619gt2opcrrn9zapm,cm39yc7n800g92q8zpnzg0m6z,false,2026-06-08T09:32:51.065,,,
cmq50j2l819hm2opcv1ugnwt1,Tile work,cmq50j2l619gt2opcrrn9zapm,cm39yc7n800g92q8zpnzg0m6z,false,2026-06-08T09:32:51.065,,,
cmq50j2l819hy2opcw30vhlkz,wooden work,cmq50j2l619gt2opcrrn9zapm,cm39yc7n800g92q8zpnzg0m6z,false,2026-06-08T09:32:51.065,,,
cmq50j2l819i42opcw9hlu5qy,Granite work,cmq50j2l619gt2opcrrn9zapm,cm39yc7n800g92q8zpnzg0m6z,false,2026-06-08T09:32:51.065,,,
cmq50j2l819ia2opc1udomwtg,Paint work,cmq50j2l619gt2opcrrn9zapm,cm39yc7n800g92q8zpnzg0m6z,false,2026-06-08T09:32:51.065,,,
cmq50j2l919im2opcf1kp1zcc,Door work,cmq50j2l619gt2opcrrn9zapm,cm39yc7n800g92q8zpnzg0m6z,false,2026-06-08T09:32:51.065,,,
cmq50j2l919iv2opcx23voko4,Conduit & Box Installation,cmq50j2l619gt2opcrrn9zapm,cmq27k2ym07fj2opc9e0m922v,false,2026-06-08T09:32:51.065,,,
cmq50j2l919j72opcww0al53i,Fixtures & Device Installation,cmq50j2l619gt2opcrrn9zapm,cmq27k2ym07fj2opc9e0m922v,false,2026-06-08T09:32:51.065,,,
cmq50j2l919jg2opct9p1qqaa,DB Works,cmq50j2l619gt2opcrrn9zapm,cmq27k2ym07fj2opc9e0m922v,false,2026-06-08T09:32:51.065,,,
cmq50j2la19js2opc93ekzd1t,Testing & Commissioning,cmq50j2l619gt2opcrrn9zapm,cmq27k2ym07fj2opc9e0m922v,false,2026-06-08T09:32:51.065,,,
cmq50j2la19jy2opcyft3a1n4,Pre-Execution & Planning,cmq50j2l619gt2opcrrn9zapm,cmq27k2ym07fj2opc9e0m922v,false,2026-06-08T09:32:51.065,,,
cmq50j2la19k72opcz58aaclk,Civil Interface & Preparatory Works,cmq50j2l619gt2opcrrn9zapm,cmq27k2ym07fj2opc9e0m922v,false,2026-06-08T09:32:51.065,,,
cmq50j2la19km2opccly5otc9,Refrigerant Piping Works,cmq50j2l619gt2opcrrn9zapm,cmq27k2ym07fj2opc9e0m922v,false,2026-06-08T09:32:51.065,,,
cmq50j2la19ky2opcdrgwj9g8,Ducting Works,cmq50j2l619gt2opcrrn9zapm,cmq27k2ym07fj2opc9e0m922v,false,2026-06-08T09:32:51.065,,,
cmq50j2lb19lj2opcgespfc0r,Equipment & Accessories Installation,cmq50j2l619gt2opcrrn9zapm,cmq27k2ym07fj2opc9e0m922v,false,2026-06-08T09:32:51.065,,,
cmq50j2lb19ly2opc6bxhb65k,"Testing, Handover & Closeou",cmq50j2l619gt2opcrrn9zapm,cmq27k2ym07fj2opc9e0m922v,false,2026-06-08T09:32:51.065,,,
cmq50j2lc19m42opc1lfdc3ac,Civil Preparation,cmq50j2l619gt2opcrrn9zapm,cmq27k2ym07fj2opc9e0m922v,false,2026-06-08T09:32:51.065,,,
cmq50j2lc19md2opcaza97jkk,Plumbing Installation,cmq50j2l619gt2opcrrn9zapm,cmq27k2ym07fj2opc9e0m922v,false,2026-06-08T09:32:51.065,,,
cmq50j2lc19mj2opcqw8y8ohw,Testing & Quality Check,cmq50j2l619gt2opcrrn9zapm,cmq27k2ym07fj2opc9e0m922v,false,2026-06-08T09:32:51.065,,,
cmq50j2lc19ms2opcg6oum5w4,Cable Pulling & Wiring,cmq50j2l619gt2opcrrn9zapm,cmq27k2ym07fj2opc9e0m922v,false,2026-06-08T09:32:51.065,,,
cmq50j2lf19nu2opc25kbkvz0,Leveling work,cmq50j2le19ns2opc8ltrw7v6,cm39yc7n800g92q8zpnzg0m6z,false,2026-06-08T09:32:51.065,,,
cmq50j2lf19o02opc6v35j3x2,Ceiling work,cmq50j2le19ns2opc8ltrw7v6,cm39yc7n800g92q8zpnzg0m6z,false,2026-06-08T09:32:51.065,,,
cmq50j2lg19ol2opc5ozjeyrj,Tile work,cmq50j2le19ns2opc8ltrw7v6,cm39yc7n800g92q8zpnzg0m6z,false,2026-06-08T09:32:51.065,,,
cmq50j2lg19ox2opcsst8pzlv,wooden work,cmq50j2le19ns2opc8ltrw7v6,cm39yc7n800g92q8zpnzg0m6z,false,2026-06-08T09:32:51.065,,,
cmq50j2lg19p32opcb8hovemj,Granite work,cmq50j2le19ns2opc8ltrw7v6,cm39yc7n800g92q8zpnzg0m6z,false,2026-06-08T09:32:51.065,,,
cmq50j2lg19p92opcsrpo55rx,Paint work,cmq50j2le19ns2opc8ltrw7v6,cm39yc7n800g92q8zpnzg0m6z,false,2026-06-08T09:32:51.065,,,
cmq50j2lg19pl2opclkvpw8gy,Door work,cmq50j2le19ns2opc8ltrw7v6,cm39yc7n800g92q8zpnzg0m6z,false,2026-06-08T09:32:51.065,,,
cmq50j2lh19pu2opcaxw0d79l,Conduit & Box Installation,cmq50j2le19ns2opc8ltrw7v6,cmq27k2ym07fj2opc9e0m922v,false,2026-06-08T09:32:51.065,,,
cmq50j2lh19q62opcbbilnu27,Fixtures & Device Installation,cmq50j2le19ns2opc8ltrw7v6,cmq27k2ym07fj2opc9e0m922v,false,2026-06-08T09:32:51.065,,,
cmq50j2lh19qf2opcpodxh7qe,DB Works,cmq50j2le19ns2opc8ltrw7v6,cmq27k2ym07fj2opc9e0m922v,false,2026-06-08T09:32:51.065,,,
cmq50j2lh19qr2opcc9u4akrj,Testing & Commissioning,cmq50j2le19ns2opc8ltrw7v6,cmq27k2ym07fj2opc9e0m922v,false,2026-06-08T09:32:51.065,,,
cmq50j2lh19qx2opclk6fqq5h,Pre-Execution & Planning,cmq50j2le19ns2opc8ltrw7v6,cmq27k2ym07fj2opc9e0m922v,false,2026-06-08T09:32:51.065,,,
cmq50j2li19r62opci5y7dg6o,Civil Interface & Preparatory Works,cmq50j2le19ns2opc8ltrw7v6,cmq27k2ym07fj2opc9e0m922v,false,2026-06-08T09:32:51.065,,,
cmq50j2li19rl2opcba15ekdo,Refrigerant Piping Works,cmq50j2le19ns2opc8ltrw7v6,cmq27k2ym07fj2opc9e0m922v,false,2026-06-08T09:32:51.065,,,
cmq50j2li19rx2opcw2ax10gs,Ducting Works,cmq50j2le19ns2opc8ltrw7v6,cmq27k2ym07fj2opc9e0m922v,false,2026-06-08T09:32:51.065,,,
cmq50j2lj19si2opcpcurhaa4,Equipment & Accessories Installation,cmq50j2le19ns2opc8ltrw7v6,cmq27k2ym07fj2opc9e0m922v,false,2026-06-08T09:32:51.065,,,
cmq50j2lj19sx2opcy1mldap0,"Testing, Handover & Closeou",cmq50j2le19ns2opc8ltrw7v6,cmq27k2ym07fj2opc9e0m922v,false,2026-06-08T09:32:51.065,,,
cmq50j2lk19t32opc9hor6du4,Civil Preparation,cmq50j2le19ns2opc8ltrw7v6,cmq27k2ym07fj2opc9e0m922v,false,2026-06-08T09:32:51.065,,,
cmq50j2lk19tc2opcjro4rkcf,Plumbing Installation,cmq50j2le19ns2opc8ltrw7v6,cmq27k2ym07fj2opc9e0m922v,false,2026-06-08T09:32:51.065,,,
cmq50j2lk19ti2opcq3apwyvx,Testing & Quality Check,cmq50j2le19ns2opc8ltrw7v6,cmq27k2ym07fj2opc9e0m922v,false,2026-06-08T09:32:51.065,,,
cmq50j2lk19tr2opcgppb7d3q,Cable Pulling & Wiring,cmq50j2le19ns2opc8ltrw7v6,cmq27k2ym07fj2opc9e0m922v,false,2026-06-08T09:32:51.065,,,
cmq50j2ln19ut2opc7vhgm8xb,Leveling work,cmq50j2lm19ur2opcor7x54qg,cm39yc7n800g92q8zpnzg0m6z,false,2026-06-08T09:32:51.065,,,
cmq50j2ln19uz2opchd1olv8g,Ceiling work,cmq50j2lm19ur2opcor7x54qg,cm39yc7n800g92q8zpnzg0m6z,false,2026-06-08T09:32:51.065,,,
cmq50j2lo19vk2opcsc4kfhdm,Tile work,cmq50j2lm19ur2opcor7x54qg,cm39yc7n800g92q8zpnzg0m6z,false,2026-06-08T09:32:51.065,,,
cmq50j2lo19vw2opci3nirj30,wooden work,cmq50j2lm19ur2opcor7x54qg,cm39yc7n800g92q8zpnzg0m6z,false,2026-06-08T09:32:51.065,,,
cmq50j2lo19w22opcxhbtqbe3,Granite work,cmq50j2lm19ur2opcor7x54qg,cm39yc7n800g92q8zpnzg0m6z,false,2026-06-08T09:32:51.065,,,
cmq50j2lo19w82opcaxl0rke9,Paint work,cmq50j2lm19ur2opcor7x54qg,cm39yc7n800g92q8zpnzg0m6z,false,2026-06-08T09:32:51.065,,,
cmq50j2lo19wk2opcahp49bmq,Door work,cmq50j2lm19ur2opcor7x54qg,cm39yc7n800g92q8zpnzg0m6z,false,2026-06-08T09:32:51.065,,,
cmq50j2lp19wt2opc8fahc8fd,Conduit & Box Installation,cmq50j2lm19ur2opcor7x54qg,cmq27k2ym07fj2opc9e0m922v,false,2026-06-08T09:32:51.065,,,
cmq50j2lp19x52opcpxn4al3e,Fixtures & Device Installation,cmq50j2lm19ur2opcor7x54qg,cmq27k2ym07fj2opc9e0m922v,false,2026-06-08T09:32:51.065,,,
cmq50j2lp19xe2opcg3r1rixl,DB Works,cmq50j2lm19ur2opcor7x54qg,cmq27k2ym07fj2opc9e0m922v,false,2026-06-08T09:32:51.065,,,
cmq50j2lp19xq2opctimwukji,Testing & Commissioning,cmq50j2lm19ur2opcor7x54qg,cmq27k2ym07fj2opc9e0m922v,false,2026-06-08T09:32:51.065,,,
cmq50j2lp19xw2opct98heu8t,Pre-Execution & Planning,cmq50j2lm19ur2opcor7x54qg,cmq27k2ym07fj2opc9e0m922v,false,2026-06-08T09:32:51.065,,,
cmq50j2lq19y52opcgkydzdgw,Civil Interface & Preparatory Works,cmq50j2lm19ur2opcor7x54qg,cmq27k2ym07fj2opc9e0m922v,false,2026-06-08T09:32:51.065,,,
cmq50j2lq19yk2opczekb0rj4,Refrigerant Piping Works,cmq50j2lm19ur2opcor7x54qg,cmq27k2ym07fj2opc9e0m922v,false,2026-06-08T09:32:51.065,,,
cmq50j2lq19yw2opcz6iuwjwx,Ducting Works,cmq50j2lm19ur2opcor7x54qg,cmq27k2ym07fj2opc9e0m922v,false,2026-06-08T09:32:51.065,,,
cmq50j2lr19zh2opc3ul6tl1t,Equipment & Accessories Installation,cmq50j2lm19ur2opcor7x54qg,cmq27k2ym07fj2opc9e0m922v,false,2026-06-08T09:32:51.065,,,
cmq50j2lr19zw2opc2p74pv1p,"Testing, Handover & Closeou",cmq50j2lm19ur2opcor7x54qg,cmq27k2ym07fj2opc9e0m922v,false,2026-06-08T09:32:51.065,,,
cmq50j2lr1a022opcs7qlcbkm,Civil Preparation,cmq50j2lm19ur2opcor7x54qg,cmq27k2ym07fj2opc9e0m922v,false,2026-06-08T09:32:51.065,,,
cmq50j2lr1a0b2opcdzs75luh,Plumbing Installation,cmq50j2lm19ur2opcor7x54qg,cmq27k2ym07fj2opc9e0m922v,false,2026-06-08T09:32:51.065,,,
cmq50j2lr1a0h2opc2ro8ssxk,Testing & Quality Check,cmq50j2lm19ur2opcor7x54qg,cmq27k2ym07fj2opc9e0m922v,false,2026-06-08T09:32:51.065,,,
cmq50j2ls1a0q2opcvr4gbcrf,Cable Pulling & Wiring,cmq50j2lm19ur2opcor7x54qg,cmq27k2ym07fj2opc9e0m922v,false,2026-06-08T09:32:51.065,,,
cmq50j2lu1a1s2opck4pgjqx5,Leveling work,cmq50j2lt1a1q2opc2fuezonm,cm39yc7n800g92q8zpnzg0m6z,false,2026-06-08T09:32:51.065,,,
cmq50j2lu1a1y2opcyu3g4yj7,Ceiling work,cmq50j2lt1a1q2opc2fuezonm,cm39yc7n800g92q8zpnzg0m6z,false,2026-06-08T09:32:51.065,,,
cmq50j2lv1a2j2opcx12tllm5,Tile work,cmq50j2lt1a1q2opc2fuezonm,cm39yc7n800g92q8zpnzg0m6z,false,2026-06-08T09:32:51.065,,,
cmq50j2lv1a2v2opc3531bf3c,wooden work,cmq50j2lt1a1q2opc2fuezonm,cm39yc7n800g92q8zpnzg0m6z,false,2026-06-08T09:32:51.065,,,
cmq50j2lv1a312opcbdfyyxra,Granite work,cmq50j2lt1a1q2opc2fuezonm,cm39yc7n800g92q8zpnzg0m6z,false,2026-06-08T09:32:51.065,,,
cmq50j2lv1a372opc11f1qpm2,Paint work,cmq50j2lt1a1q2opc2fuezonm,cm39yc7n800g92q8zpnzg0m6z,false,2026-06-08T09:32:51.065,,,
cmq50j2lv1a3j2opcso98amr3,Door work,cmq50j2lt1a1q2opc2fuezonm,cm39yc7n800g92q8zpnzg0m6z,false,2026-06-08T09:32:51.065,,,
cmq50j2lw1a3s2opc6v2ckl7h,Conduit & Box Installation,cmq50j2lt1a1q2opc2fuezonm,cmq27k2ym07fj2opc9e0m922v,false,2026-06-08T09:32:51.065,,,
cmq50j2lw1a442opc6vnnowj7,Fixtures & Device Installation,cmq50j2lt1a1q2opc2fuezonm,cmq27k2ym07fj2opc9e0m922v,false,2026-06-08T09:32:51.065,,,
cmq50j2lw1a4d2opct8tfdzi8,DB Works,cmq50j2lt1a1q2opc2fuezonm,cmq27k2ym07fj2opc9e0m922v,false,2026-06-08T09:32:51.065,,,
cmq50j2lw1a4p2opcfjtjozxz,Testing & Commissioning,cmq50j2lt1a1q2opc2fuezonm,cmq27k2ym07fj2opc9e0m922v,false,2026-06-08T09:32:51.065,,,
cmq50j2lw1a4v2opceo1sy5wy,Pre-Execution & Planning,cmq50j2lt1a1q2opc2fuezonm,cmq27k2ym07fj2opc9e0m922v,false,2026-06-08T09:32:51.065,,,
cmq50j2lx1a542opcnq7rlrdj,Civil Interface & Preparatory Works,cmq50j2lt1a1q2opc2fuezonm,cmq27k2ym07fj2opc9e0m922v,false,2026-06-08T09:32:51.065,,,
cmq50j2lx1a5j2opcs3cagwh9,Refrigerant Piping Works,cmq50j2lt1a1q2opc2fuezonm,cmq27k2ym07fj2opc9e0m922v,false,2026-06-08T09:32:51.065,,,
cmq50j2lx1a5v2opcx8m53m5k,Ducting Works,cmq50j2lt1a1q2opc2fuezonm,cmq27k2ym07fj2opc9e0m922v,false,2026-06-08T09:32:51.065,,,
cmq50j2ly1a6g2opc1a0kr9ln,Equipment & Accessories Installation,cmq50j2lt1a1q2opc2fuezonm,cmq27k2ym07fj2opc9e0m922v,false,2026-06-08T09:32:51.065,,,
cmq50j2ly1a6v2opctbcckbrf,"Testing, Handover & Closeou",cmq50j2lt1a1q2opc2fuezonm,cmq27k2ym07fj2opc9e0m922v,false,2026-06-08T09:32:51.065,,,
cmq50j2ly1a712opcez52qz3e,Civil Preparation,cmq50j2lt1a1q2opc2fuezonm,cmq27k2ym07fj2opc9e0m922v,false,2026-06-08T09:32:51.065,,,
cmq50j2ly1a7a2opc5h0mcmiz,Plumbing Installation,cmq50j2lt1a1q2opc2fuezonm,cmq27k2ym07fj2opc9e0m922v,false,2026-06-08T09:32:51.065,,,
cmq50j2ly1a7g2opcbbts6pdz,Testing & Quality Check,cmq50j2lt1a1q2opc2fuezonm,cmq27k2ym07fj2opc9e0m922v,false,2026-06-08T09:32:51.065,,,
cmq50j2lz1a7p2opcxf93b2c6,Cable Pulling & Wiring,cmq50j2lt1a1q2opc2fuezonm,cmq27k2ym07fj2opc9e0m922v,false,2026-06-08T09:32:51.065,,,
cmq50j2m11a8r2opceuigf2ci,Leveling work,cmq50j2m01a8p2opc8pqyrp8p,cm39yc7n800g92q8zpnzg0m6z,false,2026-06-08T09:32:51.065,,,
cmq50j2m11a8x2opcpho314wc,Ceiling work,cmq50j2m01a8p2opc8pqyrp8p,cm39yc7n800g92q8zpnzg0m6z,false,2026-06-08T09:32:51.065,,,
cmq50j2m21a9i2opcz26fflm2,Tile work,cmq50j2m01a8p2opc8pqyrp8p,cm39yc7n800g92q8zpnzg0m6z,false,2026-06-08T09:32:51.065,,,
cmq50j2m21a9u2opcg8b5u7qb,wooden work,cmq50j2m01a8p2opc8pqyrp8p,cm39yc7n800g92q8zpnzg0m6z,false,2026-06-08T09:32:51.065,,,
cmq50j2m21aa02opcd3y61g49,Granite work,cmq50j2m01a8p2opc8pqyrp8p,cm39yc7n800g92q8zpnzg0m6z,false,2026-06-08T09:32:51.065,,,
cmq50j2m21aa62opcshnnpl8n,Paint work,cmq50j2m01a8p2opc8pqyrp8p,cm39yc7n800g92q8zpnzg0m6z,false,2026-06-08T09:32:51.065,,,
cmq50j2m21aai2opcsblgg9cp,Door work,cmq50j2m01a8p2opc8pqyrp8p,cm39yc7n800g92q8zpnzg0m6z,false,2026-06-08T09:32:51.065,,,
cmq50j2m31aar2opc290ymx8i,Conduit & Box Installation,cmq50j2m01a8p2opc8pqyrp8p,cmq27k2ym07fj2opc9e0m922v,false,2026-06-08T09:32:51.065,,,
cmq50j2m31ab32opcozae46tw,Fixtures & Device Installation,cmq50j2m01a8p2opc8pqyrp8p,cmq27k2ym07fj2opc9e0m922v,false,2026-06-08T09:32:51.065,,,
cmq50j2m31abc2opcxrzd9thz,DB Works,cmq50j2m01a8p2opc8pqyrp8p,cmq27k2ym07fj2opc9e0m922v,false,2026-06-08T09:32:51.065,,,
cmq50j2m31abo2opcdxog7luh,Testing & Commissioning,cmq50j2m01a8p2opc8pqyrp8p,cmq27k2ym07fj2opc9e0m922v,false,2026-06-08T09:32:51.065,,,
cmq50j2m31abu2opcl91au16i,Pre-Execution & Planning,cmq50j2m01a8p2opc8pqyrp8p,cmq27k2ym07fj2opc9e0m922v,false,2026-06-08T09:32:51.065,,,
cmq50j2m41ac32opcwvcguigr,Civil Interface & Preparatory Works,cmq50j2m01a8p2opc8pqyrp8p,cmq27k2ym07fj2opc9e0m922v,false,2026-06-08T09:32:51.065,,,
cmq50j2m41aci2opczv1zg982,Refrigerant Piping Works,cmq50j2m01a8p2opc8pqyrp8p,cmq27k2ym07fj2opc9e0m922v,false,2026-06-08T09:32:51.065,,,
cmq50j2m41acu2opc5qbswfqj,Ducting Works,cmq50j2m01a8p2opc8pqyrp8p,cmq27k2ym07fj2opc9e0m922v,false,2026-06-08T09:32:51.065,,,
cmq50j2m51adf2opceerjlv99,Equipment & Accessories Installation,cmq50j2m01a8p2opc8pqyrp8p,cmq27k2ym07fj2opc9e0m922v,false,2026-06-08T09:32:51.065,,,
cmq50j2m51adu2opcjsbcxkes,"Testing, Handover & Closeou",cmq50j2m01a8p2opc8pqyrp8p,cmq27k2ym07fj2opc9e0m922v,false,2026-06-08T09:32:51.065,,,
cmq50j2m51ae02opc4v6jnq8v,Civil Preparation,cmq50j2m01a8p2opc8pqyrp8p,cmq27k2ym07fj2opc9e0m922v,false,2026-06-08T09:32:51.065,,,
cmq50j2m51ae92opcz6nzhch8,Plumbing Installation,cmq50j2m01a8p2opc8pqyrp8p,cmq27k2ym07fj2opc9e0m922v,false,2026-06-08T09:32:51.065,,,
cmq50j2m51aef2opc2pobgft2,Testing & Quality Check,cmq50j2m01a8p2opc8pqyrp8p,cmq27k2ym07fj2opc9e0m922v,false,2026-06-08T09:32:51.065,,,
cmq50j2m61aeo2opcdnt16flm,Cable Pulling & Wiring,cmq50j2m01a8p2opc8pqyrp8p,cmq27k2ym07fj2opc9e0m922v,false,2026-06-08T09:32:51.065,,,
cmq50j2m81afq2opcch4jauga,Leveling work,cmq50j2m71afo2opc8n7hckkb,cm39yc7n800g92q8zpnzg0m6z,false,2026-06-08T09:32:51.065,,,
cmq50j2m81afw2opcq0o9cq0h,Ceiling work,cmq50j2m71afo2opc8n7hckkb,cm39yc7n800g92q8zpnzg0m6z,false,2026-06-08T09:32:51.065,,,
cmq50j2m91agh2opctgkg167q,Tile work,cmq50j2m71afo2opc8n7hckkb,cm39yc7n800g92q8zpnzg0m6z,false,2026-06-08T09:32:51.065,,,
cmq50j2m91agt2opc7fubb3o8,wooden work,cmq50j2m71afo2opc8n7hckkb,cm39yc7n800g92q8zpnzg0m6z,false,2026-06-08T09:32:51.065,,,
cmq50j2m91agz2opcf3cmqnap,Granite work,cmq50j2m71afo2opc8n7hckkb,cm39yc7n800g92q8zpnzg0m6z,false,2026-06-08T09:32:51.065,,,
cmq50j2m91ah52opcyv1m5l5y,Paint work,cmq50j2m71afo2opc8n7hckkb,cm39yc7n800g92q8zpnzg0m6z,false,2026-06-08T09:32:51.065,,,
cmq50j2ma1ahh2opc7cb2z78v,Door work,cmq50j2m71afo2opc8n7hckkb,cm39yc7n800g92q8zpnzg0m6z,false,2026-06-08T09:32:51.065,,,
cmq50j2ma1ahq2opca10qrt33,Conduit & Box Installation,cmq50j2m71afo2opc8n7hckkb,cmq27k2ym07fj2opc9e0m922v,false,2026-06-08T09:32:51.065,,,
cmq50j2ma1ai22opckit5s7s1,Fixtures & Device Installation,cmq50j2m71afo2opc8n7hckkb,cmq27k2ym07fj2opc9e0m922v,false,2026-06-08T09:32:51.065,,,
cmq50j2ma1aib2opcdwf6r6ff,DB Works,cmq50j2m71afo2opc8n7hckkb,cmq27k2ym07fj2opc9e0m922v,false,2026-06-08T09:32:51.065,,,
cmq50j2ma1ain2opc4tyycmak,Testing & Commissioning,cmq50j2m71afo2opc8n7hckkb,cmq27k2ym07fj2opc9e0m922v,false,2026-06-08T09:32:51.065,,,
cmq50j2mb1ait2opcwxwskn4y,Pre-Execution & Planning,cmq50j2m71afo2opc8n7hckkb,cmq27k2ym07fj2opc9e0m922v,false,2026-06-08T09:32:51.065,,,
cmq50j2mb1aj22opc7gjotxty,Civil Interface & Preparatory Works,cmq50j2m71afo2opc8n7hckkb,cmq27k2ym07fj2opc9e0m922v,false,2026-06-08T09:32:51.065,,,
cmq50j2mb1ajh2opcfvu8b3jg,Refrigerant Piping Works,cmq50j2m71afo2opc8n7hckkb,cmq27k2ym07fj2opc9e0m922v,false,2026-06-08T09:32:51.065,,,
cmq50j2mb1ajt2opc8yg9d7gt,Ducting Works,cmq50j2m71afo2opc8n7hckkb,cmq27k2ym07fj2opc9e0m922v,false,2026-06-08T09:32:51.065,,,
cmq50j2mc1ake2opci3vu1zxt,Equipment & Accessories Installation,cmq50j2m71afo2opc8n7hckkb,cmq27k2ym07fj2opc9e0m922v,false,2026-06-08T09:32:51.065,,,
cmq50j2mc1akt2opce7zm8tvj,"Testing, Handover & Closeou",cmq50j2m71afo2opc8n7hckkb,cmq27k2ym07fj2opc9e0m922v,false,2026-06-08T09:32:51.065,,,
cmq50j2mc1akz2opclvgiz3yg,Civil Preparation,cmq50j2m71afo2opc8n7hckkb,cmq27k2ym07fj2opc9e0m922v,false,2026-06-08T09:32:51.065,,,
cmq50j2mc1al82opcjggt1q3q,Plumbing Installation,cmq50j2m71afo2opc8n7hckkb,cmq27k2ym07fj2opc9e0m922v,false,2026-06-08T09:32:51.065,,,
cmq50j2md1ale2opciuvvouq7,Testing & Quality Check,cmq50j2m71afo2opc8n7hckkb,cmq27k2ym07fj2opc9e0m922v,false,2026-06-08T09:32:51.065,,,
cmq50j2md1aln2opc7riowvs2,Cable Pulling & Wiring,cmq50j2m71afo2opc8n7hckkb,cmq27k2ym07fj2opc9e0m922v,false,2026-06-08T09:32:51.065,,,
cmq50j2mf1amp2opci28ydedz,Leveling work,cmq50j2me1amn2opcc4qws5fm,cm39yc7n800g92q8zpnzg0m6z,false,2026-06-08T09:32:51.065,,,
cmq50j2mf1amv2opceh1yz31e,Ceiling work,cmq50j2me1amn2opcc4qws5fm,cm39yc7n800g92q8zpnzg0m6z,false,2026-06-08T09:32:51.065,,,
cmq50j2mg1ang2opcocuhg81i,Tile work,cmq50j2me1amn2opcc4qws5fm,cm39yc7n800g92q8zpnzg0m6z,false,2026-06-08T09:32:51.065,,,
cmq50j2mg1ans2opcbkmrhwqw,wooden work,cmq50j2me1amn2opcc4qws5fm,cm39yc7n800g92q8zpnzg0m6z,false,2026-06-08T09:32:51.065,,,
cmq50j2mg1any2opcm6a0hoco,Granite work,cmq50j2me1amn2opcc4qws5fm,cm39yc7n800g92q8zpnzg0m6z,false,2026-06-08T09:32:51.065,,,
cmq50j2mg1ao42opczitnsk8u,Paint work,cmq50j2me1amn2opcc4qws5fm,cm39yc7n800g92q8zpnzg0m6z,false,2026-06-08T09:32:51.065,,,
cmq50j2mg1aog2opco4sgd3kt,Door work,cmq50j2me1amn2opcc4qws5fm,cm39yc7n800g92q8zpnzg0m6z,false,2026-06-08T09:32:51.065,,,
cmq50j2mh1aop2opcnisy0b6b,Conduit & Box Installation,cmq50j2me1amn2opcc4qws5fm,cmq27k2ym07fj2opc9e0m922v,false,2026-06-08T09:32:51.065,,,
cmq50j2mh1ap12opcvtnrfdvf,Fixtures & Device Installation,cmq50j2me1amn2opcc4qws5fm,cmq27k2ym07fj2opc9e0m922v,false,2026-06-08T09:32:51.065,,,
cmq50j2mh1apa2opco3nbzqq1,DB Works,cmq50j2me1amn2opcc4qws5fm,cmq27k2ym07fj2opc9e0m922v,false,2026-06-08T09:32:51.065,,,
cmq50j2mh1apm2opcd719popj,Testing & Commissioning,cmq50j2me1amn2opcc4qws5fm,cmq27k2ym07fj2opc9e0m922v,false,2026-06-08T09:32:51.065,,,
cmq50j2mh1aps2opc30ewg0ny,Pre-Execution & Planning,cmq50j2me1amn2opcc4qws5fm,cmq27k2ym07fj2opc9e0m922v,false,2026-06-08T09:32:51.065,,,
cmq50j2mi1aq12opcv1x3vlag,Civil Interface & Preparatory Works,cmq50j2me1amn2opcc4qws5fm,cmq27k2ym07fj2opc9e0m922v,false,2026-06-08T09:32:51.065,,,
cmq50j2mi1aqg2opcs9h49tb8,Refrigerant Piping Works,cmq50j2me1amn2opcc4qws5fm,cmq27k2ym07fj2opc9e0m922v,false,2026-06-08T09:32:51.065,,,
cmq50j2mi1aqs2opch8930vlx,Ducting Works,cmq50j2me1amn2opcc4qws5fm,cmq27k2ym07fj2opc9e0m922v,false,2026-06-08T09:32:51.065,,,
cmq50j2mj1ard2opcl386bx82,Equipment & Accessories Installation,cmq50j2me1amn2opcc4qws5fm,cmq27k2ym07fj2opc9e0m922v,false,2026-06-08T09:32:51.065,,,
cmq50j2mj1ars2opcfebyumjk,"Testing, Handover & Closeou",cmq50j2me1amn2opcc4qws5fm,cmq27k2ym07fj2opc9e0m922v,false,2026-06-08T09:32:51.065,,,
cmq50j2mj1ary2opcrxqdzm5i,Civil Preparation,cmq50j2me1amn2opcc4qws5fm,cmq27k2ym07fj2opc9e0m922v,false,2026-06-08T09:32:51.065,,,
cmq50j2mj1as72opcpzauzn3m,Plumbing Installation,cmq50j2me1amn2opcc4qws5fm,cmq27k2ym07fj2opc9e0m922v,false,2026-06-08T09:32:51.065,,,
cmq50j2mk1asd2opcvau09f0m,Testing & Quality Check,cmq50j2me1amn2opcc4qws5fm,cmq27k2ym07fj2opc9e0m922v,false,2026-06-08T09:32:51.065,,,
cmq50j2mk1asm2opcmvgqvn8w,Cable Pulling & Wiring,cmq50j2me1amn2opcc4qws5fm,cmq27k2ym07fj2opc9e0m922v,false,2026-06-08T09:32:51.065,,,
cmq50j2mm1ato2opceuof63fb,Leveling work,cmq50j2ml1atm2opcresaxs4s,cm39yc7n800g92q8zpnzg0m6z,false,2026-06-08T09:32:51.065,,,
cmq50j2mn1atu2opc12ffuwvb,Ceiling work,cmq50j2ml1atm2opcresaxs4s,cm39yc7n800g92q8zpnzg0m6z,false,2026-06-08T09:32:51.065,,,
cmq50j2mn1auf2opcbm1wftob,Tile work,cmq50j2ml1atm2opcresaxs4s,cm39yc7n800g92q8zpnzg0m6z,false,2026-06-08T09:32:51.065,,,
cmq50j2mo1aur2opczqi2yoyu,wooden work,cmq50j2ml1atm2opcresaxs4s,cm39yc7n800g92q8zpnzg0m6z,false,2026-06-08T09:32:51.065,,,
cmq50j2mo1aux2opcbmx0mrr6,Granite work,cmq50j2ml1atm2opcresaxs4s,cm39yc7n800g92q8zpnzg0m6z,false,2026-06-08T09:32:51.065,,,
cmq50j2mo1av32opc078d774u,Paint work,cmq50j2ml1atm2opcresaxs4s,cm39yc7n800g92q8zpnzg0m6z,false,2026-06-08T09:32:51.065,,,
cmq50j2mo1avf2opcubyp226b,Door work,cmq50j2ml1atm2opcresaxs4s,cm39yc7n800g92q8zpnzg0m6z,false,2026-06-08T09:32:51.065,,,
cmq50j2mo1avo2opc27ia8qmw,Conduit & Box Installation,cmq50j2ml1atm2opcresaxs4s,cmq27k2ym07fj2opc9e0m922v,false,2026-06-08T09:32:51.065,,,
cmq50j2mp1aw02opcgolvr8jb,Fixtures & Device Installation,cmq50j2ml1atm2opcresaxs4s,cmq27k2ym07fj2opc9e0m922v,false,2026-06-08T09:32:51.065,,,
cmq50j2mp1aw92opc3f3avrwm,DB Works,cmq50j2ml1atm2opcresaxs4s,cmq27k2ym07fj2opc9e0m922v,false,2026-06-08T09:32:51.065,,,
cmq50j2mp1awl2opcgbnliul3,Testing & Commissioning,cmq50j2ml1atm2opcresaxs4s,cmq27k2ym07fj2opc9e0m922v,false,2026-06-08T09:32:51.065,,,
cmq50j2mp1awr2opc6c96rnh1,Pre-Execution & Planning,cmq50j2ml1atm2opcresaxs4s,cmq27k2ym07fj2opc9e0m922v,false,2026-06-08T09:32:51.065,,,
cmq50j2mp1ax02opc10cuqrpw,Civil Interface & Preparatory Works,cmq50j2ml1atm2opcresaxs4s,cmq27k2ym07fj2opc9e0m922v,false,2026-06-08T09:32:51.065,,,
cmq50j2mq1axf2opcgs579k4u,Refrigerant Piping Works,cmq50j2ml1atm2opcresaxs4s,cmq27k2ym07fj2opc9e0m922v,false,2026-06-08T09:32:51.065,,,
cmq50j2mq1axr2opcscykr7pd,Ducting Works,cmq50j2ml1atm2opcresaxs4s,cmq27k2ym07fj2opc9e0m922v,false,2026-06-08T09:32:51.065,,,
cmq50j2mq1ayc2opco8h773ag,Equipment & Accessories Installation,cmq50j2ml1atm2opcresaxs4s,cmq27k2ym07fj2opc9e0m922v,false,2026-06-08T09:32:51.065,,,
cmq50j2mr1ayr2opcrx5fpo3z,"Testing, Handover & Closeou",cmq50j2ml1atm2opcresaxs4s,cmq27k2ym07fj2opc9e0m922v,false,2026-06-08T09:32:51.065,,,
cmq50j2mr1ayx2opcbdzx14of,Civil Preparation,cmq50j2ml1atm2opcresaxs4s,cmq27k2ym07fj2opc9e0m922v,false,2026-06-08T09:32:51.065,,,
cmq50j2mr1az62opcodkxckar,Plumbing Installation,cmq50j2ml1atm2opcresaxs4s,cmq27k2ym07fj2opc9e0m922v,false,2026-06-08T09:32:51.065,,,
cmq50j2mr1azc2opc33c3exer,Testing & Quality Check,cmq50j2ml1atm2opcresaxs4s,cmq27k2ym07fj2opc9e0m922v,false,2026-06-08T09:32:51.065,,,
cmq50j2mr1azl2opcln0766ad,Cable Pulling & Wiring,cmq50j2ml1atm2opcresaxs4s,cmq27k2ym07fj2opc9e0m922v,false,2026-06-08T09:32:51.065,,,
cmq50j2mu1b0n2opc3605hxgh,Leveling work,cmq50j2mt1b0l2opch52j1exs,cm39yc7n800g92q8zpnzg0m6z,false,2026-06-08T09:32:51.065,,,
cmq50j2mu1b0t2opcx6r6hp80,Ceiling work,cmq50j2mt1b0l2opch52j1exs,cm39yc7n800g92q8zpnzg0m6z,false,2026-06-08T09:32:51.065,,,
cmq50j2mv1b1e2opcohc8a6lo,Tile work,cmq50j2mt1b0l2opch52j1exs,cm39yc7n800g92q8zpnzg0m6z,false,2026-06-08T09:32:51.065,,,
cmq50j2mv1b1q2opcb7fz67cn,wooden work,cmq50j2mt1b0l2opch52j1exs,cm39yc7n800g92q8zpnzg0m6z,false,2026-06-08T09:32:51.065,,,
cmq50j2mv1b1w2opcvdcukuxz,Granite work,cmq50j2mt1b0l2opch52j1exs,cm39yc7n800g92q8zpnzg0m6z,false,2026-06-08T09:32:51.065,,,
cmq50j2mv1b222opc7n746gxb,Paint work,cmq50j2mt1b0l2opch52j1exs,cm39yc7n800g92q8zpnzg0m6z,false,2026-06-08T09:32:51.065,,,
cmq50j2mv1b2e2opcrsllnpv7,Door work,cmq50j2mt1b0l2opch52j1exs,cm39yc7n800g92q8zpnzg0m6z,false,2026-06-08T09:32:51.065,,,
cmq50j2mv1b2n2opcwmgtoecn,Conduit & Box Installation,cmq50j2mt1b0l2opch52j1exs,cmq27k2ym07fj2opc9e0m922v,false,2026-06-08T09:32:51.065,,,
cmq50j2mw1b2z2opcvnfnu680,Fixtures & Device Installation,cmq50j2mt1b0l2opch52j1exs,cmq27k2ym07fj2opc9e0m922v,false,2026-06-08T09:32:51.065,,,
cmq50j2mw1b382opc67f0e9e5,DB Works,cmq50j2mt1b0l2opch52j1exs,cmq27k2ym07fj2opc9e0m922v,false,2026-06-08T09:32:51.065,,,
cmq50j2mw1b3k2opc69euhnbv,Testing & Commissioning,cmq50j2mt1b0l2opch52j1exs,cmq27k2ym07fj2opc9e0m922v,false,2026-06-08T09:32:51.065,,,
cmq50j2mw1b3q2opcfy82yiot,Pre-Execution & Planning,cmq50j2mt1b0l2opch52j1exs,cmq27k2ym07fj2opc9e0m922v,false,2026-06-08T09:32:51.065,,,
cmq50j2mw1b3z2opcgm8pzt4w,Civil Interface & Preparatory Works,cmq50j2mt1b0l2opch52j1exs,cmq27k2ym07fj2opc9e0m922v,false,2026-06-08T09:32:51.065,,,
cmq50j2mx1b4e2opcocaoqe6b,Refrigerant Piping Works,cmq50j2mt1b0l2opch52j1exs,cmq27k2ym07fj2opc9e0m922v,false,2026-06-08T09:32:51.065,,,
cmq50j2mx1b4q2opc4hdrsvdl,Ducting Works,cmq50j2mt1b0l2opch52j1exs,cmq27k2ym07fj2opc9e0m922v,false,2026-06-08T09:32:51.065,,,
cmq50j2mx1b5b2opcw1dwmp4w,Equipment & Accessories Installation,cmq50j2mt1b0l2opch52j1exs,cmq27k2ym07fj2opc9e0m922v,false,2026-06-08T09:32:51.065,,,
cmq50j2my1b5q2opcinljet8d,"Testing, Handover & Closeou",cmq50j2mt1b0l2opch52j1exs,cmq27k2ym07fj2opc9e0m922v,false,2026-06-08T09:32:51.065,,,
cmq50j2my1b5w2opcdtc7u22c,Civil Preparation,cmq50j2mt1b0l2opch52j1exs,cmq27k2ym07fj2opc9e0m922v,false,2026-06-08T09:32:51.065,,,
cmq50j2my1b652opcikeushuf,Plumbing Installation,cmq50j2mt1b0l2opch52j1exs,cmq27k2ym07fj2opc9e0m922v,false,2026-06-08T09:32:51.065,,,
cmq50j2my1b6b2opcljaw0m6q,Testing & Quality Check,cmq50j2mt1b0l2opch52j1exs,cmq27k2ym07fj2opc9e0m922v,false,2026-06-08T09:32:51.065,,,
cmq50j2my1b6k2opcl2t0arol,Cable Pulling & Wiring,cmq50j2mt1b0l2opch52j1exs,cmq27k2ym07fj2opc9e0m922v,false,2026-06-08T09:32:51.065,,,
cmq50j2n11b7m2opcdfplwbp7,Leveling work,cmq50j2n01b7k2opcm4lxfcyu,cm39yc7n800g92q8zpnzg0m6z,false,2026-06-08T09:32:51.065,,,
cmq50j2n11b7s2opcphttqvi9,Ceiling work,cmq50j2n01b7k2opcm4lxfcyu,cm39yc7n800g92q8zpnzg0m6z,false,2026-06-08T09:32:51.065,,,
cmq50j2n11b8d2opcovzhrk8d,Tile work,cmq50j2n01b7k2opcm4lxfcyu,cm39yc7n800g92q8zpnzg0m6z,false,2026-06-08T09:32:51.065,,,
cmq50j2n21b8p2opc11z8dem8,wooden work,cmq50j2n01b7k2opcm4lxfcyu,cm39yc7n800g92q8zpnzg0m6z,false,2026-06-08T09:32:51.065,,,
cmq50j2n21b8v2opc1g6v6jr8,Granite work,cmq50j2n01b7k2opcm4lxfcyu,cm39yc7n800g92q8zpnzg0m6z,false,2026-06-08T09:32:51.065,,,
cmq50j2n21b912opcwgdhaney,Paint work,cmq50j2n01b7k2opcm4lxfcyu,cm39yc7n800g92q8zpnzg0m6z,false,2026-06-08T09:32:51.065,,,
cmq50j2n21b9d2opcc54nnpyh,Door work,cmq50j2n01b7k2opcm4lxfcyu,cm39yc7n800g92q8zpnzg0m6z,false,2026-06-08T09:32:51.065,,,
cmq50j2n21b9m2opctc55wnoq,Conduit & Box Installation,cmq50j2n01b7k2opcm4lxfcyu,cmq27k2ym07fj2opc9e0m922v,false,2026-06-08T09:32:51.065,,,
cmq50j2n31b9y2opc80rzam8g,Fixtures & Device Installation,cmq50j2n01b7k2opcm4lxfcyu,cmq27k2ym07fj2opc9e0m922v,false,2026-06-08T09:32:51.065,,,
cmq50j2n31ba72opcwthbw6s9,DB Works,cmq50j2n01b7k2opcm4lxfcyu,cmq27k2ym07fj2opc9e0m922v,false,2026-06-08T09:32:51.065,,,
cmq50j2n41baj2opcgvmzzhjt,Testing & Commissioning,cmq50j2n01b7k2opcm4lxfcyu,cmq27k2ym07fj2opc9e0m922v,false,2026-06-08T09:32:51.065,,,
cmq50j2n41bap2opcevpinfwa,Pre-Execution & Planning,cmq50j2n01b7k2opcm4lxfcyu,cmq27k2ym07fj2opc9e0m922v,false,2026-06-08T09:32:51.065,,,
cmq50j2n41bay2opckrbyub2o,Civil Interface & Preparatory Works,cmq50j2n01b7k2opcm4lxfcyu,cmq27k2ym07fj2opc9e0m922v,false,2026-06-08T09:32:51.065,,,
cmq50j2n41bbd2opcwbjbyzs9,Refrigerant Piping Works,cmq50j2n01b7k2opcm4lxfcyu,cmq27k2ym07fj2opc9e0m922v,false,2026-06-08T09:32:51.065,,,
cmq50j2n41bbp2opciisk2als,Ducting Works,cmq50j2n01b7k2opcm4lxfcyu,cmq27k2ym07fj2opc9e0m922v,false,2026-06-08T09:32:51.065,,,
cmq50j2n51bca2opc8rqzvlxc,Equipment & Accessories Installation,cmq50j2n01b7k2opcm4lxfcyu,cmq27k2ym07fj2opc9e0m922v,false,2026-06-08T09:32:51.065,,,
cmq50j2n51bcp2opcklgxixcp,"Testing, Handover & Closeou",cmq50j2n01b7k2opcm4lxfcyu,cmq27k2ym07fj2opc9e0m922v,false,2026-06-08T09:32:51.065,,,
cmq50j2n51bcv2opc0cjy18uu,Civil Preparation,cmq50j2n01b7k2opcm4lxfcyu,cmq27k2ym07fj2opc9e0m922v,false,2026-06-08T09:32:51.065,,,
cmq50j2n61bd42opcam8htcw8,Plumbing Installation,cmq50j2n01b7k2opcm4lxfcyu,cmq27k2ym07fj2opc9e0m922v,false,2026-06-08T09:32:51.065,,,
cmq50j2n61bda2opcq7mflhw3,Testing & Quality Check,cmq50j2n01b7k2opcm4lxfcyu,cmq27k2ym07fj2opc9e0m922v,false,2026-06-08T09:32:51.065,,,
cmq50j2n61bdj2opcnadkk3ju,Cable Pulling & Wiring,cmq50j2n01b7k2opcm4lxfcyu,cmq27k2ym07fj2opc9e0m922v,false,2026-06-08T09:32:51.065,,,
cmq50j2n91bel2opcnqondfbz,Leveling work,cmq50j2n81bej2opc7fjwcme7,cm39yc7n800g92q8zpnzg0m6z,false,2026-06-08T09:32:51.065,,,
cmq50j2n91ber2opcjgpa82oc,Ceiling work,cmq50j2n81bej2opc7fjwcme7,cm39yc7n800g92q8zpnzg0m6z,false,2026-06-08T09:32:51.065,,,
cmq50j2n91bfc2opc85r8fcci,Tile work,cmq50j2n81bej2opc7fjwcme7,cm39yc7n800g92q8zpnzg0m6z,false,2026-06-08T09:32:51.065,,,
cmq50j2na1bfo2opcsnmhcpae,wooden work,cmq50j2n81bej2opc7fjwcme7,cm39yc7n800g92q8zpnzg0m6z,false,2026-06-08T09:32:51.065,,,
cmq50j2na1bfu2opc5s9ts9us,Granite work,cmq50j2n81bej2opc7fjwcme7,cm39yc7n800g92q8zpnzg0m6z,false,2026-06-08T09:32:51.065,,,
cmq50j2na1bg02opcbl529pl3,Paint work,cmq50j2n81bej2opc7fjwcme7,cm39yc7n800g92q8zpnzg0m6z,false,2026-06-08T09:32:51.065,,,
cmq50j2na1bgc2opcmvcgjcuw,Door work,cmq50j2n81bej2opc7fjwcme7,cm39yc7n800g92q8zpnzg0m6z,false,2026-06-08T09:32:51.065,,,
cmq50j2na1bgl2opc5nt3im6t,Conduit & Box Installation,cmq50j2n81bej2opc7fjwcme7,cmq27k2ym07fj2opc9e0m922v,false,2026-06-08T09:32:51.065,,,
cmq50j2na1bgx2opclbhtauda,Fixtures & Device Installation,cmq50j2n81bej2opc7fjwcme7,cmq27k2ym07fj2opc9e0m922v,false,2026-06-08T09:32:51.065,,,
cmq50j2nb1bh62opc5sxdpz9p,DB Works,cmq50j2n81bej2opc7fjwcme7,cmq27k2ym07fj2opc9e0m922v,false,2026-06-08T09:32:51.065,,,
cmq50j2nb1bhi2opct3jpmfp2,Testing & Commissioning,cmq50j2n81bej2opc7fjwcme7,cmq27k2ym07fj2opc9e0m922v,false,2026-06-08T09:32:51.065,,,
cmq50j2nb1bho2opctuwal3za,Pre-Execution & Planning,cmq50j2n81bej2opc7fjwcme7,cmq27k2ym07fj2opc9e0m922v,false,2026-06-08T09:32:51.065,,,
cmq50j2nb1bhx2opcxvqg4ftw,Civil Interface & Preparatory Works,cmq50j2n81bej2opc7fjwcme7,cmq27k2ym07fj2opc9e0m922v,false,2026-06-08T09:32:51.065,,,
cmq50j2nb1bic2opct9zylyda,Refrigerant Piping Works,cmq50j2n81bej2opc7fjwcme7,cmq27k2ym07fj2opc9e0m922v,false,2026-06-08T09:32:51.065,,,
cmq50j2nc1bio2opcoqpa2iw5,Ducting Works,cmq50j2n81bej2opc7fjwcme7,cmq27k2ym07fj2opc9e0m922v,false,2026-06-08T09:32:51.065,,,
cmq50j2nc1bj92opc86jj93m7,Equipment & Accessories Installation,cmq50j2n81bej2opc7fjwcme7,cmq27k2ym07fj2opc9e0m922v,false,2026-06-08T09:32:51.065,,,
cmq50j2nd1bjo2opcvr4hdtka,"Testing, Handover & Closeou",cmq50j2n81bej2opc7fjwcme7,cmq27k2ym07fj2opc9e0m922v,false,2026-06-08T09:32:51.065,,,
cmq50j2nd1bju2opcoow6pohg,Civil Preparation,cmq50j2n81bej2opc7fjwcme7,cmq27k2ym07fj2opc9e0m922v,false,2026-06-08T09:32:51.065,,,
cmq50j2nd1bk32opcw3ngv5u0,Plumbing Installation,cmq50j2n81bej2opc7fjwcme7,cmq27k2ym07fj2opc9e0m922v,false,2026-06-08T09:32:51.065,,,
cmq50j2nd1bk92opc57wfkdlw,Testing & Quality Check,cmq50j2n81bej2opc7fjwcme7,cmq27k2ym07fj2opc9e0m922v,false,2026-06-08T09:32:51.065,,,
cmq50j2ne1bki2opcblz37gw1,Cable Pulling & Wiring,cmq50j2n81bej2opc7fjwcme7,cmq27k2ym07fj2opc9e0m922v,false,2026-06-08T09:32:51.065,,,
cmq50j2ng1blk2opc061hny1d,Leveling work,cmq50j2ng1bli2opc8j4907zl,cm39yc7n800g92q8zpnzg0m6z,false,2026-06-08T09:32:51.065,,,
cmq50j2nh1blq2opc2ky2kpsu,Ceiling work,cmq50j2ng1bli2opc8j4907zl,cm39yc7n800g92q8zpnzg0m6z,false,2026-06-08T09:32:51.065,,,
cmq50j2nh1bmb2opcvfcq3svz,Tile work,cmq50j2ng1bli2opc8j4907zl,cm39yc7n800g92q8zpnzg0m6z,false,2026-06-08T09:32:51.065,,,
cmq50j2ni1bmn2opcvhqc768k,wooden work,cmq50j2ng1bli2opc8j4907zl,cm39yc7n800g92q8zpnzg0m6z,false,2026-06-08T09:32:51.065,,,
cmq50j2ni1bmt2opc4wld83ea,Granite work,cmq50j2ng1bli2opc8j4907zl,cm39yc7n800g92q8zpnzg0m6z,false,2026-06-08T09:32:51.065,,,
cmq50j2ni1bmz2opcq1nbao7x,Paint work,cmq50j2ng1bli2opc8j4907zl,cm39yc7n800g92q8zpnzg0m6z,false,2026-06-08T09:32:51.065,,,
cmq50j2ni1bnb2opcvhtej9b2,Door work,cmq50j2ng1bli2opc8j4907zl,cm39yc7n800g92q8zpnzg0m6z,false,2026-06-08T09:32:51.065,,,
cmq50j2nk1bnk2opcdjvbp1s4,Conduit & Box Installation,cmq50j2ng1bli2opc8j4907zl,cmq27k2ym07fj2opc9e0m922v,false,2026-06-08T09:32:51.065,,,
cmq50j2nl1bnw2opc4ng1soop,Fixtures & Device Installation,cmq50j2ng1bli2opc8j4907zl,cmq27k2ym07fj2opc9e0m922v,false,2026-06-08T09:32:51.065,,,
cmq50j2nl1bo52opcndwmw4g5,DB Works,cmq50j2ng1bli2opc8j4907zl,cmq27k2ym07fj2opc9e0m922v,false,2026-06-08T09:32:51.065,,,
cmq50j2nm1boh2opcv0vi6i60,Testing & Commissioning,cmq50j2ng1bli2opc8j4907zl,cmq27k2ym07fj2opc9e0m922v,false,2026-06-08T09:32:51.065,,,
cmq50j2nn1bon2opc42n7k3d2,Pre-Execution & Planning,cmq50j2ng1bli2opc8j4907zl,cmq27k2ym07fj2opc9e0m922v,false,2026-06-08T09:32:51.065,,,
cmq50j2nn1bow2opcf16df27b,Civil Interface & Preparatory Works,cmq50j2ng1bli2opc8j4907zl,cmq27k2ym07fj2opc9e0m922v,false,2026-06-08T09:32:51.065,,,
cmq50j2np1bpb2opc9hyt87qz,Refrigerant Piping Works,cmq50j2ng1bli2opc8j4907zl,cmq27k2ym07fj2opc9e0m922v,false,2026-06-08T09:32:51.065,,,
cmq50j2np1bpn2opc0n8up14s,Ducting Works,cmq50j2ng1bli2opc8j4907zl,cmq27k2ym07fj2opc9e0m922v,false,2026-06-08T09:32:51.065,,,
cmq50j2nq1bq82opczoktvrav,Equipment & Accessories Installation,cmq50j2ng1bli2opc8j4907zl,cmq27k2ym07fj2opc9e0m922v,false,2026-06-08T09:32:51.065,,,
cmq50j2nq1bqn2opcg2tby597,"Testing, Handover & Closeou",cmq50j2ng1bli2opc8j4907zl,cmq27k2ym07fj2opc9e0m922v,false,2026-06-08T09:32:51.065,,,
cmq50j2nr1bqt2opc3v04l1du,Civil Preparation,cmq50j2ng1bli2opc8j4907zl,cmq27k2ym07fj2opc9e0m922v,false,2026-06-08T09:32:51.065,,,
cmq50j2nr1br22opc9xdhho3r,Plumbing Installation,cmq50j2ng1bli2opc8j4907zl,cmq27k2ym07fj2opc9e0m922v,false,2026-06-08T09:32:51.065,,,
cmq50j2nr1br82opcb5lh4l7n,Testing & Quality Check,cmq50j2ng1bli2opc8j4907zl,cmq27k2ym07fj2opc9e0m922v,false,2026-06-08T09:32:51.065,,,
cmq50j2nr1brh2opcprgyli19,Cable Pulling & Wiring,cmq50j2ng1bli2opc8j4907zl,cmq27k2ym07fj2opc9e0m922v,false,2026-06-08T09:32:51.065,,,
cmq50j2nu1bsj2opci0ik6l68,Leveling work,cmq50j2nt1bsh2opcev6az7vl,cm39yc7n800g92q8zpnzg0m6z,false,2026-06-08T09:32:51.065,,,
cmq50j2nv1bsp2opcy1pdwkpa,Ceiling work,cmq50j2nt1bsh2opcev6az7vl,cm39yc7n800g92q8zpnzg0m6z,false,2026-06-08T09:32:51.065,,,
cmq50j2nv1bta2opcrsps3sln,Tile work,cmq50j2nt1bsh2opcev6az7vl,cm39yc7n800g92q8zpnzg0m6z,false,2026-06-08T09:32:51.065,,,
cmq50j2nv1btm2opccjeg9mt9,wooden work,cmq50j2nt1bsh2opcev6az7vl,cm39yc7n800g92q8zpnzg0m6z,false,2026-06-08T09:32:51.065,,,
cmq50j2nv1bts2opc1n6jx75a,Granite work,cmq50j2nt1bsh2opcev6az7vl,cm39yc7n800g92q8zpnzg0m6z,false,2026-06-08T09:32:51.065,,,
cmq50j2nw1bty2opctgyie7me,Paint work,cmq50j2nt1bsh2opcev6az7vl,cm39yc7n800g92q8zpnzg0m6z,false,2026-06-08T09:32:51.065,,,
cmq50j2nw1bua2opc7hxio1ez,Door work,cmq50j2nt1bsh2opcev6az7vl,cm39yc7n800g92q8zpnzg0m6z,false,2026-06-08T09:32:51.065,,,
cmq50j2nw1buj2opc3uk2r97z,Conduit & Box Installation,cmq50j2nt1bsh2opcev6az7vl,cmq27k2ym07fj2opc9e0m922v,false,2026-06-08T09:32:51.065,,,
cmq50j2nw1buv2opck3f86g8p,Fixtures & Device Installation,cmq50j2nt1bsh2opcev6az7vl,cmq27k2ym07fj2opc9e0m922v,false,2026-06-08T09:32:51.065,,,
cmq50j2nw1bv42opcpxkma48k,DB Works,cmq50j2nt1bsh2opcev6az7vl,cmq27k2ym07fj2opc9e0m922v,false,2026-06-08T09:32:51.065,,,
cmq50j2nx1bvg2opcvs5htmi1,Testing & Commissioning,cmq50j2nt1bsh2opcev6az7vl,cmq27k2ym07fj2opc9e0m922v,false,2026-06-08T09:32:51.065,,,
cmq50j2nx1bvm2opclnu2i6hd,Pre-Execution & Planning,cmq50j2nt1bsh2opcev6az7vl,cmq27k2ym07fj2opc9e0m922v,false,2026-06-08T09:32:51.065,,,
cmq50j2nx1bvv2opcgzfjchke,Civil Interface & Preparatory Works,cmq50j2nt1bsh2opcev6az7vl,cmq27k2ym07fj2opc9e0m922v,false,2026-06-08T09:32:51.065,,,
cmq50j2nx1bwa2opcq4sb00e8,Refrigerant Piping Works,cmq50j2nt1bsh2opcev6az7vl,cmq27k2ym07fj2opc9e0m922v,false,2026-06-08T09:32:51.065,,,
cmq50j2ny1bwm2opcvfzzq0ff,Ducting Works,cmq50j2nt1bsh2opcev6az7vl,cmq27k2ym07fj2opc9e0m922v,false,2026-06-08T09:32:51.065,,,
cmq50j2ny1bx72opc9x3s02lw,Equipment & Accessories Installation,cmq50j2nt1bsh2opcev6az7vl,cmq27k2ym07fj2opc9e0m922v,false,2026-06-08T09:32:51.065,,,
cmq50j2ny1bxm2opc70fueb21,"Testing, Handover & Closeou",cmq50j2nt1bsh2opcev6az7vl,cmq27k2ym07fj2opc9e0m922v,false,2026-06-08T09:32:51.065,,,
cmq50j2ny1bxs2opcvz6h1k0j,Civil Preparation,cmq50j2nt1bsh2opcev6az7vl,cmq27k2ym07fj2opc9e0m922v,false,2026-06-08T09:32:51.065,,,
cmq50j2nz1by12opce92sb5yp,Plumbing Installation,cmq50j2nt1bsh2opcev6az7vl,cmq27k2ym07fj2opc9e0m922v,false,2026-06-08T09:32:51.065,,,
cmq50j2nz1by72opchqssuuxe,Testing & Quality Check,cmq50j2nt1bsh2opcev6az7vl,cmq27k2ym07fj2opc9e0m922v,false,2026-06-08T09:32:51.065,,,
cmq50j2nz1byg2opchmwxxf8p,Cable Pulling & Wiring,cmq50j2nt1bsh2opcev6az7vl,cmq27k2ym07fj2opc9e0m922v,false,2026-06-08T09:32:51.065,,,
cmq50j2o11bzi2opcj5c6sct7,Leveling work,cmq50j2o01bzg2opcrzvff4ip,cm39yc7n800g92q8zpnzg0m6z,false,2026-06-08T09:32:51.065,,,
cmq50j2o11bzo2opcr17je16m,Ceiling work,cmq50j2o01bzg2opcrzvff4ip,cm39yc7n800g92q8zpnzg0m6z,false,2026-06-08T09:32:51.065,,,
cmq50j2o21c092opccngkym61,Tile work,cmq50j2o01bzg2opcrzvff4ip,cm39yc7n800g92q8zpnzg0m6z,false,2026-06-08T09:32:51.065,,,
cmq50j2o21c0l2opcjwbjq2q3,wooden work,cmq50j2o01bzg2opcrzvff4ip,cm39yc7n800g92q8zpnzg0m6z,false,2026-06-08T09:32:51.065,,,
cmq50j2o21c0r2opc5mteg2yf,Granite work,cmq50j2o01bzg2opcrzvff4ip,cm39yc7n800g92q8zpnzg0m6z,false,2026-06-08T09:32:51.065,,,
cmq50j2o21c0x2opcgepl4fue,Paint work,cmq50j2o01bzg2opcrzvff4ip,cm39yc7n800g92q8zpnzg0m6z,false,2026-06-08T09:32:51.065,,,
cmq50j2o21c192opcvk4m0y94,Door work,cmq50j2o01bzg2opcrzvff4ip,cm39yc7n800g92q8zpnzg0m6z,false,2026-06-08T09:32:51.065,,,
cmq50j2o31c1i2opcuki95g7t,Conduit & Box Installation,cmq50j2o01bzg2opcrzvff4ip,cmq27k2ym07fj2opc9e0m922v,false,2026-06-08T09:32:51.065,,,
cmq50j2o31c1u2opcj77o8ati,Fixtures & Device Installation,cmq50j2o01bzg2opcrzvff4ip,cmq27k2ym07fj2opc9e0m922v,false,2026-06-08T09:32:51.065,,,
cmq50j2o31c232opczxf5uwyo,DB Works,cmq50j2o01bzg2opcrzvff4ip,cmq27k2ym07fj2opc9e0m922v,false,2026-06-08T09:32:51.065,,,
cmq50j2o31c2f2opcn6hl42za,Testing & Commissioning,cmq50j2o01bzg2opcrzvff4ip,cmq27k2ym07fj2opc9e0m922v,false,2026-06-08T09:32:51.065,,,
cmq50j2o31c2l2opc78xkf42x,Pre-Execution & Planning,cmq50j2o01bzg2opcrzvff4ip,cmq27k2ym07fj2opc9e0m922v,false,2026-06-08T09:32:51.065,,,
cmq50j2o41c2u2opc3a7rz47d,Civil Interface & Preparatory Works,cmq50j2o01bzg2opcrzvff4ip,cmq27k2ym07fj2opc9e0m922v,false,2026-06-08T09:32:51.065,,,
cmq50j2o41c392opcq4g74of6,Refrigerant Piping Works,cmq50j2o01bzg2opcrzvff4ip,cmq27k2ym07fj2opc9e0m922v,false,2026-06-08T09:32:51.065,,,
cmq50j2o41c3l2opcii94q1z7,Ducting Works,cmq50j2o01bzg2opcrzvff4ip,cmq27k2ym07fj2opc9e0m922v,false,2026-06-08T09:32:51.065,,,
cmq50j2o51c462opckihf42mv,Equipment & Accessories Installation,cmq50j2o01bzg2opcrzvff4ip,cmq27k2ym07fj2opc9e0m922v,false,2026-06-08T09:32:51.065,,,
cmq50j2o51c4l2opc8bo6hntp,"Testing, Handover & Closeou",cmq50j2o01bzg2opcrzvff4ip,cmq27k2ym07fj2opc9e0m922v,false,2026-06-08T09:32:51.065,,,
cmq50j2o51c4r2opc11t2qshn,Civil Preparation,cmq50j2o01bzg2opcrzvff4ip,cmq27k2ym07fj2opc9e0m922v,false,2026-06-08T09:32:51.065,,,
cmq50j2o51c502opcgsm2yr4u,Plumbing Installation,cmq50j2o01bzg2opcrzvff4ip,cmq27k2ym07fj2opc9e0m922v,false,2026-06-08T09:32:51.065,,,
cmq50j2o51c562opc3p84pyjm,Testing & Quality Check,cmq50j2o01bzg2opcrzvff4ip,cmq27k2ym07fj2opc9e0m922v,false,2026-06-08T09:32:51.065,,,
cmq50j2o51c5f2opcq4z2lp3o,Cable Pulling & Wiring,cmq50j2o01bzg2opcrzvff4ip,cmq27k2ym07fj2opc9e0m922v,false,2026-06-08T09:32:51.065,,,
cmq50j2o71c6h2opckv7tuckt,Leveling work,cmq50j2o71c6f2opcrd38e1j7,cm39yc7n800g92q8zpnzg0m6z,false,2026-06-08T09:32:51.065,,,
cmq50j2o81c6n2opc35nyg5zz,Ceiling work,cmq50j2o71c6f2opcrd38e1j7,cm39yc7n800g92q8zpnzg0m6z,false,2026-06-08T09:32:51.065,,,
cmq50j2o81c782opcx3hs37qb,Tile work,cmq50j2o71c6f2opcrd38e1j7,cm39yc7n800g92q8zpnzg0m6z,false,2026-06-08T09:32:51.065,,,
cmq50j2o81c7k2opczoahpckg,wooden work,cmq50j2o71c6f2opcrd38e1j7,cm39yc7n800g92q8zpnzg0m6z,false,2026-06-08T09:32:51.065,,,
cmq50j2o81c7q2opcvus1g3dt,Granite work,cmq50j2o71c6f2opcrd38e1j7,cm39yc7n800g92q8zpnzg0m6z,false,2026-06-08T09:32:51.065,,,
cmq50j2o81c7w2opca84q0kp6,Paint work,cmq50j2o71c6f2opcrd38e1j7,cm39yc7n800g92q8zpnzg0m6z,false,2026-06-08T09:32:51.065,,,
cmq50j2o91c882opc0uo94wi0,Door work,cmq50j2o71c6f2opcrd38e1j7,cm39yc7n800g92q8zpnzg0m6z,false,2026-06-08T09:32:51.065,,,
cmq50j2o91c8h2opcr65v6oiq,Conduit & Box Installation,cmq50j2o71c6f2opcrd38e1j7,cmq27k2ym07fj2opc9e0m922v,false,2026-06-08T09:32:51.065,,,
cmq50j2o91c8t2opc674yqbaf,Fixtures & Device Installation,cmq50j2o71c6f2opcrd38e1j7,cmq27k2ym07fj2opc9e0m922v,false,2026-06-08T09:32:51.065,,,
cmq50j2o91c922opc9i0y0wiu,DB Works,cmq50j2o71c6f2opcrd38e1j7,cmq27k2ym07fj2opc9e0m922v,false,2026-06-08T09:32:51.065,,,
cmq50j2oa1c9e2opc9bww19v3,Testing & Commissioning,cmq50j2o71c6f2opcrd38e1j7,cmq27k2ym07fj2opc9e0m922v,false,2026-06-08T09:32:51.065,,,
cmq50j2oa1c9k2opcb1uglzi0,Pre-Execution & Planning,cmq50j2o71c6f2opcrd38e1j7,cmq27k2ym07fj2opc9e0m922v,false,2026-06-08T09:32:51.065,,,
cmq50j2oa1c9t2opcjmwb2snf,Civil Interface & Preparatory Works,cmq50j2o71c6f2opcrd38e1j7,cmq27k2ym07fj2opc9e0m922v,false,2026-06-08T09:32:51.065,,,
cmq50j2oa1ca82opczwb1p03e,Refrigerant Piping Works,cmq50j2o71c6f2opcrd38e1j7,cmq27k2ym07fj2opc9e0m922v,false,2026-06-08T09:32:51.065,,,
cmq50j2oa1cak2opcofsjkrut,Ducting Works,cmq50j2o71c6f2opcrd38e1j7,cmq27k2ym07fj2opc9e0m922v,false,2026-06-08T09:32:51.065,,,
cmq50j2ob1cb52opck9k2v7ud,Equipment & Accessories Installation,cmq50j2o71c6f2opcrd38e1j7,cmq27k2ym07fj2opc9e0m922v,false,2026-06-08T09:32:51.065,,,
cmq50j2ob1cbk2opcj6o4o2df,"Testing, Handover & Closeou",cmq50j2o71c6f2opcrd38e1j7,cmq27k2ym07fj2opc9e0m922v,false,2026-06-08T09:32:51.065,,,
cmq50j2ob1cbq2opcebmzpd11,Civil Preparation,cmq50j2o71c6f2opcrd38e1j7,cmq27k2ym07fj2opc9e0m922v,false,2026-06-08T09:32:51.065,,,
cmq50j2ob1cbz2opcxu76curj,Plumbing Installation,cmq50j2o71c6f2opcrd38e1j7,cmq27k2ym07fj2opc9e0m922v,false,2026-06-08T09:32:51.065,,,
cmq50j2oc1cc52opct5duo8kw,Testing & Quality Check,cmq50j2o71c6f2opcrd38e1j7,cmq27k2ym07fj2opc9e0m922v,false,2026-06-08T09:32:51.065,,,
cmq50j2oc1cce2opc2ncu014p,Cable Pulling & Wiring,cmq50j2o71c6f2opcrd38e1j7,cmq27k2ym07fj2opc9e0m922v,false,2026-06-08T09:32:51.065,,,
cmq28ommz07zy2opcl58swjti,conduiting,cmq28ommx07zw2opcqj2srogv,cmq27k2ym07fj2opc9e0m922v,false,2026-06-06T10:57:49.188,,,
cmq28ommz08082opch5jvbd9j,Fixtures fixing work,cmq28ommx07zw2opcqj2srogv,cmq27k2ym07fj2opc9e0m922v,false,2026-06-06T10:57:49.188,,,
cmq28ommz080l2opc5er3f53c,wiring,cmq28ommx07zw2opcqj2srogv,cmq27k2ym07fj2opc9e0m922v,false,2026-06-06T10:57:49.188,,,
cmq28omn008142opc8my700vl,Dressing Work,cmq28ommx07zw2opcqj2srogv,cmq27k2ym07fj2opc9e0m922v,false,2026-06-06T10:57:49.188,,,
cmq28omn0081e2opcdmenafrr,Civil work,cmq28ommx07zw2opcqj2srogv,cmq27k2ym07fj2opc9e0m922v,false,2026-06-06T10:57:49.188,,,
cmq28omn0081l2opcnthtp8zg,Base Work,cmq28ommx07zw2opcqj2srogv,cmq27k2ym07fj2opc9e0m922v,false,2026-06-06T10:57:49.188,,,
cmq28omn0081v2opccvquvp9d,Copper installation,cmq28ommx07zw2opcqj2srogv,cmq27k2ym07fj2opc9e0m922v,false,2026-06-06T10:57:49.188,,,
cmq28omn008222opccl76tx7q,Testing work,cmq28ommx07zw2opcqj2srogv,cmq27k2ym07fj2opc9e0m922v,false,2026-06-06T10:57:49.188,,,
cmq28omn1082g2opc1hbx0vvc,Units installation work,cmq28ommx07zw2opcqj2srogv,cmq27k2ym07fj2opc9e0m922v,false,2026-06-06T10:57:49.188,,,
cmq28omn1082q2opc6l6lvd43,Final stage of HVAC,cmq28ommx07zw2opcqj2srogv,cmq27k2ym07fj2opc9e0m922v,false,2026-06-06T10:57:49.188,,,
cmq28omn108292opc75pbpuvn,Pipe Laying work,cmq28ommx07zw2opcqj2srogv,cmq27k2ym07fj2opc9e0m922v,false,2026-06-06T10:57:49.188,,,
cmq28omn108302opclygwkgvp,Welding Work,cmq28ommx07zw2opcqj2srogv,cmq27k2ym07fj2opc9e0m922v,false,2026-06-06T10:57:49.188,,,
cmq28omn108372opc7yzlp59h,Threading Work,cmq28ommx07zw2opcqj2srogv,cmq27k2ym07fj2opc9e0m922v,false,2026-06-06T10:57:49.188,,,
cmq28omn1083e2opc0tb15c7d,Piping  Testing Work,cmq28ommx07zw2opcqj2srogv,cmq27k2ym07fj2opc9e0m922v,false,2026-06-06T10:57:49.188,,,
cmq28omn1083l2opcb3k9tnfx,Balcony work,cmq28ommx07zw2opcqj2srogv,cm39yc7n800g92q8zpnzg0m6z,false,2026-06-06T10:57:49.188,,,
cmq28omn2084n2opcu9c53hd3,Leveling work,cmq28ommx07zw2opcqj2srogv,cm39yc7n800g92q8zpnzg0m6z,false,2026-06-06T10:57:49.188,,,
cmq28omn2084x2opc3m1j54rm,Wall POP,cmq28ommx07zw2opcqj2srogv,cm39yc7n800g92q8zpnzg0m6z,false,2026-06-06T10:57:49.188,,,
cmq28omn208542opcbuh2ozhk,Painting Fire Pipes,cmq28ommx07zw2opcqj2srogv,cmq27k2ym07fj2opc9e0m922v,false,2026-06-06T10:57:49.188,,,
cmq28omn3085b2opcqeis2675,Ceiling work,cmq28ommx07zw2opcqj2srogv,cm39yc7n800g92q8zpnzg0m6z,false,2026-06-06T10:57:49.188,,,
cmq28omn3085o2opcd51ax61y,Granite work,cmq28ommx07zw2opcqj2srogv,cm39yc7n800g92q8zpnzg0m6z,false,2026-06-06T10:57:49.188,,,
cmq28omn208412opcf12fva0x,Fire Pipe Shaft Work,cmq28ommx07zw2opcqj2srogv,cmq27k2ym07fj2opc9e0m922v,false,2026-06-06T10:57:49.188,,,
cmq28omn308642opcnuwchfm5,Tile work,cmq28ommx07zw2opcqj2srogv,cm39yc7n800g92q8zpnzg0m6z,false,2026-06-06T10:57:49.188,,,
cmq28omn3086e2opc98ar609l,Washroom Work,cmq28ommx07zw2opcqj2srogv,cm39yc7n800g92q8zpnzg0m6z,false,2026-06-06T10:57:49.188,,,
cmq28omn4086r2opcfngvklgz,Servant toilet work,cmq28ommx07zw2opcqj2srogv,cm39yc7n800g92q8zpnzg0m6z,false,2026-06-06T10:57:49.188,,,
cmq28omn408712opc7059m877,Handover stage,cmq28ommx07zw2opcqj2srogv,cmq27k2ym07fj2opc9e0m922v,false,2026-06-06T10:57:49.188,,,
cmq28omn5088l2opcupn8gbhy,fixing,cmq28ommx07zw2opcqj2srogv,cmq27k2ym07fj2opc9e0m922v,false,2026-06-06T10:57:49.188,,,
cmq28omn4087b2opc8stnk68z,Plumbing Work,cmq28ommx07zw2opcqj2srogv,cmq27k2ym07fj2opc9e0m922v,false,2026-06-06T10:57:49.188,,,
cmq28omn4087r2opcx28j8cyl,Clamping Fixing Work,cmq28ommx07zw2opcqj2srogv,cmq27k2ym07fj2opc9e0m922v,false,2026-06-06T10:57:49.188,,,
cmq28omn4087y2opco8r9y9nr,Sunken Filling,cmq28ommx07zw2opcqj2srogv,cmq27k2ym07fj2opc9e0m922v,false,2026-06-06T10:57:49.188,,,
cmq28omn5088b2opcy959l6vq,ventilation work,cmq28ommx07zw2opcqj2srogv,cmq27k2ym07fj2opc9e0m922v,false,2026-06-06T10:57:49.188,,,
cmq28omn5088y2opcamfmnu4u,Fire Hydrant installation,cmq28ommx07zw2opcqj2srogv,cmq27k2ym07fj2opc9e0m922v,false,2026-06-06T10:57:49.188,,,
cmq28omqd08982opc0lzi0fdo,conduiting,cmq28omqb08962opcq5qtq4j2,cmq27k2ym07fj2opc9e0m922v,false,2026-06-06T10:57:49.188,,,
cmq28omqd089i2opc8n0dmhy1,Fixtures fixing work,cmq28omqb08962opcq5qtq4j2,cmq27k2ym07fj2opc9e0m922v,false,2026-06-06T10:57:49.188,,,
cmq28omqd089v2opcib0850lj,wiring,cmq28omqb08962opcq5qtq4j2,cmq27k2ym07fj2opc9e0m922v,false,2026-06-06T10:57:49.188,,,
cmq28omqe08ae2opcfdz2hb3c,Dressing Work,cmq28omqb08962opcq5qtq4j2,cmq27k2ym07fj2opc9e0m922v,false,2026-06-06T10:57:49.188,,,
cmq28omqe08ao2opcvshj6es0,Civil work,cmq28omqb08962opcq5qtq4j2,cmq27k2ym07fj2opc9e0m922v,false,2026-06-06T10:57:49.188,,,
cmq28omqe08av2opc753syw9y,Base Work,cmq28omqb08962opcq5qtq4j2,cmq27k2ym07fj2opc9e0m922v,false,2026-06-06T10:57:49.188,,,
cmq28omqe08b52opcjp55trgo,Copper installation,cmq28omqb08962opcq5qtq4j2,cmq27k2ym07fj2opc9e0m922v,false,2026-06-06T10:57:49.188,,,
cmq28omqe08bc2opcn9xp4eoh,Testing work,cmq28omqb08962opcq5qtq4j2,cmq27k2ym07fj2opc9e0m922v,false,2026-06-06T10:57:49.188,,,
cmq28omqe08bj2opcservj67i,Pipe Laying work,cmq28omqb08962opcq5qtq4j2,cmq27k2ym07fj2opc9e0m922v,false,2026-06-06T10:57:49.188,,,
cmq28omqf08bq2opcnpfs5qm5,Units installation work,cmq28omqb08962opcq5qtq4j2,cmq27k2ym07fj2opc9e0m922v,false,2026-06-06T10:57:49.188,,,
cmq28omqf08c02opcm16tk3oe,Final stage of HVAC,cmq28omqb08962opcq5qtq4j2,cmq27k2ym07fj2opc9e0m922v,false,2026-06-06T10:57:49.188,,,
cmq28omqf08ca2opcje9hk1rc,Piping  Testing Work,cmq28omqb08962opcq5qtq4j2,cmq27k2ym07fj2opc9e0m922v,false,2026-06-06T10:57:49.188,,,
cmq28omqf08ch2opc4kj1z2fn,Balcony work,cmq28omqb08962opcq5qtq4j2,cm39yc7n800g92q8zpnzg0m6z,false,2026-06-06T10:57:49.188,,,
cmq28omqg08e72opc3710kyu4,Wall POP,cmq28omqb08962opcq5qtq4j2,cm39yc7n800g92q8zpnzg0m6z,false,2026-06-06T10:57:49.188,,,
cmq28omqf08cx2opc7u25krzk,Welding Work,cmq28omqb08962opcq5qtq4j2,cmq27k2ym07fj2opc9e0m922v,false,2026-06-06T10:57:49.188,,,
cmq28omqf08d42opc5alcgm22,Threading Work,cmq28omqb08962opcq5qtq4j2,cmq27k2ym07fj2opc9e0m922v,false,2026-06-06T10:57:49.188,,,
cmq28omqg08ee2opcumjgb28q,Painting Fire Pipes,cmq28omqb08962opcq5qtq4j2,cmq27k2ym07fj2opc9e0m922v,false,2026-06-06T10:57:49.188,,,
cmq28omqg08db2opc4ytqr73v,Fire Pipe Shaft Work,cmq28omqb08962opcq5qtq4j2,cmq27k2ym07fj2opc9e0m922v,false,2026-06-06T10:57:49.188,,,
cmq28omqg08dx2opc34zs3h3i,Leveling work,cmq28omqb08962opcq5qtq4j2,cm39yc7n800g92q8zpnzg0m6z,false,2026-06-06T10:57:49.188,,,
cmq28omqg08el2opca0rpo3z8,Ceiling work,cmq28omqb08962opcq5qtq4j2,cm39yc7n800g92q8zpnzg0m6z,false,2026-06-06T10:57:49.188,,,
cmq28omqh08ey2opcga6dn6iq,Granite work,cmq28omqb08962opcq5qtq4j2,cm39yc7n800g92q8zpnzg0m6z,false,2026-06-06T10:57:49.188,,,
cmq28omqh08fe2opcuydzjmj9,Tile work,cmq28omqb08962opcq5qtq4j2,cm39yc7n800g92q8zpnzg0m6z,false,2026-06-06T10:57:49.188,,,
cmq28omqh08fo2opcp17sokgb,Washroom Work,cmq28omqb08962opcq5qtq4j2,cm39yc7n800g92q8zpnzg0m6z,false,2026-06-06T10:57:49.188,,,
cmq28omqh08g12opc2a5u4c3x,Servant toilet work,cmq28omqb08962opcq5qtq4j2,cm39yc7n800g92q8zpnzg0m6z,false,2026-06-06T10:57:49.188,,,
cmq28omqi08gb2opcbqg3ux3w,Handover stage,cmq28omqb08962opcq5qtq4j2,cmq27k2ym07fj2opc9e0m922v,false,2026-06-06T10:57:49.188,,,
cmq28omqi08gl2opcitg6b9l2,Plumbing Work,cmq28omqb08962opcq5qtq4j2,cmq27k2ym07fj2opc9e0m922v,false,2026-06-06T10:57:49.188,,,
cmq28omqi08h12opce31skwid,Clamping Fixing Work,cmq28omqb08962opcq5qtq4j2,cmq27k2ym07fj2opc9e0m922v,false,2026-06-06T10:57:49.188,,,
cmq28omqi08h82opcpb14hkng,Sunken Filling,cmq28omqb08962opcq5qtq4j2,cmq27k2ym07fj2opc9e0m922v,false,2026-06-06T10:57:49.188,,,
cmq28omqi08hl2opc0eio6shx,ventilation work,cmq28omqb08962opcq5qtq4j2,cmq27k2ym07fj2opc9e0m922v,false,2026-06-06T10:57:49.188,,,
cmq28omqj08hv2opczyb8f6fq,fixing,cmq28omqb08962opcq5qtq4j2,cmq27k2ym07fj2opc9e0m922v,false,2026-06-06T10:57:49.188,,,
cmq28omqj08i82opcula9bqwq,Fire Hydrant installation,cmq28omqb08962opcq5qtq4j2,cmq27k2ym07fj2opc9e0m922v,false,2026-06-06T10:57:49.188,,,
cmq28p4xh08ik2opcfjq3gr95,conduiting,cmq28p4xf08ii2opcwyk10zai,cmq27k2ym07fj2opc9e0m922v,false,2026-06-06T10:58:12.892,,,
cmq28p4xh08iu2opcgaf0lqti,Fixtures fixing work,cmq28p4xf08ii2opcwyk10zai,cmq27k2ym07fj2opc9e0m922v,false,2026-06-06T10:58:12.892,,,
cmq28p4xi08j72opc931pn6im,wiring,cmq28p4xf08ii2opcwyk10zai,cmq27k2ym07fj2opc9e0m922v,false,2026-06-06T10:58:12.892,,,
cmq28p4xi08jq2opcdgdfv1ri,Dressing Work,cmq28p4xf08ii2opcwyk10zai,cmq27k2ym07fj2opc9e0m922v,false,2026-06-06T10:58:12.892,,,
cmq28p4xi08k02opckhmxmi00,Civil work,cmq28p4xf08ii2opcwyk10zai,cmq27k2ym07fj2opc9e0m922v,false,2026-06-06T10:58:12.892,,,
cmq28p4xi08k72opca55kvf37,Base Work,cmq28p4xf08ii2opcwyk10zai,cmq27k2ym07fj2opc9e0m922v,false,2026-06-06T10:58:12.892,,,
cmq28p4xi08kh2opc6vkox5w3,Copper installation,cmq28p4xf08ii2opcwyk10zai,cmq27k2ym07fj2opc9e0m922v,false,2026-06-06T10:58:12.892,,,
cmq28p4xj08ko2opcwaa7dycd,Testing work,cmq28p4xf08ii2opcwyk10zai,cmq27k2ym07fj2opc9e0m922v,false,2026-06-06T10:58:12.892,,,
cmq28p4xj08kv2opcq0lgq4s0,Pipe Laying work,cmq28p4xf08ii2opcwyk10zai,cmq27k2ym07fj2opc9e0m922v,false,2026-06-06T10:58:12.892,,,
cmq28p4xj08l22opcawkhkqs7,Units installation work,cmq28p4xf08ii2opcwyk10zai,cmq27k2ym07fj2opc9e0m922v,false,2026-06-06T10:58:12.892,,,
cmq28p4xj08lc2opc05tqlbht,Final stage of HVAC,cmq28p4xf08ii2opcwyk10zai,cmq27k2ym07fj2opc9e0m922v,false,2026-06-06T10:58:12.892,,,
cmq28p4xj08lm2opc3ynb2be6,Welding Work,cmq28p4xf08ii2opcwyk10zai,cmq27k2ym07fj2opc9e0m922v,false,2026-06-06T10:58:12.892,,,
cmq28p4xj08lt2opc0zmvi2yk,Threading Work,cmq28p4xf08ii2opcwyk10zai,cmq27k2ym07fj2opc9e0m922v,false,2026-06-06T10:58:12.892,,,
cmq28p4xk08m02opcuaso09i1,Piping  Testing Work,cmq28p4xf08ii2opcwyk10zai,cmq27k2ym07fj2opc9e0m922v,false,2026-06-06T10:58:12.892,,,
cmq28p4xk08m72opcm4ok7046,Balcony work,cmq28p4xf08ii2opcwyk10zai,cm39yc7n800g92q8zpnzg0m6z,false,2026-06-06T10:58:12.892,,,
cmq28p4xk08mn2opctx5a33op,Fire Pipe Shaft Work,cmq28p4xf08ii2opcwyk10zai,cmq27k2ym07fj2opc9e0m922v,false,2026-06-06T10:58:12.892,,,
cmq28p4xk08n92opcg9iwk3t5,Leveling work,cmq28p4xf08ii2opcwyk10zai,cm39yc7n800g92q8zpnzg0m6z,false,2026-06-06T10:58:12.892,,,
cmq28p4xl08nj2opcmfafhr42,Wall POP,cmq28p4xf08ii2opcwyk10zai,cm39yc7n800g92q8zpnzg0m6z,false,2026-06-06T10:58:12.892,,,
cmq28p4xl08nq2opcuc4v6mw0,Painting Fire Pipes,cmq28p4xf08ii2opcwyk10zai,cmq27k2ym07fj2opc9e0m922v,false,2026-06-06T10:58:12.892,,,
cmq28p4xl08nx2opcy3ijnryn,Ceiling work,cmq28p4xf08ii2opcwyk10zai,cm39yc7n800g92q8zpnzg0m6z,false,2026-06-06T10:58:12.892,,,
cmq28p4xl08oa2opces9b4ram,Granite work,cmq28p4xf08ii2opcwyk10zai,cm39yc7n800g92q8zpnzg0m6z,false,2026-06-06T10:58:12.892,,,
cmq28p4xl08oq2opcgywinwl6,Tile work,cmq28p4xf08ii2opcwyk10zai,cm39yc7n800g92q8zpnzg0m6z,false,2026-06-06T10:58:12.892,,,
cmq28p4xm08p02opczkisz1bi,Washroom Work,cmq28p4xf08ii2opcwyk10zai,cm39yc7n800g92q8zpnzg0m6z,false,2026-06-06T10:58:12.892,,,
cmq28p4xm08pd2opctjurjgqp,Servant toilet work,cmq28p4xf08ii2opcwyk10zai,cm39yc7n800g92q8zpnzg0m6z,false,2026-06-06T10:58:12.892,,,
cmq28p4xm08pn2opc5b1xmzq9,Handover stage,cmq28p4xf08ii2opcwyk10zai,cmq27k2ym07fj2opc9e0m922v,false,2026-06-06T10:58:12.892,,,
cmq28p4xm08px2opcqgunj2b3,Plumbing Work,cmq28p4xf08ii2opcwyk10zai,cmq27k2ym07fj2opc9e0m922v,false,2026-06-06T10:58:12.892,,,
cmq28p4xm08qd2opctna4ytcz,Clamping Fixing Work,cmq28p4xf08ii2opcwyk10zai,cmq27k2ym07fj2opc9e0m922v,false,2026-06-06T10:58:12.892,,,
cmq28p4xn08qk2opc0pdxzx2n,Sunken Filling,cmq28p4xf08ii2opcwyk10zai,cmq27k2ym07fj2opc9e0m922v,false,2026-06-06T10:58:12.892,,,
cmq28p4xn08qx2opczokbyivi,ventilation work,cmq28p4xf08ii2opcwyk10zai,cmq27k2ym07fj2opc9e0m922v,false,2026-06-06T10:58:12.892,,,
cmq28p4xn08r72opcweigdglf,fixing,cmq28p4xf08ii2opcwyk10zai,cmq27k2ym07fj2opc9e0m922v,false,2026-06-06T10:58:12.892,,,
cmq28p4xn08rk2opc6h0jrq0n,Fire Hydrant installation,cmq28p4xf08ii2opcwyk10zai,cmq27k2ym07fj2opc9e0m922v,false,2026-06-06T10:58:12.892,,,
cmq28p50s08ru2opc8h9l5iqf,conduiting,cmq28p50q08rs2opcjn82crsd,cmq27k2ym07fj2opc9e0m922v,false,2026-06-06T10:58:12.892,,,
cmq28p50s08s42opc2u53hbgm,Fixtures fixing work,cmq28p50q08rs2opcjn82crsd,cmq27k2ym07fj2opc9e0m922v,false,2026-06-06T10:58:12.892,,,
cmq28p50s08sh2opckuys4lsf,wiring,cmq28p50q08rs2opcjn82crsd,cmq27k2ym07fj2opc9e0m922v,false,2026-06-06T10:58:12.892,,,
cmq28p50t08t02opc00fn96wa,Dressing Work,cmq28p50q08rs2opcjn82crsd,cmq27k2ym07fj2opc9e0m922v,false,2026-06-06T10:58:12.892,,,
cmq28p50t08ta2opcor70s290,Civil work,cmq28p50q08rs2opcjn82crsd,cmq27k2ym07fj2opc9e0m922v,false,2026-06-06T10:58:12.892,,,
cmq28p50t08th2opcjn7z29zm,Base Work,cmq28p50q08rs2opcjn82crsd,cmq27k2ym07fj2opc9e0m922v,false,2026-06-06T10:58:12.892,,,
cmq28p50t08tr2opcxs8m61iv,Copper installation,cmq28p50q08rs2opcjn82crsd,cmq27k2ym07fj2opc9e0m922v,false,2026-06-06T10:58:12.892,,,
cmq28p50t08ty2opcl28oztjf,Testing work,cmq28p50q08rs2opcjn82crsd,cmq27k2ym07fj2opc9e0m922v,false,2026-06-06T10:58:12.892,,,
cmq28p50t08u52opcmu3vp1u6,Pipe Laying work,cmq28p50q08rs2opcjn82crsd,cmq27k2ym07fj2opc9e0m922v,false,2026-06-06T10:58:12.892,,,
cmq28p50t08uc2opcoe8ttutt,Units installation work,cmq28p50q08rs2opcjn82crsd,cmq27k2ym07fj2opc9e0m922v,false,2026-06-06T10:58:12.892,,,
cmq28p50u08um2opcou5wgu8d,Final stage of HVAC,cmq28p50q08rs2opcjn82crsd,cmq27k2ym07fj2opc9e0m922v,false,2026-06-06T10:58:12.892,,,
cmq28p50u08uw2opch2kntvbc,Piping  Testing Work,cmq28p50q08rs2opcjn82crsd,cmq27k2ym07fj2opc9e0m922v,false,2026-06-06T10:58:12.892,,,
cmq28p50u08v32opc168et46c,Balcony work,cmq28p50q08rs2opcjn82crsd,cm39yc7n800g92q8zpnzg0m6z,false,2026-06-06T10:58:12.892,,,
cmq28p50u08vj2opcmvohmfdk,Welding Work,cmq28p50q08rs2opcjn82crsd,cmq27k2ym07fj2opc9e0m922v,false,2026-06-06T10:58:12.892,,,
cmq28p50u08vq2opcqheaz61l,Threading Work,cmq28p50q08rs2opcjn82crsd,cmq27k2ym07fj2opc9e0m922v,false,2026-06-06T10:58:12.892,,,
cmq28p50v08vx2opcpna30rzq,Fire Pipe Shaft Work,cmq28p50q08rs2opcjn82crsd,cmq27k2ym07fj2opc9e0m922v,false,2026-06-06T10:58:12.892,,,
cmq28p50v08wj2opc1w7kp95k,Leveling work,cmq28p50q08rs2opcjn82crsd,cm39yc7n800g92q8zpnzg0m6z,false,2026-06-06T10:58:12.892,,,
cmq28p50v08wt2opcvfsvqqc1,Wall POP,cmq28p50q08rs2opcjn82crsd,cm39yc7n800g92q8zpnzg0m6z,false,2026-06-06T10:58:12.892,,,
cmq28p50v08x02opcbq31ijwa,Painting Fire Pipes,cmq28p50q08rs2opcjn82crsd,cmq27k2ym07fj2opc9e0m922v,false,2026-06-06T10:58:12.892,,,
cmq28p50w08x72opcq40nryar,Ceiling work,cmq28p50q08rs2opcjn82crsd,cm39yc7n800g92q8zpnzg0m6z,false,2026-06-06T10:58:12.892,,,
cmq28p50w08xk2opc2ai52105,Granite work,cmq28p50q08rs2opcjn82crsd,cm39yc7n800g92q8zpnzg0m6z,false,2026-06-06T10:58:12.892,,,
cmq28p50w08y02opc66cwa8ei,Tile work,cmq28p50q08rs2opcjn82crsd,cm39yc7n800g92q8zpnzg0m6z,false,2026-06-06T10:58:12.892,,,
cmq28p50x08ya2opcwdlohs5w,Washroom Work,cmq28p50q08rs2opcjn82crsd,cm39yc7n800g92q8zpnzg0m6z,false,2026-06-06T10:58:12.892,,,
cmq28p50x08yn2opc2sqhov72,Servant toilet work,cmq28p50q08rs2opcjn82crsd,cm39yc7n800g92q8zpnzg0m6z,false,2026-06-06T10:58:12.892,,,
cmq28p50x08yx2opcwmh329i3,Handover stage,cmq28p50q08rs2opcjn82crsd,cmq27k2ym07fj2opc9e0m922v,false,2026-06-06T10:58:12.892,,,
cmq28p50x08z72opcuiala307,Plumbing Work,cmq28p50q08rs2opcjn82crsd,cmq27k2ym07fj2opc9e0m922v,false,2026-06-06T10:58:12.892,,,
cmq28p50x08zn2opcw37zc94g,Clamping Fixing Work,cmq28p50q08rs2opcjn82crsd,cmq27k2ym07fj2opc9e0m922v,false,2026-06-06T10:58:12.892,,,
cmq28p50y08zu2opcz0jumr8f,Sunken Filling,cmq28p50q08rs2opcjn82crsd,cmq27k2ym07fj2opc9e0m922v,false,2026-06-06T10:58:12.892,,,
cmq28p50y09072opcmsff5fyw,ventilation work,cmq28p50q08rs2opcjn82crsd,cmq27k2ym07fj2opc9e0m922v,false,2026-06-06T10:58:12.892,,,
cmq28p50y090h2opc7o08mjg1,fixing,cmq28p50q08rs2opcjn82crsd,cmq27k2ym07fj2opc9e0m922v,false,2026-06-06T10:58:12.892,,,
cmq28p50y090u2opch9bw7tnr,Fire Hydrant installation,cmq28p50q08rs2opcjn82crsd,cmq27k2ym07fj2opc9e0m922v,false,2026-06-06T10:58:12.892,,,
cmq28p54109142opcqmaiewe3,conduiting,cmq28p53y09122opc0hgwgudy,cmq27k2ym07fj2opc9e0m922v,false,2026-06-06T10:58:12.892,,,
cmq28p541091e2opcsjoqhup3,Fixtures fixing work,cmq28p53y09122opc0hgwgudy,cmq27k2ym07fj2opc9e0m922v,false,2026-06-06T10:58:12.892,,,
cmq28p541091r2opcn0nat0ci,wiring,cmq28p53y09122opc0hgwgudy,cmq27k2ym07fj2opc9e0m922v,false,2026-06-06T10:58:12.892,,,
cmq28p542092a2opc175y5o2p,Dressing Work,cmq28p53y09122opc0hgwgudy,cmq27k2ym07fj2opc9e0m922v,false,2026-06-06T10:58:12.892,,,
cmq28p542092k2opcurtot4rw,Civil work,cmq28p53y09122opc0hgwgudy,cmq27k2ym07fj2opc9e0m922v,false,2026-06-06T10:58:12.892,,,
cmq28p542092r2opcpcj82kw1,Base Work,cmq28p53y09122opc0hgwgudy,cmq27k2ym07fj2opc9e0m922v,false,2026-06-06T10:58:12.892,,,
cmq28p54209312opcw098z5rk,Copper installation,cmq28p53y09122opc0hgwgudy,cmq27k2ym07fj2opc9e0m922v,false,2026-06-06T10:58:12.892,,,
cmq28p54209382opcdesa2rqs,Testing work,cmq28p53y09122opc0hgwgudy,cmq27k2ym07fj2opc9e0m922v,false,2026-06-06T10:58:12.892,,,
cmq28p542093f2opcjkk5j6qs,Units installation work,cmq28p53y09122opc0hgwgudy,cmq27k2ym07fj2opc9e0m922v,false,2026-06-06T10:58:12.892,,,
cmq28p543093p2opcz27unc9y,Final stage of HVAC,cmq28p53y09122opc0hgwgudy,cmq27k2ym07fj2opc9e0m922v,false,2026-06-06T10:58:12.892,,,
cmq28p543093z2opc86lp4hk8,Pipe Laying work,cmq28p53y09122opc0hgwgudy,cmq27k2ym07fj2opc9e0m922v,false,2026-06-06T10:58:12.892,,,
cmq28p54309462opce3ei400b,Welding Work,cmq28p53y09122opc0hgwgudy,cmq27k2ym07fj2opc9e0m922v,false,2026-06-06T10:58:12.892,,,
cmq28p543094d2opcoz6t9y86,Threading Work,cmq28p53y09122opc0hgwgudy,cmq27k2ym07fj2opc9e0m922v,false,2026-06-06T10:58:12.892,,,
cmq28p543094k2opc0s90gnnt,Piping  Testing Work,cmq28p53y09122opc0hgwgudy,cmq27k2ym07fj2opc9e0m922v,false,2026-06-06T10:58:12.892,,,
cmq28p543094r2opcqicypys6,Balcony work,cmq28p53y09122opc0hgwgudy,cm39yc7n800g92q8zpnzg0m6z,false,2026-06-06T10:58:12.892,,,
cmq28p54409572opc526pvzq3,Leveling work,cmq28p53y09122opc0hgwgudy,cm39yc7n800g92q8zpnzg0m6z,false,2026-06-06T10:58:12.892,,,
cmq28p544095h2opcb89wrtf8,Wall POP,cmq28p53y09122opc0hgwgudy,cm39yc7n800g92q8zpnzg0m6z,false,2026-06-06T10:58:12.892,,,
cmq28p544095o2opcz39x88v3,Painting Fire Pipes,cmq28p53y09122opc0hgwgudy,cmq27k2ym07fj2opc9e0m922v,false,2026-06-06T10:58:12.892,,,
cmq28p544095v2opc9oesj8db,Ceiling work,cmq28p53y09122opc0hgwgudy,cm39yc7n800g92q8zpnzg0m6z,false,2026-06-06T10:58:12.892,,,
cmq28p54409682opcb4vt7jfg,Granite work,cmq28p53y09122opc0hgwgudy,cm39yc7n800g92q8zpnzg0m6z,false,2026-06-06T10:58:12.892,,,
cmq28p544096o2opcb24zfolw,Fire Pipe Shaft Work,cmq28p53y09122opc0hgwgudy,cmq27k2ym07fj2opc9e0m922v,false,2026-06-06T10:58:12.892,,,
cmq28p545097a2opcb5l16g7w,Tile work,cmq28p53y09122opc0hgwgudy,cm39yc7n800g92q8zpnzg0m6z,false,2026-06-06T10:58:12.892,,,
cmq28p545097k2opce5t65e89,Washroom Work,cmq28p53y09122opc0hgwgudy,cm39yc7n800g92q8zpnzg0m6z,false,2026-06-06T10:58:12.892,,,
cmq28p545097x2opc7z3m2a6f,Servant toilet work,cmq28p53y09122opc0hgwgudy,cm39yc7n800g92q8zpnzg0m6z,false,2026-06-06T10:58:12.892,,,
cmq28p54609872opciwt9vol9,Handover stage,cmq28p53y09122opc0hgwgudy,cmq27k2ym07fj2opc9e0m922v,false,2026-06-06T10:58:12.892,,,
cmq28p546098h2opcc630r12e,fixing,cmq28p53y09122opc0hgwgudy,cmq27k2ym07fj2opc9e0m922v,false,2026-06-06T10:58:12.892,,,
cmq28p546098u2opck8te87t9,Plumbing Work,cmq28p53y09122opc0hgwgudy,cmq27k2ym07fj2opc9e0m922v,false,2026-06-06T10:58:12.892,,,
cmq28p546099a2opcpueqdscf,Clamping Fixing Work,cmq28p53y09122opc0hgwgudy,cmq27k2ym07fj2opc9e0m922v,false,2026-06-06T10:58:12.892,,,
cmq28p546099h2opcy3siav82,Sunken Filling,cmq28p53y09122opc0hgwgudy,cmq27k2ym07fj2opc9e0m922v,false,2026-06-06T10:58:12.892,,,
cmq28p547099u2opc2on561z0,ventilation work,cmq28p53y09122opc0hgwgudy,cmq27k2ym07fj2opc9e0m922v,false,2026-06-06T10:58:12.892,,,
cmq28p54709a42opchjmjii8q,Fire Hydrant installation,cmq28p53y09122opc0hgwgudy,cmq27k2ym07fj2opc9e0m922v,false,2026-06-06T10:58:12.892,,,
cmq28p57b09ae2opc0d7mmb0l,conduiting,cmq28p57909ac2opcd777e8h9,cmq27k2ym07fj2opc9e0m922v,false,2026-06-06T10:58:12.892,,,
cmq28p57c09ao2opcdutr8e7d,Fixtures fixing work,cmq28p57909ac2opcd777e8h9,cmq27k2ym07fj2opc9e0m922v,false,2026-06-06T10:58:12.892,,,
cmq28p57c09b12opck801k2i0,wiring,cmq28p57909ac2opcd777e8h9,cmq27k2ym07fj2opc9e0m922v,false,2026-06-06T10:58:12.892,,,
cmq28p57c09bk2opcdz6wq4h9,Dressing Work,cmq28p57909ac2opcd777e8h9,cmq27k2ym07fj2opc9e0m922v,false,2026-06-06T10:58:12.892,,,
cmq28p57c09bu2opc8cbxg3bs,Civil work,cmq28p57909ac2opcd777e8h9,cmq27k2ym07fj2opc9e0m922v,false,2026-06-06T10:58:12.892,,,
cmq28p57c09c12opcvl4fdoyd,Base Work,cmq28p57909ac2opcd777e8h9,cmq27k2ym07fj2opc9e0m922v,false,2026-06-06T10:58:12.892,,,
cmq28p57d09cb2opcpv8iy41z,Copper installation,cmq28p57909ac2opcd777e8h9,cmq27k2ym07fj2opc9e0m922v,false,2026-06-06T10:58:12.892,,,
cmq28p57d09ci2opc4pv8h4j7,Testing work,cmq28p57909ac2opcd777e8h9,cmq27k2ym07fj2opc9e0m922v,false,2026-06-06T10:58:12.892,,,
cmq28p57d09cp2opcterivg1d,Pipe Laying work,cmq28p57909ac2opcd777e8h9,cmq27k2ym07fj2opc9e0m922v,false,2026-06-06T10:58:12.892,,,
cmq28p57d09cw2opcp5n9ptfi,Units installation work,cmq28p57909ac2opcd777e8h9,cmq27k2ym07fj2opc9e0m922v,false,2026-06-06T10:58:12.892,,,
cmq28p57d09d62opc786hvz0d,Final stage of HVAC,cmq28p57909ac2opcd777e8h9,cmq27k2ym07fj2opc9e0m922v,false,2026-06-06T10:58:12.892,,,
cmq28p57d09dg2opcaerzmisl,Piping  Testing Work,cmq28p57909ac2opcd777e8h9,cmq27k2ym07fj2opc9e0m922v,false,2026-06-06T10:58:12.892,,,
cmq28p57d09dn2opcj3dpioyo,Balcony work,cmq28p57909ac2opcd777e8h9,cm39yc7n800g92q8zpnzg0m6z,false,2026-06-06T10:58:12.892,,,
cmq28p57e09e32opc1n1yqklk,Wall POP,cmq28p57909ac2opcd777e8h9,cm39yc7n800g92q8zpnzg0m6z,false,2026-06-06T10:58:12.892,,,
cmq28p57e09ea2opc1mk5tv5t,Welding Work,cmq28p57909ac2opcd777e8h9,cmq27k2ym07fj2opc9e0m922v,false,2026-06-06T10:58:12.892,,,
cmq28p57e09eh2opcid43tmlm,Threading Work,cmq28p57909ac2opcd777e8h9,cmq27k2ym07fj2opc9e0m922v,false,2026-06-06T10:58:12.892,,,
cmq28p57e09eo2opctifcmesc,Painting Fire Pipes,cmq28p57909ac2opcd777e8h9,cmq27k2ym07fj2opc9e0m922v,false,2026-06-06T10:58:12.892,,,
cmq28p57e09ev2opconhp2oty,Fire Pipe Shaft Work,cmq28p57909ac2opcd777e8h9,cmq27k2ym07fj2opc9e0m922v,false,2026-06-06T10:58:12.892,,,
cmq28p57f09fh2opcncw97ozd,Leveling work,cmq28p57909ac2opcd777e8h9,cm39yc7n800g92q8zpnzg0m6z,false,2026-06-06T10:58:12.892,,,
cmq28p57f09fr2opc5ec95e01,Ceiling work,cmq28p57909ac2opcd777e8h9,cm39yc7n800g92q8zpnzg0m6z,false,2026-06-06T10:58:12.892,,,
cmq28p57f09g42opcv545ebi5,Granite work,cmq28p57909ac2opcd777e8h9,cm39yc7n800g92q8zpnzg0m6z,false,2026-06-06T10:58:12.892,,,
cmq28p57f09gk2opcgp1cs9ch,Tile work,cmq28p57909ac2opcd777e8h9,cm39yc7n800g92q8zpnzg0m6z,false,2026-06-06T10:58:12.892,,,
cmq28p57g09gu2opc7he9vyr8,Washroom Work,cmq28p57909ac2opcd777e8h9,cm39yc7n800g92q8zpnzg0m6z,false,2026-06-06T10:58:12.892,,,
cmq28p57g09h72opci0645mf2,Servant toilet work,cmq28p57909ac2opcd777e8h9,cm39yc7n800g92q8zpnzg0m6z,false,2026-06-06T10:58:12.892,,,
cmq28p57g09hh2opckeo1la4p,Handover stage,cmq28p57909ac2opcd777e8h9,cmq27k2ym07fj2opc9e0m922v,false,2026-06-06T10:58:12.892,,,
cmq28p57g09hr2opcgxg62aue,Plumbing Work,cmq28p57909ac2opcd777e8h9,cmq27k2ym07fj2opc9e0m922v,false,2026-06-06T10:58:12.892,,,
cmq28p57h09i72opc8o1hxc8o,Clamping Fixing Work,cmq28p57909ac2opcd777e8h9,cmq27k2ym07fj2opc9e0m922v,false,2026-06-06T10:58:12.892,,,
cmq28p57h09ie2opc9owque4v,Sunken Filling,cmq28p57909ac2opcd777e8h9,cmq27k2ym07fj2opc9e0m922v,false,2026-06-06T10:58:12.892,,,
cmq28p57h09ir2opc9iyc27kw,ventilation work,cmq28p57909ac2opcd777e8h9,cmq27k2ym07fj2opc9e0m922v,false,2026-06-06T10:58:12.892,,,
cmq28p57h09j12opco2auja67,fixing,cmq28p57909ac2opcd777e8h9,cmq27k2ym07fj2opc9e0m922v,false,2026-06-06T10:58:12.892,,,
cmq28p57h09je2opc0coqt4c1,Fire Hydrant installation,cmq28p57909ac2opcd777e8h9,cmq27k2ym07fj2opc9e0m922v,false,2026-06-06T10:58:12.892,,,
cmq28ph7l09jq2opcgfroxilf,conduiting,cmq28ph7g09jo2opcjskmm671,cmq27k2ym07fj2opc9e0m922v,false,2026-06-06T10:58:28.8,,,
cmq28ph7l09k02opc9kjqwzbx,Fixtures fixing work,cmq28ph7g09jo2opcjskmm671,cmq27k2ym07fj2opc9e0m922v,false,2026-06-06T10:58:28.8,,,
cmq28ph7l09kd2opc70m99zmi,wiring,cmq28ph7g09jo2opcjskmm671,cmq27k2ym07fj2opc9e0m922v,false,2026-06-06T10:58:28.8,,,
cmq28ph7m09kw2opck1lzk799,Dressing Work,cmq28ph7g09jo2opcjskmm671,cmq27k2ym07fj2opc9e0m922v,false,2026-06-06T10:58:28.8,,,
cmq28ph7m09l62opcjd0wtubn,Civil work,cmq28ph7g09jo2opcjskmm671,cmq27k2ym07fj2opc9e0m922v,false,2026-06-06T10:58:28.8,,,
cmq28ph7m09ld2opc32kkvvk9,Base Work,cmq28ph7g09jo2opcjskmm671,cmq27k2ym07fj2opc9e0m922v,false,2026-06-06T10:58:28.8,,,
cmq28ph7m09ln2opcsh5vqcoo,Copper installation,cmq28ph7g09jo2opcjskmm671,cmq27k2ym07fj2opc9e0m922v,false,2026-06-06T10:58:28.8,,,
cmq28ph7m09lu2opcjwax5hpt,Testing work,cmq28ph7g09jo2opcjskmm671,cmq27k2ym07fj2opc9e0m922v,false,2026-06-06T10:58:28.8,,,
cmq28ph7m09m12opclk9f041z,Pipe Laying work,cmq28ph7g09jo2opcjskmm671,cmq27k2ym07fj2opc9e0m922v,false,2026-06-06T10:58:28.8,,,
cmq28ph7m09m82opce21m9nrw,Units installation work,cmq28ph7g09jo2opcjskmm671,cmq27k2ym07fj2opc9e0m922v,false,2026-06-06T10:58:28.8,,,
cmq28ph7m09mi2opctoc591qs,Final stage of HVAC,cmq28ph7g09jo2opcjskmm671,cmq27k2ym07fj2opc9e0m922v,false,2026-06-06T10:58:28.8,,,
cmq28ph7n09ms2opcqzyo4etn,Welding Work,cmq28ph7g09jo2opcjskmm671,cmq27k2ym07fj2opc9e0m922v,false,2026-06-06T10:58:28.8,,,
cmq28ph7n09mz2opcbyrq3rt7,Threading Work,cmq28ph7g09jo2opcjskmm671,cmq27k2ym07fj2opc9e0m922v,false,2026-06-06T10:58:28.8,,,
cmq28ph7n09n62opclypb4vm1,Piping  Testing Work,cmq28ph7g09jo2opcjskmm671,cmq27k2ym07fj2opc9e0m922v,false,2026-06-06T10:58:28.8,,,
cmq28ph7n09nd2opcpkux9dvk,Balcony work,cmq28ph7g09jo2opcjskmm671,cm39yc7n800g92q8zpnzg0m6z,false,2026-06-06T10:58:28.8,,,
cmq28ph7n09nt2opcdvq8kczc,Fire Pipe Shaft Work,cmq28ph7g09jo2opcjskmm671,cmq27k2ym07fj2opc9e0m922v,false,2026-06-06T10:58:28.8,,,
cmq28ph7o09of2opc1m733ibc,Leveling work,cmq28ph7g09jo2opcjskmm671,cm39yc7n800g92q8zpnzg0m6z,false,2026-06-06T10:58:28.8,,,
cmq28ph7o09op2opckw52t7p0,Wall POP,cmq28ph7g09jo2opcjskmm671,cm39yc7n800g92q8zpnzg0m6z,false,2026-06-06T10:58:28.8,,,
cmq28ph7o09ow2opcthuhn2me,Painting Fire Pipes,cmq28ph7g09jo2opcjskmm671,cmq27k2ym07fj2opc9e0m922v,false,2026-06-06T10:58:28.8,,,
cmq28ph7o09p32opc6qbdvtut,Ceiling work,cmq28ph7g09jo2opcjskmm671,cm39yc7n800g92q8zpnzg0m6z,false,2026-06-06T10:58:28.8,,,
cmq28ph7o09pg2opc9aqdlvjn,Granite work,cmq28ph7g09jo2opcjskmm671,cm39yc7n800g92q8zpnzg0m6z,false,2026-06-06T10:58:28.8,,,
cmq28ph7p09pw2opc2lfeopfn,Tile work,cmq28ph7g09jo2opcjskmm671,cm39yc7n800g92q8zpnzg0m6z,false,2026-06-06T10:58:28.8,,,
cmq28ph7p09q62opc0ubonh0w,Washroom Work,cmq28ph7g09jo2opcjskmm671,cm39yc7n800g92q8zpnzg0m6z,false,2026-06-06T10:58:28.8,,,
cmq28ph7p09qj2opc39jo2w21,Servant toilet work,cmq28ph7g09jo2opcjskmm671,cm39yc7n800g92q8zpnzg0m6z,false,2026-06-06T10:58:28.8,,,
cmq28ph7p09qt2opc68w2uic7,Handover stage,cmq28ph7g09jo2opcjskmm671,cmq27k2ym07fj2opc9e0m922v,false,2026-06-06T10:58:28.8,,,
cmq28ph7q09r32opckrtd0jaw,Plumbing Work,cmq28ph7g09jo2opcjskmm671,cmq27k2ym07fj2opc9e0m922v,false,2026-06-06T10:58:28.8,,,
cmq28ph7q09rj2opccwh4c4a7,Clamping Fixing Work,cmq28ph7g09jo2opcjskmm671,cmq27k2ym07fj2opc9e0m922v,false,2026-06-06T10:58:28.8,,,
cmq28ph7q09rq2opcmx773js0,Sunken Filling,cmq28ph7g09jo2opcjskmm671,cmq27k2ym07fj2opc9e0m922v,false,2026-06-06T10:58:28.8,,,
cmq28ph7q09s32opcizhmqfth,ventilation work,cmq28ph7g09jo2opcjskmm671,cmq27k2ym07fj2opc9e0m922v,false,2026-06-06T10:58:28.8,,,
cmq28ph7q09sd2opc55z63u81,fixing,cmq28ph7g09jo2opcjskmm671,cmq27k2ym07fj2opc9e0m922v,false,2026-06-06T10:58:28.8,,,
cmq28ph7r09sq2opcybk6ln7s,Fire Hydrant installation,cmq28ph7g09jo2opcjskmm671,cmq27k2ym07fj2opc9e0m922v,false,2026-06-06T10:58:28.8,,,
cmq28phax09t02opc6k4vr8nj,conduiting,cmq28phav09sy2opc498x8grz,cmq27k2ym07fj2opc9e0m922v,false,2026-06-06T10:58:28.8,,,
cmq28phax09ta2opc4x4ypt5m,Fixtures fixing work,cmq28phav09sy2opc498x8grz,cmq27k2ym07fj2opc9e0m922v,false,2026-06-06T10:58:28.8,,,
cmq28phay09tn2opckwl93ky1,wiring,cmq28phav09sy2opc498x8grz,cmq27k2ym07fj2opc9e0m922v,false,2026-06-06T10:58:28.8,,,
cmq28phay09u62opchaxmtps3,Dressing Work,cmq28phav09sy2opc498x8grz,cmq27k2ym07fj2opc9e0m922v,false,2026-06-06T10:58:28.8,,,
cmq28phay09ug2opcscesw1um,Civil work,cmq28phav09sy2opc498x8grz,cmq27k2ym07fj2opc9e0m922v,false,2026-06-06T10:58:28.8,,,
cmq28phay09un2opc4y0so0ah,Base Work,cmq28phav09sy2opc498x8grz,cmq27k2ym07fj2opc9e0m922v,false,2026-06-06T10:58:28.8,,,
cmq28phay09ux2opcpnbgj7xb,Copper installation,cmq28phav09sy2opc498x8grz,cmq27k2ym07fj2opc9e0m922v,false,2026-06-06T10:58:28.8,,,
cmq28phay09v42opce652vb4f,Testing work,cmq28phav09sy2opc498x8grz,cmq27k2ym07fj2opc9e0m922v,false,2026-06-06T10:58:28.8,,,
cmq28phaz09vb2opcqzsaoa2n,Pipe Laying work,cmq28phav09sy2opc498x8grz,cmq27k2ym07fj2opc9e0m922v,false,2026-06-06T10:58:28.8,,,
cmq28phaz09vi2opch4nqhgmn,Units installation work,cmq28phav09sy2opc498x8grz,cmq27k2ym07fj2opc9e0m922v,false,2026-06-06T10:58:28.8,,,
cmq28phaz09vs2opcm8rhj18b,Final stage of HVAC,cmq28phav09sy2opc498x8grz,cmq27k2ym07fj2opc9e0m922v,false,2026-06-06T10:58:28.8,,,
cmq28phaz09w22opc3gbjfjv1,Piping  Testing Work,cmq28phav09sy2opc498x8grz,cmq27k2ym07fj2opc9e0m922v,false,2026-06-06T10:58:28.8,,,
cmq28phaz09w92opche5eqp1y,Balcony work,cmq28phav09sy2opc498x8grz,cm39yc7n800g92q8zpnzg0m6z,false,2026-06-06T10:58:28.8,,,
cmq28phb009wp2opc4uh9g87m,Welding Work,cmq28phav09sy2opc498x8grz,cmq27k2ym07fj2opc9e0m922v,false,2026-06-06T10:58:28.8,,,
cmq28phb009ww2opclklrq2th,Threading Work,cmq28phav09sy2opc498x8grz,cmq27k2ym07fj2opc9e0m922v,false,2026-06-06T10:58:28.8,,,
cmq28phb109x32opc7lsv24xz,Fire Pipe Shaft Work,cmq28phav09sy2opc498x8grz,cmq27k2ym07fj2opc9e0m922v,false,2026-06-06T10:58:28.8,,,
cmq28phb209xp2opc9ovts8df,Leveling work,cmq28phav09sy2opc498x8grz,cm39yc7n800g92q8zpnzg0m6z,false,2026-06-06T10:58:28.8,,,
cmq28phb209xz2opcfbi9soy1,Wall POP,cmq28phav09sy2opc498x8grz,cm39yc7n800g92q8zpnzg0m6z,false,2026-06-06T10:58:28.8,,,
cmq28phb209y62opcxkr7c69a,Painting Fire Pipes,cmq28phav09sy2opc498x8grz,cmq27k2ym07fj2opc9e0m922v,false,2026-06-06T10:58:28.8,,,
cmq28phb209yd2opcgcb6q1yy,Ceiling work,cmq28phav09sy2opc498x8grz,cm39yc7n800g92q8zpnzg0m6z,false,2026-06-06T10:58:28.8,,,
cmq28phb209yq2opclhkbqmsa,Granite work,cmq28phav09sy2opc498x8grz,cm39yc7n800g92q8zpnzg0m6z,false,2026-06-06T10:58:28.8,,,
cmq28phb309z62opcz6ij1vcx,Tile work,cmq28phav09sy2opc498x8grz,cm39yc7n800g92q8zpnzg0m6z,false,2026-06-06T10:58:28.8,,,
cmq28phb309zg2opcarcxa9b9,Washroom Work,cmq28phav09sy2opc498x8grz,cm39yc7n800g92q8zpnzg0m6z,false,2026-06-06T10:58:28.8,,,
cmq28phb309zt2opcopsptqy1,Servant toilet work,cmq28phav09sy2opc498x8grz,cm39yc7n800g92q8zpnzg0m6z,false,2026-06-06T10:58:28.8,,,
cmq28phb30a032opcb4lhfkkb,Handover stage,cmq28phav09sy2opc498x8grz,cmq27k2ym07fj2opc9e0m922v,false,2026-06-06T10:58:28.8,,,
cmq28phb40a0d2opcs3chhj2s,Plumbing Work,cmq28phav09sy2opc498x8grz,cmq27k2ym07fj2opc9e0m922v,false,2026-06-06T10:58:28.8,,,
cmq28phb40a0t2opc3r56yy1k,Clamping Fixing Work,cmq28phav09sy2opc498x8grz,cmq27k2ym07fj2opc9e0m922v,false,2026-06-06T10:58:28.8,,,
cmq28phb40a102opcqjbvr0xu,Sunken Filling,cmq28phav09sy2opc498x8grz,cmq27k2ym07fj2opc9e0m922v,false,2026-06-06T10:58:28.8,,,
cmq28phb40a1d2opc2dine9t6,ventilation work,cmq28phav09sy2opc498x8grz,cmq27k2ym07fj2opc9e0m922v,false,2026-06-06T10:58:28.8,,,
cmq28phb40a1n2opcewjxxarc,fixing,cmq28phav09sy2opc498x8grz,cmq27k2ym07fj2opc9e0m922v,false,2026-06-06T10:58:28.8,,,
cmq28phb50a202opcs20gl8wf,Fire Hydrant installation,cmq28phav09sy2opc498x8grz,cmq27k2ym07fj2opc9e0m922v,false,2026-06-06T10:58:28.8,,,
cmq28phe90a2a2opchrfau8d1,conduiting,cmq28phe70a282opcdi0zzdm8,cmq27k2ym07fj2opc9e0m922v,false,2026-06-06T10:58:28.8,,,
cmq28phe90a2k2opcvltnyfu9,Fixtures fixing work,cmq28phe70a282opcdi0zzdm8,cmq27k2ym07fj2opc9e0m922v,false,2026-06-06T10:58:28.8,,,
cmq28phe90a2x2opcim8ha2p1,wiring,cmq28phe70a282opcdi0zzdm8,cmq27k2ym07fj2opc9e0m922v,false,2026-06-06T10:58:28.8,,,
cmq28phea0a3g2opcrdtvv1t8,Dressing Work,cmq28phe70a282opcdi0zzdm8,cmq27k2ym07fj2opc9e0m922v,false,2026-06-06T10:58:28.8,,,
cmq28phea0a3q2opcunn5vgvu,Civil work,cmq28phe70a282opcdi0zzdm8,cmq27k2ym07fj2opc9e0m922v,false,2026-06-06T10:58:28.8,,,
cmq28phea0a3x2opckz4263f1,Base Work,cmq28phe70a282opcdi0zzdm8,cmq27k2ym07fj2opc9e0m922v,false,2026-06-06T10:58:28.8,,,
cmq28phea0a472opcto7fdrpj,Copper installation,cmq28phe70a282opcdi0zzdm8,cmq27k2ym07fj2opc9e0m922v,false,2026-06-06T10:58:28.8,,,
cmq28phea0a4e2opcz24us7wp,Testing work,cmq28phe70a282opcdi0zzdm8,cmq27k2ym07fj2opc9e0m922v,false,2026-06-06T10:58:28.8,,,
cmq28phea0a4l2opc1mp919uq,Units installation work,cmq28phe70a282opcdi0zzdm8,cmq27k2ym07fj2opc9e0m922v,false,2026-06-06T10:58:28.8,,,
cmq28pheb0a4v2opcv4xyjs1i,Final stage of HVAC,cmq28phe70a282opcdi0zzdm8,cmq27k2ym07fj2opc9e0m922v,false,2026-06-06T10:58:28.8,,,
cmq28pheb0a552opcq87o5014,Pipe Laying work,cmq28phe70a282opcdi0zzdm8,cmq27k2ym07fj2opc9e0m922v,false,2026-06-06T10:58:28.8,,,
cmq28pheb0a5c2opc5j2fs4de,Welding Work,cmq28phe70a282opcdi0zzdm8,cmq27k2ym07fj2opc9e0m922v,false,2026-06-06T10:58:28.8,,,
cmq28pheb0a5j2opchimuhwvl,Threading Work,cmq28phe70a282opcdi0zzdm8,cmq27k2ym07fj2opc9e0m922v,false,2026-06-06T10:58:28.8,,,
cmq28pheb0a5q2opcr9wdtmtm,Piping  Testing Work,cmq28phe70a282opcdi0zzdm8,cmq27k2ym07fj2opc9e0m922v,false,2026-06-06T10:58:28.8,,,
cmq28pheb0a5x2opch0kpqbjw,Balcony work,cmq28phe70a282opcdi0zzdm8,cm39yc7n800g92q8zpnzg0m6z,false,2026-06-06T10:58:28.8,,,
cmq28phec0a6d2opca1d3x33e,Leveling work,cmq28phe70a282opcdi0zzdm8,cm39yc7n800g92q8zpnzg0m6z,false,2026-06-06T10:58:28.8,,,
cmq28phec0a6n2opcfzo2nlg0,Wall POP,cmq28phe70a282opcdi0zzdm8,cm39yc7n800g92q8zpnzg0m6z,false,2026-06-06T10:58:28.8,,,
cmq28phec0a6u2opco2oakwj8,Painting Fire Pipes,cmq28phe70a282opcdi0zzdm8,cmq27k2ym07fj2opc9e0m922v,false,2026-06-06T10:58:28.8,,,
cmq28phec0a712opcqhhaw9dt,Ceiling work,cmq28phe70a282opcdi0zzdm8,cm39yc7n800g92q8zpnzg0m6z,false,2026-06-06T10:58:28.8,,,
cmq28phec0a7e2opce129er9g,Granite work,cmq28phe70a282opcdi0zzdm8,cm39yc7n800g92q8zpnzg0m6z,false,2026-06-06T10:58:28.8,,,
cmq28phed0a7u2opcqpvqwm7z,Fire Pipe Shaft Work,cmq28phe70a282opcdi0zzdm8,cmq27k2ym07fj2opc9e0m922v,false,2026-06-06T10:58:28.8,,,
cmq28phed0a8g2opc44duh8m1,Tile work,cmq28phe70a282opcdi0zzdm8,cm39yc7n800g92q8zpnzg0m6z,false,2026-06-06T10:58:28.8,,,
cmq28phed0a8q2opc5s0n2swc,Washroom Work,cmq28phe70a282opcdi0zzdm8,cm39yc7n800g92q8zpnzg0m6z,false,2026-06-06T10:58:28.8,,,
cmq28phed0a932opcz9vmbef5,Servant toilet work,cmq28phe70a282opcdi0zzdm8,cm39yc7n800g92q8zpnzg0m6z,false,2026-06-06T10:58:28.8,,,
cmq28phee0a9d2opcys93o8zz,Handover stage,cmq28phe70a282opcdi0zzdm8,cmq27k2ym07fj2opc9e0m922v,false,2026-06-06T10:58:28.8,,,
cmq28phee0a9n2opcrv9usjcg,fixing,cmq28phe70a282opcdi0zzdm8,cmq27k2ym07fj2opc9e0m922v,false,2026-06-06T10:58:28.8,,,
cmq28phee0aa02opcunnpiuek,Plumbing Work,cmq28phe70a282opcdi0zzdm8,cmq27k2ym07fj2opc9e0m922v,false,2026-06-06T10:58:28.8,,,
cmq28phee0aag2opc8h30fvpm,Clamping Fixing Work,cmq28phe70a282opcdi0zzdm8,cmq27k2ym07fj2opc9e0m922v,false,2026-06-06T10:58:28.8,,,
cmq28phee0aan2opcmwn4l1rt,Sunken Filling,cmq28phe70a282opcdi0zzdm8,cmq27k2ym07fj2opc9e0m922v,false,2026-06-06T10:58:28.8,,,
cmq28phef0ab02opcilfyivw4,ventilation work,cmq28phe70a282opcdi0zzdm8,cmq27k2ym07fj2opc9e0m922v,false,2026-06-06T10:58:28.8,,,
cmq28phef0aba2opcczfd1983,Fire Hydrant installation,cmq28phe70a282opcdi0zzdm8,cmq27k2ym07fj2opc9e0m922v,false,2026-06-06T10:58:28.8,,,
cmq28phhk0abk2opcf3gwjw8d,conduiting,cmq28phhi0abi2opcimy26twu,cmq27k2ym07fj2opc9e0m922v,false,2026-06-06T10:58:28.8,,,
cmq28phhk0abu2opcbfg9l0wb,Fixtures fixing work,cmq28phhi0abi2opcimy26twu,cmq27k2ym07fj2opc9e0m922v,false,2026-06-06T10:58:28.8,,,
cmq28phhl0ac72opcm8jkq6qm,wiring,cmq28phhi0abi2opcimy26twu,cmq27k2ym07fj2opc9e0m922v,false,2026-06-06T10:58:28.8,,,
cmq28phhl0acq2opcqr9mxrri,Dressing Work,cmq28phhi0abi2opcimy26twu,cmq27k2ym07fj2opc9e0m922v,false,2026-06-06T10:58:28.8,,,
cmq28phhl0ad02opcm387yn98,Civil work,cmq28phhi0abi2opcimy26twu,cmq27k2ym07fj2opc9e0m922v,false,2026-06-06T10:58:28.8,,,
cmq28phhl0ad72opce2mcyl7y,Base Work,cmq28phhi0abi2opcimy26twu,cmq27k2ym07fj2opc9e0m922v,false,2026-06-06T10:58:28.8,,,
cmq28phhl0adh2opcte9v38np,Copper installation,cmq28phhi0abi2opcimy26twu,cmq27k2ym07fj2opc9e0m922v,false,2026-06-06T10:58:28.8,,,
cmq28phhm0ado2opcevi393px,Testing work,cmq28phhi0abi2opcimy26twu,cmq27k2ym07fj2opc9e0m922v,false,2026-06-06T10:58:28.8,,,
cmq28phhm0adv2opcfs64qer8,Pipe Laying work,cmq28phhi0abi2opcimy26twu,cmq27k2ym07fj2opc9e0m922v,false,2026-06-06T10:58:28.8,,,
cmq28phhm0ae22opcmxltnwix,Units installation work,cmq28phhi0abi2opcimy26twu,cmq27k2ym07fj2opc9e0m922v,false,2026-06-06T10:58:28.8,,,
cmq28phhm0aec2opcqxcvlhwa,Final stage of HVAC,cmq28phhi0abi2opcimy26twu,cmq27k2ym07fj2opc9e0m922v,false,2026-06-06T10:58:28.8,,,
cmq28phhm0aem2opcraybz3sq,Piping  Testing Work,cmq28phhi0abi2opcimy26twu,cmq27k2ym07fj2opc9e0m922v,false,2026-06-06T10:58:28.8,,,
cmq28phhm0aet2opce9znn0jg,Balcony work,cmq28phhi0abi2opcimy26twu,cm39yc7n800g92q8zpnzg0m6z,false,2026-06-06T10:58:28.8,,,
cmq28phhn0af92opc730bd4ih,Wall POP,cmq28phhi0abi2opcimy26twu,cm39yc7n800g92q8zpnzg0m6z,false,2026-06-06T10:58:28.8,,,
cmq28phhn0afg2opc4qhbwb37,Welding Work,cmq28phhi0abi2opcimy26twu,cmq27k2ym07fj2opc9e0m922v,false,2026-06-06T10:58:28.8,,,
cmq28phhn0afn2opc7666o6hp,Threading Work,cmq28phhi0abi2opcimy26twu,cmq27k2ym07fj2opc9e0m922v,false,2026-06-06T10:58:28.8,,,
cmq28phhn0afu2opccmubqvq7,Painting Fire Pipes,cmq28phhi0abi2opcimy26twu,cmq27k2ym07fj2opc9e0m922v,false,2026-06-06T10:58:28.8,,,
cmq28phhn0ag12opcdkk6mp0u,Fire Pipe Shaft Work,cmq28phhi0abi2opcimy26twu,cmq27k2ym07fj2opc9e0m922v,false,2026-06-06T10:58:28.8,,,
cmq28phhn0agn2opc2f93wpao,Leveling work,cmq28phhi0abi2opcimy26twu,cm39yc7n800g92q8zpnzg0m6z,false,2026-06-06T10:58:28.8,,,
cmq28phho0agx2opcwdctotv1,Ceiling work,cmq28phhi0abi2opcimy26twu,cm39yc7n800g92q8zpnzg0m6z,false,2026-06-06T10:58:28.8,,,
cmq28phho0aha2opcc8hylucf,Granite work,cmq28phhi0abi2opcimy26twu,cm39yc7n800g92q8zpnzg0m6z,false,2026-06-06T10:58:28.8,,,
cmq28phho0ahq2opcdh3rgnx6,Tile work,cmq28phhi0abi2opcimy26twu,cm39yc7n800g92q8zpnzg0m6z,false,2026-06-06T10:58:28.8,,,
cmq28phho0ai02opcakths8dy,Washroom Work,cmq28phhi0abi2opcimy26twu,cm39yc7n800g92q8zpnzg0m6z,false,2026-06-06T10:58:28.8,,,
cmq28phhp0aid2opc2ls3t02r,Servant toilet work,cmq28phhi0abi2opcimy26twu,cm39yc7n800g92q8zpnzg0m6z,false,2026-06-06T10:58:28.8,,,
cmq28phhp0ain2opcf7fq0uzv,Handover stage,cmq28phhi0abi2opcimy26twu,cmq27k2ym07fj2opc9e0m922v,false,2026-06-06T10:58:28.8,,,
cmq28phhp0aix2opcep40b57c,Plumbing Work,cmq28phhi0abi2opcimy26twu,cmq27k2ym07fj2opc9e0m922v,false,2026-06-06T10:58:28.8,,,
cmq28phhp0ajd2opcuv8rpo81,Clamping Fixing Work,cmq28phhi0abi2opcimy26twu,cmq27k2ym07fj2opc9e0m922v,false,2026-06-06T10:58:28.8,,,
cmq28phhp0ajk2opcct5s6xr8,Sunken Filling,cmq28phhi0abi2opcimy26twu,cmq27k2ym07fj2opc9e0m922v,false,2026-06-06T10:58:28.8,,,
cmq28phhq0ajx2opcu28wleao,ventilation work,cmq28phhi0abi2opcimy26twu,cmq27k2ym07fj2opc9e0m922v,false,2026-06-06T10:58:28.8,,,
cmq28phhq0ak72opcozi6ezri,fixing,cmq28phhi0abi2opcimy26twu,cmq27k2ym07fj2opc9e0m922v,false,2026-06-06T10:58:28.8,,,
cmq28phhq0akk2opcm5h46h1y,Fire Hydrant installation,cmq28phhi0abi2opcimy26twu,cmq27k2ym07fj2opc9e0m922v,false,2026-06-06T10:58:28.8,,,
cmq28phku0aku2opcaui55mvh,conduiting,cmq28phkr0aks2opc5mh8921i,cmq27k2ym07fj2opc9e0m922v,false,2026-06-06T10:58:28.8,,,
cmq28phku0al42opc1sua4yhd,Fixtures fixing work,cmq28phkr0aks2opc5mh8921i,cmq27k2ym07fj2opc9e0m922v,false,2026-06-06T10:58:28.8,,,
cmq28phku0alh2opcnhozf57m,wiring,cmq28phkr0aks2opc5mh8921i,cmq27k2ym07fj2opc9e0m922v,false,2026-06-06T10:58:28.8,,,
cmq28phkv0am02opcmxhm8db2,Dressing Work,cmq28phkr0aks2opc5mh8921i,cmq27k2ym07fj2opc9e0m922v,false,2026-06-06T10:58:28.8,,,
cmq28phkv0ama2opcxustmrgw,Civil work,cmq28phkr0aks2opc5mh8921i,cmq27k2ym07fj2opc9e0m922v,false,2026-06-06T10:58:28.8,,,
cmq28phkv0amh2opc8qc9txqf,Base Work,cmq28phkr0aks2opc5mh8921i,cmq27k2ym07fj2opc9e0m922v,false,2026-06-06T10:58:28.8,,,
cmq28phkv0amr2opczc2grbb3,Copper installation,cmq28phkr0aks2opc5mh8921i,cmq27k2ym07fj2opc9e0m922v,false,2026-06-06T10:58:28.8,,,
cmq28phkv0amy2opcmzul8hq1,Testing work,cmq28phkr0aks2opc5mh8921i,cmq27k2ym07fj2opc9e0m922v,false,2026-06-06T10:58:28.8,,,
cmq28phkv0an52opc90nqqdtq,Pipe Laying work,cmq28phkr0aks2opc5mh8921i,cmq27k2ym07fj2opc9e0m922v,false,2026-06-06T10:58:28.8,,,
cmq28phkv0anc2opc06zoflhp,Units installation work,cmq28phkr0aks2opc5mh8921i,cmq27k2ym07fj2opc9e0m922v,false,2026-06-06T10:58:28.8,,,
cmq28phkw0anm2opcmtokrn6k,Final stage of HVAC,cmq28phkr0aks2opc5mh8921i,cmq27k2ym07fj2opc9e0m922v,false,2026-06-06T10:58:28.8,,,
cmq28phkw0anw2opcfwakca6c,Welding Work,cmq28phkr0aks2opc5mh8921i,cmq27k2ym07fj2opc9e0m922v,false,2026-06-06T10:58:28.8,,,
cmq28phkw0ao32opcq5mwrnr0,Threading Work,cmq28phkr0aks2opc5mh8921i,cmq27k2ym07fj2opc9e0m922v,false,2026-06-06T10:58:28.8,,,
cmq28phkw0aoa2opcwrapihmm,Piping  Testing Work,cmq28phkr0aks2opc5mh8921i,cmq27k2ym07fj2opc9e0m922v,false,2026-06-06T10:58:28.8,,,
cmq28phkw0aoh2opc77yiaiig,Balcony work,cmq28phkr0aks2opc5mh8921i,cm39yc7n800g92q8zpnzg0m6z,false,2026-06-06T10:58:28.8,,,
cmq28phkx0aox2opc00j2ngvr,Fire Pipe Shaft Work,cmq28phkr0aks2opc5mh8921i,cmq27k2ym07fj2opc9e0m922v,false,2026-06-06T10:58:28.8,,,
cmq28phkx0apj2opcgodafkij,Leveling work,cmq28phkr0aks2opc5mh8921i,cm39yc7n800g92q8zpnzg0m6z,false,2026-06-06T10:58:28.8,,,
cmq28phkx0apt2opctielxerl,Wall POP,cmq28phkr0aks2opc5mh8921i,cm39yc7n800g92q8zpnzg0m6z,false,2026-06-06T10:58:28.8,,,
cmq28phky0aq02opc6hqzog0a,Painting Fire Pipes,cmq28phkr0aks2opc5mh8921i,cmq27k2ym07fj2opc9e0m922v,false,2026-06-06T10:58:28.8,,,
cmq28phky0aq72opcgggxu446,Ceiling work,cmq28phkr0aks2opc5mh8921i,cm39yc7n800g92q8zpnzg0m6z,false,2026-06-06T10:58:28.8,,,
cmq28phky0aqk2opc54npbaqn,Granite work,cmq28phkr0aks2opc5mh8921i,cm39yc7n800g92q8zpnzg0m6z,false,2026-06-06T10:58:28.8,,,
cmq28phky0ar02opclf4o804h,Tile work,cmq28phkr0aks2opc5mh8921i,cm39yc7n800g92q8zpnzg0m6z,false,2026-06-06T10:58:28.8,,,
cmq28phkz0ara2opcnuse18yy,Washroom Work,cmq28phkr0aks2opc5mh8921i,cm39yc7n800g92q8zpnzg0m6z,false,2026-06-06T10:58:28.8,,,
cmq28phkz0arn2opc5mqmzsmq,Servant toilet work,cmq28phkr0aks2opc5mh8921i,cm39yc7n800g92q8zpnzg0m6z,false,2026-06-06T10:58:28.8,,,
cmq28phkz0arx2opct5sqzl5d,Handover stage,cmq28phkr0aks2opc5mh8921i,cmq27k2ym07fj2opc9e0m922v,false,2026-06-06T10:58:28.8,,,
cmq28phkz0as72opcze3l1tou,Plumbing Work,cmq28phkr0aks2opc5mh8921i,cmq27k2ym07fj2opc9e0m922v,false,2026-06-06T10:58:28.8,,,
cmq28phl00asn2opca2i2zeo5,Clamping Fixing Work,cmq28phkr0aks2opc5mh8921i,cmq27k2ym07fj2opc9e0m922v,false,2026-06-06T10:58:28.8,,,
cmq28phl00asu2opcbbcvsqka,Sunken Filling,cmq28phkr0aks2opc5mh8921i,cmq27k2ym07fj2opc9e0m922v,false,2026-06-06T10:58:28.8,,,
cmq28phl00at72opca0kxj3rw,ventilation work,cmq28phkr0aks2opc5mh8921i,cmq27k2ym07fj2opc9e0m922v,false,2026-06-06T10:58:28.8,,,
cmq28phl00ath2opcwar6bvrn,fixing,cmq28phkr0aks2opc5mh8921i,cmq27k2ym07fj2opc9e0m922v,false,2026-06-06T10:58:28.8,,,
cmq28phl10atu2opcvxwei6gn,Fire Hydrant installation,cmq28phkr0aks2opc5mh8921i,cmq27k2ym07fj2opc9e0m922v,false,2026-06-06T10:58:28.8,,,
cmq28pho80au42opcsjc1ztbh,conduiting,cmq28pho60au22opcrbcwxyc4,cmq27k2ym07fj2opc9e0m922v,false,2026-06-06T10:58:28.8,,,
cmq28pho80aue2opc0qj0fkad,Fixtures fixing work,cmq28pho60au22opcrbcwxyc4,cmq27k2ym07fj2opc9e0m922v,false,2026-06-06T10:58:28.8,,,
cmq28pho80aur2opcjd16e1s0,wiring,cmq28pho60au22opcrbcwxyc4,cmq27k2ym07fj2opc9e0m922v,false,2026-06-06T10:58:28.8,,,
cmq28pho90ava2opc91vpy12g,Dressing Work,cmq28pho60au22opcrbcwxyc4,cmq27k2ym07fj2opc9e0m922v,false,2026-06-06T10:58:28.8,,,
cmq28pho90avk2opcw18oeg78,Civil work,cmq28pho60au22opcrbcwxyc4,cmq27k2ym07fj2opc9e0m922v,false,2026-06-06T10:58:28.8,,,
cmq28pho90avr2opchvww4v33,Base Work,cmq28pho60au22opcrbcwxyc4,cmq27k2ym07fj2opc9e0m922v,false,2026-06-06T10:58:28.8,,,
cmq28pho90aw12opcrgucvn70,Copper installation,cmq28pho60au22opcrbcwxyc4,cmq27k2ym07fj2opc9e0m922v,false,2026-06-06T10:58:28.8,,,
cmq28pho90aw82opcxn4nsy5h,Testing work,cmq28pho60au22opcrbcwxyc4,cmq27k2ym07fj2opc9e0m922v,false,2026-06-06T10:58:28.8,,,
cmq28pho90awf2opc7lv9e9c9,Pipe Laying work,cmq28pho60au22opcrbcwxyc4,cmq27k2ym07fj2opc9e0m922v,false,2026-06-06T10:58:28.8,,,
cmq28pho90awm2opcy0py1bhx,Units installation work,cmq28pho60au22opcrbcwxyc4,cmq27k2ym07fj2opc9e0m922v,false,2026-06-06T10:58:28.8,,,
cmq28phoa0aww2opc15tdt9m5,Final stage of HVAC,cmq28pho60au22opcrbcwxyc4,cmq27k2ym07fj2opc9e0m922v,false,2026-06-06T10:58:28.8,,,
cmq28phoa0ax62opcf2ktoo4i,Piping  Testing Work,cmq28pho60au22opcrbcwxyc4,cmq27k2ym07fj2opc9e0m922v,false,2026-06-06T10:58:28.8,,,
cmq28phoa0axd2opc3sgp1c8b,Balcony work,cmq28pho60au22opcrbcwxyc4,cm39yc7n800g92q8zpnzg0m6z,false,2026-06-06T10:58:28.8,,,
cmq28phoa0axt2opcw0e19nnw,Welding Work,cmq28pho60au22opcrbcwxyc4,cmq27k2ym07fj2opc9e0m922v,false,2026-06-06T10:58:28.8,,,
cmq28phoa0ay02opcnba2wvfp,Threading Work,cmq28pho60au22opcrbcwxyc4,cmq27k2ym07fj2opc9e0m922v,false,2026-06-06T10:58:28.8,,,
cmq28phoa0ay72opcxbi0fpoz,Fire Pipe Shaft Work,cmq28pho60au22opcrbcwxyc4,cmq27k2ym07fj2opc9e0m922v,false,2026-06-06T10:58:28.8,,,
cmq28phob0ayt2opcmj41gyh8,Leveling work,cmq28pho60au22opcrbcwxyc4,cm39yc7n800g92q8zpnzg0m6z,false,2026-06-06T10:58:28.8,,,
cmq28phob0az32opcg7u4uhk8,Wall POP,cmq28pho60au22opcrbcwxyc4,cm39yc7n800g92q8zpnzg0m6z,false,2026-06-06T10:58:28.8,,,
cmq28phob0aza2opcj93u5lew,Painting Fire Pipes,cmq28pho60au22opcrbcwxyc4,cmq27k2ym07fj2opc9e0m922v,false,2026-06-06T10:58:28.8,,,
cmq28phob0azh2opc5m5urdmu,Ceiling work,cmq28pho60au22opcrbcwxyc4,cm39yc7n800g92q8zpnzg0m6z,false,2026-06-06T10:58:28.8,,,
cmq28phoc0azu2opcj583vjzk,Granite work,cmq28pho60au22opcrbcwxyc4,cm39yc7n800g92q8zpnzg0m6z,false,2026-06-06T10:58:28.8,,,
cmq28phoc0b0a2opcg5r5r84j,Tile work,cmq28pho60au22opcrbcwxyc4,cm39yc7n800g92q8zpnzg0m6z,false,2026-06-06T10:58:28.8,,,
cmq28phoc0b0k2opcak9ynky5,Washroom Work,cmq28pho60au22opcrbcwxyc4,cm39yc7n800g92q8zpnzg0m6z,false,2026-06-06T10:58:28.8,,,
cmq28phoc0b0x2opcgatv3q44,Servant toilet work,cmq28pho60au22opcrbcwxyc4,cm39yc7n800g92q8zpnzg0m6z,false,2026-06-06T10:58:28.8,,,
cmq28phod0b172opc3ci8shty,Handover stage,cmq28pho60au22opcrbcwxyc4,cmq27k2ym07fj2opc9e0m922v,false,2026-06-06T10:58:28.8,,,
cmq28phod0b1h2opcxpkh02b7,Plumbing Work,cmq28pho60au22opcrbcwxyc4,cmq27k2ym07fj2opc9e0m922v,false,2026-06-06T10:58:28.8,,,
cmq28phod0b1x2opcakbjwyyg,Clamping Fixing Work,cmq28pho60au22opcrbcwxyc4,cmq27k2ym07fj2opc9e0m922v,false,2026-06-06T10:58:28.8,,,
cmq28phod0b242opctgfajxae,Sunken Filling,cmq28pho60au22opcrbcwxyc4,cmq27k2ym07fj2opc9e0m922v,false,2026-06-06T10:58:28.8,,,
cmq28phod0b2h2opckdzwiyxk,ventilation work,cmq28pho60au22opcrbcwxyc4,cmq27k2ym07fj2opc9e0m922v,false,2026-06-06T10:58:28.8,,,
cmq28phoe0b2r2opci7la4t92,fixing,cmq28pho60au22opcrbcwxyc4,cmq27k2ym07fj2opc9e0m922v,false,2026-06-06T10:58:28.8,,,
cmq28phoe0b342opcehddbqsn,Fire Hydrant installation,cmq28pho60au22opcrbcwxyc4,cmq27k2ym07fj2opc9e0m922v,false,2026-06-06T10:58:28.8,,,
cmq28phrh0b3e2opcvw4mdspa,conduiting,cmq28phrf0b3c2opcg25f1q9m,cmq27k2ym07fj2opc9e0m922v,false,2026-06-06T10:58:28.8,,,
cmq28phrh0b3o2opclrivafy5,Fixtures fixing work,cmq28phrf0b3c2opcg25f1q9m,cmq27k2ym07fj2opc9e0m922v,false,2026-06-06T10:58:28.8,,,
cmq28phri0b412opcwvhwk245,wiring,cmq28phrf0b3c2opcg25f1q9m,cmq27k2ym07fj2opc9e0m922v,false,2026-06-06T10:58:28.8,,,
cmq28phri0b4k2opclliey0pb,Dressing Work,cmq28phrf0b3c2opcg25f1q9m,cmq27k2ym07fj2opc9e0m922v,false,2026-06-06T10:58:28.8,,,
cmq28phri0b4u2opcrq7fjaxx,Civil work,cmq28phrf0b3c2opcg25f1q9m,cmq27k2ym07fj2opc9e0m922v,false,2026-06-06T10:58:28.8,,,
cmq28phri0b512opcwx2fzgaj,Base Work,cmq28phrf0b3c2opcg25f1q9m,cmq27k2ym07fj2opc9e0m922v,false,2026-06-06T10:58:28.8,,,
cmq28phrj0b5b2opc7nryac28,Copper installation,cmq28phrf0b3c2opcg25f1q9m,cmq27k2ym07fj2opc9e0m922v,false,2026-06-06T10:58:28.8,,,
cmq28phrj0b5i2opclnadrsot,Testing work,cmq28phrf0b3c2opcg25f1q9m,cmq27k2ym07fj2opc9e0m922v,false,2026-06-06T10:58:28.8,,,
cmq28phrj0b5p2opctg0mzvjy,Units installation work,cmq28phrf0b3c2opcg25f1q9m,cmq27k2ym07fj2opc9e0m922v,false,2026-06-06T10:58:28.8,,,
cmq28phrj0b5z2opcxw1hjn1b,Final stage of HVAC,cmq28phrf0b3c2opcg25f1q9m,cmq27k2ym07fj2opc9e0m922v,false,2026-06-06T10:58:28.8,,,
cmq28phrj0b692opcatuqd3mc,Pipe Laying work,cmq28phrf0b3c2opcg25f1q9m,cmq27k2ym07fj2opc9e0m922v,false,2026-06-06T10:58:28.8,,,
cmq28phrj0b6g2opc2kquhvul,Welding Work,cmq28phrf0b3c2opcg25f1q9m,cmq27k2ym07fj2opc9e0m922v,false,2026-06-06T10:58:28.8,,,
cmq28phrj0b6n2opchlgy0eqd,Threading Work,cmq28phrf0b3c2opcg25f1q9m,cmq27k2ym07fj2opc9e0m922v,false,2026-06-06T10:58:28.8,,,
cmq28phrj0b6u2opc7ancldpw,Piping  Testing Work,cmq28phrf0b3c2opcg25f1q9m,cmq27k2ym07fj2opc9e0m922v,false,2026-06-06T10:58:28.8,,,
cmq28phrk0b712opchsa4mwcu,Balcony work,cmq28phrf0b3c2opcg25f1q9m,cm39yc7n800g92q8zpnzg0m6z,false,2026-06-06T10:58:28.8,,,
cmq28phrk0b7h2opctb2td7bz,Leveling work,cmq28phrf0b3c2opcg25f1q9m,cm39yc7n800g92q8zpnzg0m6z,false,2026-06-06T10:58:28.8,,,
cmq28phrk0b7r2opc4ey8sthr,Wall POP,cmq28phrf0b3c2opcg25f1q9m,cm39yc7n800g92q8zpnzg0m6z,false,2026-06-06T10:58:28.8,,,
cmq28phrk0b7y2opc3swcsmmo,Painting Fire Pipes,cmq28phrf0b3c2opcg25f1q9m,cmq27k2ym07fj2opc9e0m922v,false,2026-06-06T10:58:28.8,,,
cmq28phrk0b852opcypc3htrx,Ceiling work,cmq28phrf0b3c2opcg25f1q9m,cm39yc7n800g92q8zpnzg0m6z,false,2026-06-06T10:58:28.8,,,
cmq28phrl0b8i2opcg8wkstrp,Granite work,cmq28phrf0b3c2opcg25f1q9m,cm39yc7n800g92q8zpnzg0m6z,false,2026-06-06T10:58:28.8,,,
cmq28phrl0b8y2opcyf181okg,Fire Pipe Shaft Work,cmq28phrf0b3c2opcg25f1q9m,cmq27k2ym07fj2opc9e0m922v,false,2026-06-06T10:58:28.8,,,
cmq28phrl0b9k2opcvz9kn51o,Tile work,cmq28phrf0b3c2opcg25f1q9m,cm39yc7n800g92q8zpnzg0m6z,false,2026-06-06T10:58:28.8,,,
cmq28phrm0b9u2opcdgbl826a,Washroom Work,cmq28phrf0b3c2opcg25f1q9m,cm39yc7n800g92q8zpnzg0m6z,false,2026-06-06T10:58:28.8,,,
cmq28phrm0ba72opctktid4bm,Servant toilet work,cmq28phrf0b3c2opcg25f1q9m,cm39yc7n800g92q8zpnzg0m6z,false,2026-06-06T10:58:28.8,,,
cmq28phrm0bah2opc42lsbk9l,Handover stage,cmq28phrf0b3c2opcg25f1q9m,cmq27k2ym07fj2opc9e0m922v,false,2026-06-06T10:58:28.8,,,
cmq28phrm0bar2opcgl73lkkd,fixing,cmq28phrf0b3c2opcg25f1q9m,cmq27k2ym07fj2opc9e0m922v,false,2026-06-06T10:58:28.8,,,
cmq28phrm0bb42opcygcma0od,Plumbing Work,cmq28phrf0b3c2opcg25f1q9m,cmq27k2ym07fj2opc9e0m922v,false,2026-06-06T10:58:28.8,,,
cmq28phrn0bbk2opcm4a81431,Clamping Fixing Work,cmq28phrf0b3c2opcg25f1q9m,cmq27k2ym07fj2opc9e0m922v,false,2026-06-06T10:58:28.8,,,
cmq28phrn0bbr2opc3bjesns5,Sunken Filling,cmq28phrf0b3c2opcg25f1q9m,cmq27k2ym07fj2opc9e0m922v,false,2026-06-06T10:58:28.8,,,
cmq28phrn0bc42opc0sni8sz5,ventilation work,cmq28phrf0b3c2opcg25f1q9m,cmq27k2ym07fj2opc9e0m922v,false,2026-06-06T10:58:28.8,,,
cmq28phrn0bce2opcv77iatbj,Fire Hydrant installation,cmq28phrf0b3c2opcg25f1q9m,cmq27k2ym07fj2opc9e0m922v,false,2026-06-06T10:58:28.8,,,
cmq28phuo0bco2opcvo4ymzj1,conduiting,cmq28phum0bcm2opc6crrvzum,cmq27k2ym07fj2opc9e0m922v,false,2026-06-06T10:58:28.8,,,
cmq28phuo0bcy2opcqiu8fuwt,Fixtures fixing work,cmq28phum0bcm2opc6crrvzum,cmq27k2ym07fj2opc9e0m922v,false,2026-06-06T10:58:28.8,,,
cmq28phup0bdb2opcluosqui3,wiring,cmq28phum0bcm2opc6crrvzum,cmq27k2ym07fj2opc9e0m922v,false,2026-06-06T10:58:28.8,,,
cmq28phup0bdu2opczblk33ds,Dressing Work,cmq28phum0bcm2opc6crrvzum,cmq27k2ym07fj2opc9e0m922v,false,2026-06-06T10:58:28.8,,,
cmq28phup0be42opc2o0oaell,Civil work,cmq28phum0bcm2opc6crrvzum,cmq27k2ym07fj2opc9e0m922v,false,2026-06-06T10:58:28.8,,,
cmq28phup0beb2opc9c7kbtwc,Base Work,cmq28phum0bcm2opc6crrvzum,cmq27k2ym07fj2opc9e0m922v,false,2026-06-06T10:58:28.8,,,
cmq28phup0bel2opc9dsphdmc,Copper installation,cmq28phum0bcm2opc6crrvzum,cmq27k2ym07fj2opc9e0m922v,false,2026-06-06T10:58:28.8,,,
cmq28phuq0bes2opcb2cm9ogb,Testing work,cmq28phum0bcm2opc6crrvzum,cmq27k2ym07fj2opc9e0m922v,false,2026-06-06T10:58:28.8,,,
cmq28phuq0bez2opc87ggferl,Pipe Laying work,cmq28phum0bcm2opc6crrvzum,cmq27k2ym07fj2opc9e0m922v,false,2026-06-06T10:58:28.8,,,
cmq28phuq0bf62opcue88vtab,Units installation work,cmq28phum0bcm2opc6crrvzum,cmq27k2ym07fj2opc9e0m922v,false,2026-06-06T10:58:28.8,,,
cmq28phuq0bfg2opc2ta24o0x,Final stage of HVAC,cmq28phum0bcm2opc6crrvzum,cmq27k2ym07fj2opc9e0m922v,false,2026-06-06T10:58:28.8,,,
cmq28phuq0bfq2opc7u5et2b1,Piping  Testing Work,cmq28phum0bcm2opc6crrvzum,cmq27k2ym07fj2opc9e0m922v,false,2026-06-06T10:58:28.8,,,
cmq28phuq0bfx2opcgib5qj9t,Balcony work,cmq28phum0bcm2opc6crrvzum,cm39yc7n800g92q8zpnzg0m6z,false,2026-06-06T10:58:28.8,,,
cmq28phur0bgd2opc1j79oba4,Wall POP,cmq28phum0bcm2opc6crrvzum,cm39yc7n800g92q8zpnzg0m6z,false,2026-06-06T10:58:28.8,,,
cmq28phur0bgk2opcm419ytb2,Welding Work,cmq28phum0bcm2opc6crrvzum,cmq27k2ym07fj2opc9e0m922v,false,2026-06-06T10:58:28.8,,,
cmq28phur0bgr2opc8sj30sap,Threading Work,cmq28phum0bcm2opc6crrvzum,cmq27k2ym07fj2opc9e0m922v,false,2026-06-06T10:58:28.8,,,
cmq28phur0bgy2opce9wz7lk1,Painting Fire Pipes,cmq28phum0bcm2opc6crrvzum,cmq27k2ym07fj2opc9e0m922v,false,2026-06-06T10:58:28.8,,,
cmq28phur0bh52opcztbqf8rc,Fire Pipe Shaft Work,cmq28phum0bcm2opc6crrvzum,cmq27k2ym07fj2opc9e0m922v,false,2026-06-06T10:58:28.8,,,
cmq28phur0bhr2opcvi5oykbi,Leveling work,cmq28phum0bcm2opc6crrvzum,cm39yc7n800g92q8zpnzg0m6z,false,2026-06-06T10:58:28.8,,,
cmq28phus0bi12opcwoydp5t9,Ceiling work,cmq28phum0bcm2opc6crrvzum,cm39yc7n800g92q8zpnzg0m6z,false,2026-06-06T10:58:28.8,,,
cmq28phus0bie2opc20u49umu,Granite work,cmq28phum0bcm2opc6crrvzum,cm39yc7n800g92q8zpnzg0m6z,false,2026-06-06T10:58:28.8,,,
cmq28phus0biu2opca3cxy093,Tile work,cmq28phum0bcm2opc6crrvzum,cm39yc7n800g92q8zpnzg0m6z,false,2026-06-06T10:58:28.8,,,
cmq28phus0bj42opc2z7ujont,Washroom Work,cmq28phum0bcm2opc6crrvzum,cm39yc7n800g92q8zpnzg0m6z,false,2026-06-06T10:58:28.8,,,
cmq28phut0bjh2opcy0qnn41j,Servant toilet work,cmq28phum0bcm2opc6crrvzum,cm39yc7n800g92q8zpnzg0m6z,false,2026-06-06T10:58:28.8,,,
cmq28phut0bjr2opc9w7o26mm,Handover stage,cmq28phum0bcm2opc6crrvzum,cmq27k2ym07fj2opc9e0m922v,false,2026-06-06T10:58:28.8,,,
cmq28phut0bk12opc1lo3sd2r,Plumbing Work,cmq28phum0bcm2opc6crrvzum,cmq27k2ym07fj2opc9e0m922v,false,2026-06-06T10:58:28.8,,,
cmq28phut0bkh2opca009u3k1,Clamping Fixing Work,cmq28phum0bcm2opc6crrvzum,cmq27k2ym07fj2opc9e0m922v,false,2026-06-06T10:58:28.8,,,
cmq28phut0bko2opcd9lvt1ia,Sunken Filling,cmq28phum0bcm2opc6crrvzum,cmq27k2ym07fj2opc9e0m922v,false,2026-06-06T10:58:28.8,,,
cmq28phuu0bl12opchocmdd98,ventilation work,cmq28phum0bcm2opc6crrvzum,cmq27k2ym07fj2opc9e0m922v,false,2026-06-06T10:58:28.8,,,
cmq28phuu0blb2opcn6514fn4,fixing,cmq28phum0bcm2opc6crrvzum,cmq27k2ym07fj2opc9e0m922v,false,2026-06-06T10:58:28.8,,,
cmq28phuu0blo2opciky7ia98,Fire Hydrant installation,cmq28phum0bcm2opc6crrvzum,cmq27k2ym07fj2opc9e0m922v,false,2026-06-06T10:58:28.8,,,
cmq28ppr60bm02opcbwh185zo,conduiting,cmq28ppr30bly2opcpagt916c,cmq27k2ym07fj2opc9e0m922v,false,2026-06-06T10:58:39.879,,,
cmq28ppr60bma2opc9yjk9nkx,Fixtures fixing work,cmq28ppr30bly2opcpagt916c,cmq27k2ym07fj2opc9e0m922v,false,2026-06-06T10:58:39.879,,,
cmq28ppr60bmn2opccog8wolp,wiring,cmq28ppr30bly2opcpagt916c,cmq27k2ym07fj2opc9e0m922v,false,2026-06-06T10:58:39.879,,,
cmq28ppr70bn62opc2rmxe8an,Dressing Work,cmq28ppr30bly2opcpagt916c,cmq27k2ym07fj2opc9e0m922v,false,2026-06-06T10:58:39.879,,,
cmq28ppr70bng2opcxovsfb91,Civil work,cmq28ppr30bly2opcpagt916c,cmq27k2ym07fj2opc9e0m922v,false,2026-06-06T10:58:39.879,,,
cmq28ppr70bnn2opc124klp88,Base Work,cmq28ppr30bly2opcpagt916c,cmq27k2ym07fj2opc9e0m922v,false,2026-06-06T10:58:39.879,,,
cmq28ppr70bnx2opcm96o6ip4,Copper installation,cmq28ppr30bly2opcpagt916c,cmq27k2ym07fj2opc9e0m922v,false,2026-06-06T10:58:39.879,,,
cmq28ppr70bo42opcp38yazfa,Testing work,cmq28ppr30bly2opcpagt916c,cmq27k2ym07fj2opc9e0m922v,false,2026-06-06T10:58:39.879,,,
cmq28ppr70bob2opcbkp8b1x6,Pipe Laying work,cmq28ppr30bly2opcpagt916c,cmq27k2ym07fj2opc9e0m922v,false,2026-06-06T10:58:39.879,,,
cmq28ppr70boi2opcqy0q6jzy,Units installation work,cmq28ppr30bly2opcpagt916c,cmq27k2ym07fj2opc9e0m922v,false,2026-06-06T10:58:39.879,,,
cmq28ppr80bos2opchho4p3ps,Final stage of HVAC,cmq28ppr30bly2opcpagt916c,cmq27k2ym07fj2opc9e0m922v,false,2026-06-06T10:58:39.879,,,
cmq28ppr80bp22opcsyn34vdb,Welding Work,cmq28ppr30bly2opcpagt916c,cmq27k2ym07fj2opc9e0m922v,false,2026-06-06T10:58:39.879,,,
cmq28ppr80bp92opchgq4ivd7,Threading Work,cmq28ppr30bly2opcpagt916c,cmq27k2ym07fj2opc9e0m922v,false,2026-06-06T10:58:39.879,,,
cmq28ppr80bpg2opchky6fml1,Piping  Testing Work,cmq28ppr30bly2opcpagt916c,cmq27k2ym07fj2opc9e0m922v,false,2026-06-06T10:58:39.879,,,
cmq28ppr80bpn2opcisbmvq9c,Balcony work,cmq28ppr30bly2opcpagt916c,cm39yc7n800g92q8zpnzg0m6z,false,2026-06-06T10:58:39.879,,,
cmq28ppr90bq32opcxkmlmzgd,Fire Pipe Shaft Work,cmq28ppr30bly2opcpagt916c,cmq27k2ym07fj2opc9e0m922v,false,2026-06-06T10:58:39.879,,,
cmq28ppr90bqp2opcctw4g1m0,Leveling work,cmq28ppr30bly2opcpagt916c,cm39yc7n800g92q8zpnzg0m6z,false,2026-06-06T10:58:39.879,,,
cmq28ppr90bqz2opch2un24vh,Wall POP,cmq28ppr30bly2opcpagt916c,cm39yc7n800g92q8zpnzg0m6z,false,2026-06-06T10:58:39.879,,,
cmq28ppr90br62opcxwu9xgwc,Painting Fire Pipes,cmq28ppr30bly2opcpagt916c,cmq27k2ym07fj2opc9e0m922v,false,2026-06-06T10:58:39.879,,,
cmq28ppr90brd2opcpmtkz6f7,Ceiling work,cmq28ppr30bly2opcpagt916c,cm39yc7n800g92q8zpnzg0m6z,false,2026-06-06T10:58:39.879,,,
cmq28ppra0brq2opc4rxukd2u,Granite work,cmq28ppr30bly2opcpagt916c,cm39yc7n800g92q8zpnzg0m6z,false,2026-06-06T10:58:39.879,,,
cmq28ppra0bs62opcsteluwhs,Tile work,cmq28ppr30bly2opcpagt916c,cm39yc7n800g92q8zpnzg0m6z,false,2026-06-06T10:58:39.879,,,
cmq28ppra0bsg2opcd30ixad7,Washroom Work,cmq28ppr30bly2opcpagt916c,cm39yc7n800g92q8zpnzg0m6z,false,2026-06-06T10:58:39.879,,,
cmq28ppra0bst2opc2dv4ashv,Servant toilet work,cmq28ppr30bly2opcpagt916c,cm39yc7n800g92q8zpnzg0m6z,false,2026-06-06T10:58:39.879,,,
cmq28pprb0bt32opc81msxfov,Handover stage,cmq28ppr30bly2opcpagt916c,cmq27k2ym07fj2opc9e0m922v,false,2026-06-06T10:58:39.879,,,
cmq28pprb0btd2opcvie1wk58,Plumbing Work,cmq28ppr30bly2opcpagt916c,cmq27k2ym07fj2opc9e0m922v,false,2026-06-06T10:58:39.879,,,
cmq28pprb0btt2opc632jzijo,Clamping Fixing Work,cmq28ppr30bly2opcpagt916c,cmq27k2ym07fj2opc9e0m922v,false,2026-06-06T10:58:39.879,,,
cmq28pprb0bu02opc77b04ba6,Sunken Filling,cmq28ppr30bly2opcpagt916c,cmq27k2ym07fj2opc9e0m922v,false,2026-06-06T10:58:39.879,,,
cmq28pprb0bud2opc0kilmvsl,ventilation work,cmq28ppr30bly2opcpagt916c,cmq27k2ym07fj2opc9e0m922v,false,2026-06-06T10:58:39.879,,,
cmq28pprc0bun2opc1k2upf4h,fixing,cmq28ppr30bly2opcpagt916c,cmq27k2ym07fj2opc9e0m922v,false,2026-06-06T10:58:39.879,,,
cmq28pprc0bv02opc5j6doque,Fire Hydrant installation,cmq28ppr30bly2opcpagt916c,cmq27k2ym07fj2opc9e0m922v,false,2026-06-06T10:58:39.879,,,
cmq28pptm0bva2opctrruo48d,conduiting,cmq28pptk0bv82opcj7lyb8xk,cmq27k2ym07fj2opc9e0m922v,false,2026-06-06T10:58:39.879,,,
cmq28pptm0bvk2opcr73bvlwk,Fixtures fixing work,cmq28pptk0bv82opcj7lyb8xk,cmq27k2ym07fj2opc9e0m922v,false,2026-06-06T10:58:39.879,,,
cmq28pptm0bvx2opcl3gcvb36,wiring,cmq28pptk0bv82opcj7lyb8xk,cmq27k2ym07fj2opc9e0m922v,false,2026-06-06T10:58:39.879,,,
cmq28pptn0bwg2opctuuo47sx,Dressing Work,cmq28pptk0bv82opcj7lyb8xk,cmq27k2ym07fj2opc9e0m922v,false,2026-06-06T10:58:39.879,,,
cmq28pptn0bwq2opc4ldq7uhk,Civil work,cmq28pptk0bv82opcj7lyb8xk,cmq27k2ym07fj2opc9e0m922v,false,2026-06-06T10:58:39.879,,,
cmq28pptn0bwx2opc8ckebk7k,Base Work,cmq28pptk0bv82opcj7lyb8xk,cmq27k2ym07fj2opc9e0m922v,false,2026-06-06T10:58:39.879,,,
cmq28pptn0bx72opc0suyf5cw,Copper installation,cmq28pptk0bv82opcj7lyb8xk,cmq27k2ym07fj2opc9e0m922v,false,2026-06-06T10:58:39.879,,,
cmq28pptn0bxe2opcgvz4hpye,Testing work,cmq28pptk0bv82opcj7lyb8xk,cmq27k2ym07fj2opc9e0m922v,false,2026-06-06T10:58:39.879,,,
cmq28pptn0bxl2opc01gyokeo,Pipe Laying work,cmq28pptk0bv82opcj7lyb8xk,cmq27k2ym07fj2opc9e0m922v,false,2026-06-06T10:58:39.879,,,
cmq28pptn0bxs2opcv6j7kkk7,Units installation work,cmq28pptk0bv82opcj7lyb8xk,cmq27k2ym07fj2opc9e0m922v,false,2026-06-06T10:58:39.879,,,
cmq28ppto0by22opc1htsmlwr,Final stage of HVAC,cmq28pptk0bv82opcj7lyb8xk,cmq27k2ym07fj2opc9e0m922v,false,2026-06-06T10:58:39.879,,,
cmq28ppto0byc2opcrj1mt9f0,Piping  Testing Work,cmq28pptk0bv82opcj7lyb8xk,cmq27k2ym07fj2opc9e0m922v,false,2026-06-06T10:58:39.879,,,
cmq28ppto0byj2opc8nfw2l3r,Balcony work,cmq28pptk0bv82opcj7lyb8xk,cm39yc7n800g92q8zpnzg0m6z,false,2026-06-06T10:58:39.879,,,
cmq28ppto0byz2opc79joegir,Welding Work,cmq28pptk0bv82opcj7lyb8xk,cmq27k2ym07fj2opc9e0m922v,false,2026-06-06T10:58:39.879,,,
cmq28ppto0bz62opcoyc4gke7,Threading Work,cmq28pptk0bv82opcj7lyb8xk,cmq27k2ym07fj2opc9e0m922v,false,2026-06-06T10:58:39.879,,,
cmq28ppto0bzd2opche7gua3n,Fire Pipe Shaft Work,cmq28pptk0bv82opcj7lyb8xk,cmq27k2ym07fj2opc9e0m922v,false,2026-06-06T10:58:39.879,,,
cmq28pptp0bzz2opcy09mfy3l,Leveling work,cmq28pptk0bv82opcj7lyb8xk,cm39yc7n800g92q8zpnzg0m6z,false,2026-06-06T10:58:39.879,,,
cmq28pptp0c092opcz1w2v7uj,Wall POP,cmq28pptk0bv82opcj7lyb8xk,cm39yc7n800g92q8zpnzg0m6z,false,2026-06-06T10:58:39.879,,,
cmq28pptp0c0g2opc7o5vo9cl,Painting Fire Pipes,cmq28pptk0bv82opcj7lyb8xk,cmq27k2ym07fj2opc9e0m922v,false,2026-06-06T10:58:39.879,,,
cmq28pptp0c0n2opcbfrguu4y,Ceiling work,cmq28pptk0bv82opcj7lyb8xk,cm39yc7n800g92q8zpnzg0m6z,false,2026-06-06T10:58:39.879,,,
cmq28pptq0c102opcsec1a2nn,Granite work,cmq28pptk0bv82opcj7lyb8xk,cm39yc7n800g92q8zpnzg0m6z,false,2026-06-06T10:58:39.879,,,
cmq28pptq0c1g2opc4m2qv89b,Tile work,cmq28pptk0bv82opcj7lyb8xk,cm39yc7n800g92q8zpnzg0m6z,false,2026-06-06T10:58:39.879,,,
cmq28pptq0c1q2opc4qybzzzl,Washroom Work,cmq28pptk0bv82opcj7lyb8xk,cm39yc7n800g92q8zpnzg0m6z,false,2026-06-06T10:58:39.879,,,
cmq28pptq0c232opctktfv8v6,Servant toilet work,cmq28pptk0bv82opcj7lyb8xk,cm39yc7n800g92q8zpnzg0m6z,false,2026-06-06T10:58:39.879,,,
cmq28pptq0c2d2opc04wvivcx,Handover stage,cmq28pptk0bv82opcj7lyb8xk,cmq27k2ym07fj2opc9e0m922v,false,2026-06-06T10:58:39.879,,,
cmq28pptr0c2n2opc4uxigtm1,Plumbing Work,cmq28pptk0bv82opcj7lyb8xk,cmq27k2ym07fj2opc9e0m922v,false,2026-06-06T10:58:39.879,,,
cmq28pptr0c332opckxc1b640,Clamping Fixing Work,cmq28pptk0bv82opcj7lyb8xk,cmq27k2ym07fj2opc9e0m922v,false,2026-06-06T10:58:39.879,,,
cmq28pptr0c3a2opcgf2tgtgj,Sunken Filling,cmq28pptk0bv82opcj7lyb8xk,cmq27k2ym07fj2opc9e0m922v,false,2026-06-06T10:58:39.879,,,
cmq28pptr0c3n2opc2hkniwc1,ventilation work,cmq28pptk0bv82opcj7lyb8xk,cmq27k2ym07fj2opc9e0m922v,false,2026-06-06T10:58:39.879,,,
cmq28pptr0c3x2opc9rie9c6d,fixing,cmq28pptk0bv82opcj7lyb8xk,cmq27k2ym07fj2opc9e0m922v,false,2026-06-06T10:58:39.879,,,
cmq28ppts0c4a2opcpspm12sz,Fire Hydrant installation,cmq28pptk0bv82opcj7lyb8xk,cmq27k2ym07fj2opc9e0m922v,false,2026-06-06T10:58:39.879,,,
cmq28r9hy0c4k2opccjf1tj1c,conduiting,cmq28r9hw0c4i2opc7s2rjycl,cmq27k2ym07fj2opc9e0m922v,false,2026-06-06T10:58:39.879,,,
cmq28r9hy0c4u2opck5orolft,Fixtures fixing work,cmq28r9hw0c4i2opc7s2rjycl,cmq27k2ym07fj2opc9e0m922v,false,2026-06-06T10:58:39.879,,,
cmq28r9hz0c572opcwfql0a4o,wiring,cmq28r9hw0c4i2opc7s2rjycl,cmq27k2ym07fj2opc9e0m922v,false,2026-06-06T10:58:39.879,,,
cmq28r9hz0c5q2opcf35l7am0,Dressing Work,cmq28r9hw0c4i2opc7s2rjycl,cmq27k2ym07fj2opc9e0m922v,false,2026-06-06T10:58:39.879,,,
cmq28r9hz0c602opcn8j5vvwt,Civil work,cmq28r9hw0c4i2opc7s2rjycl,cmq27k2ym07fj2opc9e0m922v,false,2026-06-06T10:58:39.879,,,
cmq28r9hz0c672opcui9kzp3n,Base Work,cmq28r9hw0c4i2opc7s2rjycl,cmq27k2ym07fj2opc9e0m922v,false,2026-06-06T10:58:39.879,,,
cmq28r9i00c6h2opcaebwopyz,Copper installation,cmq28r9hw0c4i2opc7s2rjycl,cmq27k2ym07fj2opc9e0m922v,false,2026-06-06T10:58:39.879,,,
cmq28r9i00c6o2opc07km2wyo,Testing work,cmq28r9hw0c4i2opc7s2rjycl,cmq27k2ym07fj2opc9e0m922v,false,2026-06-06T10:58:39.879,,,
cmq28r9i00c6v2opcofrnjtt0,Units installation work,cmq28r9hw0c4i2opc7s2rjycl,cmq27k2ym07fj2opc9e0m922v,false,2026-06-06T10:58:39.879,,,
cmq28r9i00c752opc9gitju9w,Final stage of HVAC,cmq28r9hw0c4i2opc7s2rjycl,cmq27k2ym07fj2opc9e0m922v,false,2026-06-06T10:58:39.879,,,
cmq28r9i00c7f2opccev4otsv,Pipe Laying work,cmq28r9hw0c4i2opc7s2rjycl,cmq27k2ym07fj2opc9e0m922v,false,2026-06-06T10:58:39.879,,,
cmq28r9i00c7m2opcmsx58ldw,Welding Work,cmq28r9hw0c4i2opc7s2rjycl,cmq27k2ym07fj2opc9e0m922v,false,2026-06-06T10:58:39.879,,,
cmq28r9i00c7t2opc60z5ig9j,Threading Work,cmq28r9hw0c4i2opc7s2rjycl,cmq27k2ym07fj2opc9e0m922v,false,2026-06-06T10:58:39.879,,,
cmq28r9i00c802opczh1twecs,Piping  Testing Work,cmq28r9hw0c4i2opc7s2rjycl,cmq27k2ym07fj2opc9e0m922v,false,2026-06-06T10:58:39.879,,,
cmq28r9i10c872opc1yiv8jsu,Balcony work,cmq28r9hw0c4i2opc7s2rjycl,cm39yc7n800g92q8zpnzg0m6z,false,2026-06-06T10:58:39.879,,,
cmq28r9i10c8n2opczbh7y5z6,Leveling work,cmq28r9hw0c4i2opc7s2rjycl,cm39yc7n800g92q8zpnzg0m6z,false,2026-06-06T10:58:39.879,,,
cmq28r9i10c8x2opcm8t48uv6,Wall POP,cmq28r9hw0c4i2opc7s2rjycl,cm39yc7n800g92q8zpnzg0m6z,false,2026-06-06T10:58:39.879,,,
cmq28r9i10c942opci9d3txp9,Painting Fire Pipes,cmq28r9hw0c4i2opc7s2rjycl,cmq27k2ym07fj2opc9e0m922v,false,2026-06-06T10:58:39.879,,,
cmq28r9i10c9b2opcdxupcdy8,Ceiling work,cmq28r9hw0c4i2opc7s2rjycl,cm39yc7n800g92q8zpnzg0m6z,false,2026-06-06T10:58:39.879,,,
cmq28r9i20c9o2opcwdkhhegj,Granite work,cmq28r9hw0c4i2opc7s2rjycl,cm39yc7n800g92q8zpnzg0m6z,false,2026-06-06T10:58:39.879,,,
cmq28r9i20ca42opcrfmkya5h,Fire Pipe Shaft Work,cmq28r9hw0c4i2opc7s2rjycl,cmq27k2ym07fj2opc9e0m922v,false,2026-06-06T10:58:39.879,,,
cmq28r9i20caq2opc4r0d0ccv,Tile work,cmq28r9hw0c4i2opc7s2rjycl,cm39yc7n800g92q8zpnzg0m6z,false,2026-06-06T10:58:39.879,,,
cmq28r9i20cb02opch13gz01h,Washroom Work,cmq28r9hw0c4i2opc7s2rjycl,cm39yc7n800g92q8zpnzg0m6z,false,2026-06-06T10:58:39.879,,,
cmq28r9i30cbd2opcdeqdl4ci,Servant toilet work,cmq28r9hw0c4i2opc7s2rjycl,cm39yc7n800g92q8zpnzg0m6z,false,2026-06-06T10:58:39.879,,,
cmq28r9i30cbn2opcjodz3ifv,Handover stage,cmq28r9hw0c4i2opc7s2rjycl,cmq27k2ym07fj2opc9e0m922v,false,2026-06-06T10:58:39.879,,,
cmq28r9i30cbx2opcn97an7q9,fixing,cmq28r9hw0c4i2opc7s2rjycl,cmq27k2ym07fj2opc9e0m922v,false,2026-06-06T10:58:39.879,,,
cmq28r9i30cca2opcu54mdr21,Plumbing Work,cmq28r9hw0c4i2opc7s2rjycl,cmq27k2ym07fj2opc9e0m922v,false,2026-06-06T10:58:39.879,,,
cmq28r9i40ccq2opchtm1y3fl,Clamping Fixing Work,cmq28r9hw0c4i2opc7s2rjycl,cmq27k2ym07fj2opc9e0m922v,false,2026-06-06T10:58:39.879,,,
cmq28r9i40ccx2opcizci1hpq,Sunken Filling,cmq28r9hw0c4i2opc7s2rjycl,cmq27k2ym07fj2opc9e0m922v,false,2026-06-06T10:58:39.879,,,
cmq28r9i40cda2opcg5c4rco2,ventilation work,cmq28r9hw0c4i2opc7s2rjycl,cmq27k2ym07fj2opc9e0m922v,false,2026-06-06T10:58:39.879,,,
cmq28r9i40cdk2opcr99et3li,Fire Hydrant installation,cmq28r9hw0c4i2opc7s2rjycl,cmq27k2ym07fj2opc9e0m922v,false,2026-06-06T10:58:39.879,,,
cmq28pq0u0cdu2opctqr62he8,conduiting,cmq28pq0s0cds2opc7o0wrw2z,cmq27k2ym07fj2opc9e0m922v,false,2026-06-06T10:58:39.879,,,
cmq28pq0u0ce42opck4dzujs1,Fixtures fixing work,cmq28pq0s0cds2opc7o0wrw2z,cmq27k2ym07fj2opc9e0m922v,false,2026-06-06T10:58:39.879,,,
cmq28pq0v0ceh2opcgr1nne9i,wiring,cmq28pq0s0cds2opc7o0wrw2z,cmq27k2ym07fj2opc9e0m922v,false,2026-06-06T10:58:39.879,,,
cmq28pq0v0cf02opc6zpjvgb2,Dressing Work,cmq28pq0s0cds2opc7o0wrw2z,cmq27k2ym07fj2opc9e0m922v,false,2026-06-06T10:58:39.879,,,
cmq28pq0v0cfa2opcipvdypkg,Civil work,cmq28pq0s0cds2opc7o0wrw2z,cmq27k2ym07fj2opc9e0m922v,false,2026-06-06T10:58:39.879,,,
cmq28pq0v0cfh2opcr5n6sv4f,Base Work,cmq28pq0s0cds2opc7o0wrw2z,cmq27k2ym07fj2opc9e0m922v,false,2026-06-06T10:58:39.879,,,
cmq28pq0v0cfr2opcnfblv7tf,Copper installation,cmq28pq0s0cds2opc7o0wrw2z,cmq27k2ym07fj2opc9e0m922v,false,2026-06-06T10:58:39.879,,,
cmq28pq0v0cfy2opcv3o9qx41,Testing work,cmq28pq0s0cds2opc7o0wrw2z,cmq27k2ym07fj2opc9e0m922v,false,2026-06-06T10:58:39.879,,,
cmq28pq0w0cg52opcbhuh6dz1,Pipe Laying work,cmq28pq0s0cds2opc7o0wrw2z,cmq27k2ym07fj2opc9e0m922v,false,2026-06-06T10:58:39.879,,,
cmq28pq0w0cgc2opcjjsot71t,Units installation work,cmq28pq0s0cds2opc7o0wrw2z,cmq27k2ym07fj2opc9e0m922v,false,2026-06-06T10:58:39.879,,,
cmq28pq0w0cgm2opctlp536bt,Final stage of HVAC,cmq28pq0s0cds2opc7o0wrw2z,cmq27k2ym07fj2opc9e0m922v,false,2026-06-06T10:58:39.879,,,
cmq28pq0w0cgw2opc61nim7uc,Piping  Testing Work,cmq28pq0s0cds2opc7o0wrw2z,cmq27k2ym07fj2opc9e0m922v,false,2026-06-06T10:58:39.879,,,
cmq28pq0w0ch32opcen0qommi,Balcony work,cmq28pq0s0cds2opc7o0wrw2z,cm39yc7n800g92q8zpnzg0m6z,false,2026-06-06T10:58:39.879,,,
cmq28pq0x0chj2opcggifq2o3,Wall POP,cmq28pq0s0cds2opc7o0wrw2z,cm39yc7n800g92q8zpnzg0m6z,false,2026-06-06T10:58:39.879,,,
cmq28pq0x0chq2opcrzjim2i2,Welding Work,cmq28pq0s0cds2opc7o0wrw2z,cmq27k2ym07fj2opc9e0m922v,false,2026-06-06T10:58:39.879,,,
cmq28pq0x0chx2opcclvpc5c6,Threading Work,cmq28pq0s0cds2opc7o0wrw2z,cmq27k2ym07fj2opc9e0m922v,false,2026-06-06T10:58:39.879,,,
cmq28pq0x0ci42opcyk6x0k10,Painting Fire Pipes,cmq28pq0s0cds2opc7o0wrw2z,cmq27k2ym07fj2opc9e0m922v,false,2026-06-06T10:58:39.879,,,
cmq28pq0x0cib2opc7bxdhd7o,Fire Pipe Shaft Work,cmq28pq0s0cds2opc7o0wrw2z,cmq27k2ym07fj2opc9e0m922v,false,2026-06-06T10:58:39.879,,,
cmq28pq0x0cix2opcy800nwhv,Leveling work,cmq28pq0s0cds2opc7o0wrw2z,cm39yc7n800g92q8zpnzg0m6z,false,2026-06-06T10:58:39.879,,,
cmq28pq0y0cj72opc1ligdvgl,Ceiling work,cmq28pq0s0cds2opc7o0wrw2z,cm39yc7n800g92q8zpnzg0m6z,false,2026-06-06T10:58:39.879,,,
cmq28pq0y0cjk2opc7yaek1dw,Granite work,cmq28pq0s0cds2opc7o0wrw2z,cm39yc7n800g92q8zpnzg0m6z,false,2026-06-06T10:58:39.879,,,
cmq28pq0y0ck02opcatbtemkx,Tile work,cmq28pq0s0cds2opc7o0wrw2z,cm39yc7n800g92q8zpnzg0m6z,false,2026-06-06T10:58:39.879,,,
cmq28pq0z0cka2opcnwu43foy,Washroom Work,cmq28pq0s0cds2opc7o0wrw2z,cm39yc7n800g92q8zpnzg0m6z,false,2026-06-06T10:58:39.879,,,
cmq28pq0z0ckn2opckodercqx,Servant toilet work,cmq28pq0s0cds2opc7o0wrw2z,cm39yc7n800g92q8zpnzg0m6z,false,2026-06-06T10:58:39.879,,,
cmq28pq0z0ckx2opcoojpc4bc,Handover stage,cmq28pq0s0cds2opc7o0wrw2z,cmq27k2ym07fj2opc9e0m922v,false,2026-06-06T10:58:39.879,,,
cmq28pq100cl72opcmfj3zsd8,Plumbing Work,cmq28pq0s0cds2opc7o0wrw2z,cmq27k2ym07fj2opc9e0m922v,false,2026-06-06T10:58:39.879,,,
cmq28pq100cln2opc774f24oj,Clamping Fixing Work,cmq28pq0s0cds2opc7o0wrw2z,cmq27k2ym07fj2opc9e0m922v,false,2026-06-06T10:58:39.879,,,
cmq28pq100clu2opcj11hfntl,Sunken Filling,cmq28pq0s0cds2opc7o0wrw2z,cmq27k2ym07fj2opc9e0m922v,false,2026-06-06T10:58:39.879,,,
cmq28pq100cm72opcnothd2i5,ventilation work,cmq28pq0s0cds2opc7o0wrw2z,cmq27k2ym07fj2opc9e0m922v,false,2026-06-06T10:58:39.879,,,
cmq28pq100cmh2opcxoym2cxj,fixing,cmq28pq0s0cds2opc7o0wrw2z,cmq27k2ym07fj2opc9e0m922v,false,2026-06-06T10:58:39.879,,,
cmq28pq110cmu2opcu35wx9f3,Fire Hydrant installation,cmq28pq0s0cds2opc7o0wrw2z,cmq27k2ym07fj2opc9e0m922v,false,2026-06-06T10:58:39.879,,,
cmq28pq460cn42opcuwf2vbla,conduiting,cmq28pq440cn22opcfxhh0egf,cmq27k2ym07fj2opc9e0m922v,false,2026-06-06T10:58:39.879,,,
cmq28pq460cne2opc96av4e6o,Fixtures fixing work,cmq28pq440cn22opcfxhh0egf,cmq27k2ym07fj2opc9e0m922v,false,2026-06-06T10:58:39.879,,,
cmq28pq460cnr2opcupwb4fq2,wiring,cmq28pq440cn22opcfxhh0egf,cmq27k2ym07fj2opc9e0m922v,false,2026-06-06T10:58:39.879,,,
cmq28pq470coa2opci9mo63n4,Dressing Work,cmq28pq440cn22opcfxhh0egf,cmq27k2ym07fj2opc9e0m922v,false,2026-06-06T10:58:39.879,,,
cmq28pq470cok2opccg4n5nj5,Civil work,cmq28pq440cn22opcfxhh0egf,cmq27k2ym07fj2opc9e0m922v,false,2026-06-06T10:58:39.879,,,
cmq28pq470cor2opco9y2k9a2,Base Work,cmq28pq440cn22opcfxhh0egf,cmq27k2ym07fj2opc9e0m922v,false,2026-06-06T10:58:39.879,,,
cmq28pq470cp12opcwpfprmub,Copper installation,cmq28pq440cn22opcfxhh0egf,cmq27k2ym07fj2opc9e0m922v,false,2026-06-06T10:58:39.879,,,
cmq28pq470cp82opcdemrppfc,Testing work,cmq28pq440cn22opcfxhh0egf,cmq27k2ym07fj2opc9e0m922v,false,2026-06-06T10:58:39.879,,,
cmq28pq470cpf2opctg4ucle5,Pipe Laying work,cmq28pq440cn22opcfxhh0egf,cmq27k2ym07fj2opc9e0m922v,false,2026-06-06T10:58:39.879,,,
cmq28pq470cpm2opcl3ja69e7,Units installation work,cmq28pq440cn22opcfxhh0egf,cmq27k2ym07fj2opc9e0m922v,false,2026-06-06T10:58:39.879,,,
cmq28pq480cpw2opcmwfngvih,Final stage of HVAC,cmq28pq440cn22opcfxhh0egf,cmq27k2ym07fj2opc9e0m922v,false,2026-06-06T10:58:39.879,,,
cmq28pq480cq62opcs9lhyimi,Welding Work,cmq28pq440cn22opcfxhh0egf,cmq27k2ym07fj2opc9e0m922v,false,2026-06-06T10:58:39.879,,,
cmq28pq480cqd2opcyrepz9wp,Threading Work,cmq28pq440cn22opcfxhh0egf,cmq27k2ym07fj2opc9e0m922v,false,2026-06-06T10:58:39.879,,,
cmq28pq480cqk2opcvbdbfr1s,Piping  Testing Work,cmq28pq440cn22opcfxhh0egf,cmq27k2ym07fj2opc9e0m922v,false,2026-06-06T10:58:39.879,,,
cmq28pq480cqr2opcucmf4n77,Balcony work,cmq28pq440cn22opcfxhh0egf,cm39yc7n800g92q8zpnzg0m6z,false,2026-06-06T10:58:39.879,,,
cmq28pq490cr72opczv2wx6hy,Fire Pipe Shaft Work,cmq28pq440cn22opcfxhh0egf,cmq27k2ym07fj2opc9e0m922v,false,2026-06-06T10:58:39.879,,,
cmq28pq490crt2opcwvthhg20,Leveling work,cmq28pq440cn22opcfxhh0egf,cm39yc7n800g92q8zpnzg0m6z,false,2026-06-06T10:58:39.879,,,
cmq28pq490cs32opcesls1738,Wall POP,cmq28pq440cn22opcfxhh0egf,cm39yc7n800g92q8zpnzg0m6z,false,2026-06-06T10:58:39.879,,,
cmq28pq490csa2opc6hdy7gbg,Painting Fire Pipes,cmq28pq440cn22opcfxhh0egf,cmq27k2ym07fj2opc9e0m922v,false,2026-06-06T10:58:39.879,,,
cmq28pq4a0csh2opcy6jdrj43,Ceiling work,cmq28pq440cn22opcfxhh0egf,cm39yc7n800g92q8zpnzg0m6z,false,2026-06-06T10:58:39.879,,,
cmq28pq4a0csu2opczbg96s8n,Granite work,cmq28pq440cn22opcfxhh0egf,cm39yc7n800g92q8zpnzg0m6z,false,2026-06-06T10:58:39.879,,,
cmq28pq4a0cta2opc5i4e1clz,Tile work,cmq28pq440cn22opcfxhh0egf,cm39yc7n800g92q8zpnzg0m6z,false,2026-06-06T10:58:39.879,,,
cmq28pq4a0ctk2opcoeg3ukbt,Washroom Work,cmq28pq440cn22opcfxhh0egf,cm39yc7n800g92q8zpnzg0m6z,false,2026-06-06T10:58:39.879,,,
cmq28pq4a0ctx2opc8fpc94k8,Servant toilet work,cmq28pq440cn22opcfxhh0egf,cm39yc7n800g92q8zpnzg0m6z,false,2026-06-06T10:58:39.879,,,
cmq28pq4b0cu72opcgqo9a4d0,Handover stage,cmq28pq440cn22opcfxhh0egf,cmq27k2ym07fj2opc9e0m922v,false,2026-06-06T10:58:39.879,,,
cmq28pq4b0cuh2opcevsze9v3,Plumbing Work,cmq28pq440cn22opcfxhh0egf,cmq27k2ym07fj2opc9e0m922v,false,2026-06-06T10:58:39.879,,,
cmq28pq4b0cux2opc8s11q9vn,Clamping Fixing Work,cmq28pq440cn22opcfxhh0egf,cmq27k2ym07fj2opc9e0m922v,false,2026-06-06T10:58:39.879,,,
cmq28pq4b0cv42opcmodw03x7,Sunken Filling,cmq28pq440cn22opcfxhh0egf,cmq27k2ym07fj2opc9e0m922v,false,2026-06-06T10:58:39.879,,,
cmq28pq4c0cvh2opcxfuy3jjp,ventilation work,cmq28pq440cn22opcfxhh0egf,cmq27k2ym07fj2opc9e0m922v,false,2026-06-06T10:58:39.879,,,
cmq28pq4c0cvr2opcipcpn0ko,fixing,cmq28pq440cn22opcfxhh0egf,cmq27k2ym07fj2opc9e0m922v,false,2026-06-06T10:58:39.879,,,
cmq28pq4c0cw42opcs7ix3s4t,Fire Hydrant installation,cmq28pq440cn22opcfxhh0egf,cmq27k2ym07fj2opc9e0m922v,false,2026-06-06T10:58:39.879,,,
cmq28pq7n0cwe2opc7gmbf4yi,conduiting,cmq28pq7i0cwc2opcw3a5avtz,cmq27k2ym07fj2opc9e0m922v,false,2026-06-06T10:58:39.879,,,
cmq28pq7n0cwo2opc3swodni8,Fixtures fixing work,cmq28pq7i0cwc2opcw3a5avtz,cmq27k2ym07fj2opc9e0m922v,false,2026-06-06T10:58:39.879,,,
cmq28pq7n0cx12opc5skl77d3,wiring,cmq28pq7i0cwc2opcw3a5avtz,cmq27k2ym07fj2opc9e0m922v,false,2026-06-06T10:58:39.879,,,
cmq28pq7o0cxk2opcwsoqyf59,Dressing Work,cmq28pq7i0cwc2opcw3a5avtz,cmq27k2ym07fj2opc9e0m922v,false,2026-06-06T10:58:39.879,,,
cmq28pq7o0cxu2opcvti92hj8,Civil work,cmq28pq7i0cwc2opcw3a5avtz,cmq27k2ym07fj2opc9e0m922v,false,2026-06-06T10:58:39.879,,,
cmq28pq7o0cy12opcyozbhl9t,Base Work,cmq28pq7i0cwc2opcw3a5avtz,cmq27k2ym07fj2opc9e0m922v,false,2026-06-06T10:58:39.879,,,
cmq28pq7o0cyb2opcr63y2a9m,Copper installation,cmq28pq7i0cwc2opcw3a5avtz,cmq27k2ym07fj2opc9e0m922v,false,2026-06-06T10:58:39.879,,,
cmq28pq7p0cyi2opclwucef8h,Testing work,cmq28pq7i0cwc2opcw3a5avtz,cmq27k2ym07fj2opc9e0m922v,false,2026-06-06T10:58:39.879,,,
cmq28pq7p0cyp2opcdl5jebxr,Pipe Laying work,cmq28pq7i0cwc2opcw3a5avtz,cmq27k2ym07fj2opc9e0m922v,false,2026-06-06T10:58:39.879,,,
cmq28pq7p0cyw2opcnq22vyxl,Units installation work,cmq28pq7i0cwc2opcw3a5avtz,cmq27k2ym07fj2opc9e0m922v,false,2026-06-06T10:58:39.879,,,
cmq28pq7p0cz62opc77akvyy2,Final stage of HVAC,cmq28pq7i0cwc2opcw3a5avtz,cmq27k2ym07fj2opc9e0m922v,false,2026-06-06T10:58:39.879,,,
cmq28pq7p0czg2opcqahog1gu,Piping  Testing Work,cmq28pq7i0cwc2opcw3a5avtz,cmq27k2ym07fj2opc9e0m922v,false,2026-06-06T10:58:39.879,,,
cmq28pq7p0czn2opc4r3l0ub3,Balcony work,cmq28pq7i0cwc2opcw3a5avtz,cm39yc7n800g92q8zpnzg0m6z,false,2026-06-06T10:58:39.879,,,
cmq28pq7q0d032opckbwsihpn,Welding Work,cmq28pq7i0cwc2opcw3a5avtz,cmq27k2ym07fj2opc9e0m922v,false,2026-06-06T10:58:39.879,,,
cmq28pq7q0d0a2opclw6vpvmv,Threading Work,cmq28pq7i0cwc2opcw3a5avtz,cmq27k2ym07fj2opc9e0m922v,false,2026-06-06T10:58:39.879,,,
cmq28pq7q0d0h2opclkruiqlx,Fire Pipe Shaft Work,cmq28pq7i0cwc2opcw3a5avtz,cmq27k2ym07fj2opc9e0m922v,false,2026-06-06T10:58:39.879,,,
cmq28pq7q0d132opczng6zi8g,Leveling work,cmq28pq7i0cwc2opcw3a5avtz,cm39yc7n800g92q8zpnzg0m6z,false,2026-06-06T10:58:39.879,,,
cmq28pq7q0d1d2opcmwegrwap,Wall POP,cmq28pq7i0cwc2opcw3a5avtz,cm39yc7n800g92q8zpnzg0m6z,false,2026-06-06T10:58:39.879,,,
cmq28pq7r0d1k2opcydner19s,Painting Fire Pipes,cmq28pq7i0cwc2opcw3a5avtz,cmq27k2ym07fj2opc9e0m922v,false,2026-06-06T10:58:39.879,,,
cmq28pq7r0d1r2opc5xgl51t4,Ceiling work,cmq28pq7i0cwc2opcw3a5avtz,cm39yc7n800g92q8zpnzg0m6z,false,2026-06-06T10:58:39.879,,,
cmq28pq7r0d242opcuvddl823,Granite work,cmq28pq7i0cwc2opcw3a5avtz,cm39yc7n800g92q8zpnzg0m6z,false,2026-06-06T10:58:39.879,,,
cmq28pq7r0d2k2opcrgare58k,Tile work,cmq28pq7i0cwc2opcw3a5avtz,cm39yc7n800g92q8zpnzg0m6z,false,2026-06-06T10:58:39.879,,,
cmq28pq7r0d2u2opc25oabbex,Washroom Work,cmq28pq7i0cwc2opcw3a5avtz,cm39yc7n800g92q8zpnzg0m6z,false,2026-06-06T10:58:39.879,,,
cmq28pq7s0d372opckpa7x4a6,Servant toilet work,cmq28pq7i0cwc2opcw3a5avtz,cm39yc7n800g92q8zpnzg0m6z,false,2026-06-06T10:58:39.879,,,
cmq28pq7s0d3h2opc0tge6jg6,Handover stage,cmq28pq7i0cwc2opcw3a5avtz,cmq27k2ym07fj2opc9e0m922v,false,2026-06-06T10:58:39.879,,,
cmq28pq7s0d3r2opczs302ch1,Plumbing Work,cmq28pq7i0cwc2opcw3a5avtz,cmq27k2ym07fj2opc9e0m922v,false,2026-06-06T10:58:39.879,,,
cmq28pq7s0d472opcsia0bgn8,Clamping Fixing Work,cmq28pq7i0cwc2opcw3a5avtz,cmq27k2ym07fj2opc9e0m922v,false,2026-06-06T10:58:39.879,,,
cmq28pq7s0d4e2opcqzegxsd0,Sunken Filling,cmq28pq7i0cwc2opcw3a5avtz,cmq27k2ym07fj2opc9e0m922v,false,2026-06-06T10:58:39.879,,,
cmq28pq7t0d4r2opcm7erqumo,ventilation work,cmq28pq7i0cwc2opcw3a5avtz,cmq27k2ym07fj2opc9e0m922v,false,2026-06-06T10:58:39.879,,,
cmq28pq7t0d512opcfunvlhap,fixing,cmq28pq7i0cwc2opcw3a5avtz,cmq27k2ym07fj2opc9e0m922v,false,2026-06-06T10:58:39.879,,,
cmq28pq7t0d5e2opc1zqkx8rb,Fire Hydrant installation,cmq28pq7i0cwc2opcw3a5avtz,cmq27k2ym07fj2opc9e0m922v,false,2026-06-06T10:58:39.879,,,
cmq28pqax0d5o2opcgqp2tmq1,conduiting,cmq28pqav0d5m2opcbyzky7zq,cmq27k2ym07fj2opc9e0m922v,false,2026-06-06T10:58:39.879,,,
cmq28pqax0d5y2opcmsmqcals,Fixtures fixing work,cmq28pqav0d5m2opcbyzky7zq,cmq27k2ym07fj2opc9e0m922v,false,2026-06-06T10:58:39.879,,,
cmq28pqay0d6b2opcgbe3rzc1,wiring,cmq28pqav0d5m2opcbyzky7zq,cmq27k2ym07fj2opc9e0m922v,false,2026-06-06T10:58:39.879,,,
cmq28pqay0d6u2opc40c16efo,Dressing Work,cmq28pqav0d5m2opcbyzky7zq,cmq27k2ym07fj2opc9e0m922v,false,2026-06-06T10:58:39.879,,,
cmq28pqay0d742opc9q4vjzp7,Civil work,cmq28pqav0d5m2opcbyzky7zq,cmq27k2ym07fj2opc9e0m922v,false,2026-06-06T10:58:39.879,,,
cmq28pqay0d7b2opcr04em82d,Base Work,cmq28pqav0d5m2opcbyzky7zq,cmq27k2ym07fj2opc9e0m922v,false,2026-06-06T10:58:39.879,,,
cmq28pqaz0d7l2opce1gtgukl,Copper installation,cmq28pqav0d5m2opcbyzky7zq,cmq27k2ym07fj2opc9e0m922v,false,2026-06-06T10:58:39.879,,,
cmq28pqaz0d7s2opciuuvjg0k,Testing work,cmq28pqav0d5m2opcbyzky7zq,cmq27k2ym07fj2opc9e0m922v,false,2026-06-06T10:58:39.879,,,
cmq28pqaz0d7z2opcifryreo0,Units installation work,cmq28pqav0d5m2opcbyzky7zq,cmq27k2ym07fj2opc9e0m922v,false,2026-06-06T10:58:39.879,,,
cmq28pqaz0d892opc6yg3gv9g,Final stage of HVAC,cmq28pqav0d5m2opcbyzky7zq,cmq27k2ym07fj2opc9e0m922v,false,2026-06-06T10:58:39.879,,,
cmq28pqaz0d8j2opct92i224w,Pipe Laying work,cmq28pqav0d5m2opcbyzky7zq,cmq27k2ym07fj2opc9e0m922v,false,2026-06-06T10:58:39.879,,,
cmq28pqaz0d8q2opcf7i6e45o,Welding Work,cmq28pqav0d5m2opcbyzky7zq,cmq27k2ym07fj2opc9e0m922v,false,2026-06-06T10:58:39.879,,,
cmq28pqaz0d8x2opchqojguvn,Threading Work,cmq28pqav0d5m2opcbyzky7zq,cmq27k2ym07fj2opc9e0m922v,false,2026-06-06T10:58:39.879,,,
cmq28pqaz0d942opcbbsle0p1,Piping  Testing Work,cmq28pqav0d5m2opcbyzky7zq,cmq27k2ym07fj2opc9e0m922v,false,2026-06-06T10:58:39.879,,,
cmq28pqb00d9b2opchf63ls2s,Balcony work,cmq28pqav0d5m2opcbyzky7zq,cm39yc7n800g92q8zpnzg0m6z,false,2026-06-06T10:58:39.879,,,
cmq28pqb00d9r2opcpxh8n0rd,Leveling work,cmq28pqav0d5m2opcbyzky7zq,cm39yc7n800g92q8zpnzg0m6z,false,2026-06-06T10:58:39.879,,,
cmq28pqb00da12opcmmgain5g,Wall POP,cmq28pqav0d5m2opcbyzky7zq,cm39yc7n800g92q8zpnzg0m6z,false,2026-06-06T10:58:39.879,,,
cmq28pqb00da82opc4eebrkeu,Painting Fire Pipes,cmq28pqav0d5m2opcbyzky7zq,cmq27k2ym07fj2opc9e0m922v,false,2026-06-06T10:58:39.879,,,
cmq28pqb00daf2opcdtzkxjzs,Ceiling work,cmq28pqav0d5m2opcbyzky7zq,cm39yc7n800g92q8zpnzg0m6z,false,2026-06-06T10:58:39.879,,,
cmq28pqb10das2opc5j9c9iuv,Granite work,cmq28pqav0d5m2opcbyzky7zq,cm39yc7n800g92q8zpnzg0m6z,false,2026-06-06T10:58:39.879,,,
cmq28pqb10db82opc5264fcva,Fire Pipe Shaft Work,cmq28pqav0d5m2opcbyzky7zq,cmq27k2ym07fj2opc9e0m922v,false,2026-06-06T10:58:39.879,,,
cmq28pqb10dbu2opcmbpdwpun,Tile work,cmq28pqav0d5m2opcbyzky7zq,cm39yc7n800g92q8zpnzg0m6z,false,2026-06-06T10:58:39.879,,,
cmq28pqb20dc42opczhya2a28,Washroom Work,cmq28pqav0d5m2opcbyzky7zq,cm39yc7n800g92q8zpnzg0m6z,false,2026-06-06T10:58:39.879,,,
cmq28pqb20dch2opc08ii5w8f,Servant toilet work,cmq28pqav0d5m2opcbyzky7zq,cm39yc7n800g92q8zpnzg0m6z,false,2026-06-06T10:58:39.879,,,
cmq28pqb20dcr2opcxle5po33,Handover stage,cmq28pqav0d5m2opcbyzky7zq,cmq27k2ym07fj2opc9e0m922v,false,2026-06-06T10:58:39.879,,,
cmq28pqb20dd12opclvmufj2d,fixing,cmq28pqav0d5m2opcbyzky7zq,cmq27k2ym07fj2opc9e0m922v,false,2026-06-06T10:58:39.879,,,
cmq28pqb20dde2opcu5ouz85r,Plumbing Work,cmq28pqav0d5m2opcbyzky7zq,cmq27k2ym07fj2opc9e0m922v,false,2026-06-06T10:58:39.879,,,
cmq28pqb30ddu2opc5gleitm9,Clamping Fixing Work,cmq28pqav0d5m2opcbyzky7zq,cmq27k2ym07fj2opc9e0m922v,false,2026-06-06T10:58:39.879,,,
cmq28pqb30de12opcih7q3yow,Sunken Filling,cmq28pqav0d5m2opcbyzky7zq,cmq27k2ym07fj2opc9e0m922v,false,2026-06-06T10:58:39.879,,,
cmq28pqb30dee2opcf65ksta1,ventilation work,cmq28pqav0d5m2opcbyzky7zq,cmq27k2ym07fj2opc9e0m922v,false,2026-06-06T10:58:39.879,,,
cmq28pqb30deo2opcf9w78oue,Fire Hydrant installation,cmq28pqav0d5m2opcbyzky7zq,cmq27k2ym07fj2opc9e0m922v,false,2026-06-06T10:58:39.879,,,
cmq28pqe90dey2opcp3gx4efw,conduiting,cmq28pqe70dew2opc06xg6a17,cmq27k2ym07fj2opc9e0m922v,false,2026-06-06T10:58:39.879,,,
cmq28pqe90df82opcnn0hnpiq,Fixtures fixing work,cmq28pqe70dew2opc06xg6a17,cmq27k2ym07fj2opc9e0m922v,false,2026-06-06T10:58:39.879,,,
cmq28pqea0dfl2opcdn2rby3p,wiring,cmq28pqe70dew2opc06xg6a17,cmq27k2ym07fj2opc9e0m922v,false,2026-06-06T10:58:39.879,,,
cmq28pqea0dg42opcn6mlfhqr,Dressing Work,cmq28pqe70dew2opc06xg6a17,cmq27k2ym07fj2opc9e0m922v,false,2026-06-06T10:58:39.879,,,
cmq28pqea0dge2opcc3jesyei,Civil work,cmq28pqe70dew2opc06xg6a17,cmq27k2ym07fj2opc9e0m922v,false,2026-06-06T10:58:39.879,,,
cmq28pqea0dgl2opchfm7i660,Base Work,cmq28pqe70dew2opc06xg6a17,cmq27k2ym07fj2opc9e0m922v,false,2026-06-06T10:58:39.879,,,
cmq28pqea0dgv2opcj6h4bzl4,Copper installation,cmq28pqe70dew2opc06xg6a17,cmq27k2ym07fj2opc9e0m922v,false,2026-06-06T10:58:39.879,,,
cmq28pqeb0dh22opc3ki3cf8m,Testing work,cmq28pqe70dew2opc06xg6a17,cmq27k2ym07fj2opc9e0m922v,false,2026-06-06T10:58:39.879,,,
cmq28pqeb0dh92opcsyx3p447,Pipe Laying work,cmq28pqe70dew2opc06xg6a17,cmq27k2ym07fj2opc9e0m922v,false,2026-06-06T10:58:39.879,,,
cmq28pqeb0dhg2opcrk4pq12w,Units installation work,cmq28pqe70dew2opc06xg6a17,cmq27k2ym07fj2opc9e0m922v,false,2026-06-06T10:58:39.879,,,
cmq28pqeb0dhq2opcvslfc3ls,Final stage of HVAC,cmq28pqe70dew2opc06xg6a17,cmq27k2ym07fj2opc9e0m922v,false,2026-06-06T10:58:39.879,,,
cmq28pqeb0di02opc22nhnkpf,Piping  Testing Work,cmq28pqe70dew2opc06xg6a17,cmq27k2ym07fj2opc9e0m922v,false,2026-06-06T10:58:39.879,,,
cmq28pqeb0di72opcc0kclygf,Balcony work,cmq28pqe70dew2opc06xg6a17,cm39yc7n800g92q8zpnzg0m6z,false,2026-06-06T10:58:39.879,,,
cmq28pqec0din2opcgf5zzc5j,Wall POP,cmq28pqe70dew2opc06xg6a17,cm39yc7n800g92q8zpnzg0m6z,false,2026-06-06T10:58:39.879,,,
cmq28pqec0diu2opclv4t101v,Welding Work,cmq28pqe70dew2opc06xg6a17,cmq27k2ym07fj2opc9e0m922v,false,2026-06-06T10:58:39.879,,,
cmq28pqec0dj12opchiduafdp,Threading Work,cmq28pqe70dew2opc06xg6a17,cmq27k2ym07fj2opc9e0m922v,false,2026-06-06T10:58:39.879,,,
cmq28pqec0dj82opckkerbonp,Painting Fire Pipes,cmq28pqe70dew2opc06xg6a17,cmq27k2ym07fj2opc9e0m922v,false,2026-06-06T10:58:39.879,,,
cmq28pqec0djf2opc8hmmmvhe,Fire Pipe Shaft Work,cmq28pqe70dew2opc06xg6a17,cmq27k2ym07fj2opc9e0m922v,false,2026-06-06T10:58:39.879,,,
cmq28pqec0dk12opco4etjjp9,Leveling work,cmq28pqe70dew2opc06xg6a17,cm39yc7n800g92q8zpnzg0m6z,false,2026-06-06T10:58:39.879,,,
cmq28pqed0dkb2opcv969itxf,Ceiling work,cmq28pqe70dew2opc06xg6a17,cm39yc7n800g92q8zpnzg0m6z,false,2026-06-06T10:58:39.879,,,
cmq28pqed0dko2opcwwfjkbai,Granite work,cmq28pqe70dew2opc06xg6a17,cm39yc7n800g92q8zpnzg0m6z,false,2026-06-06T10:58:39.879,,,
cmq28pqed0dl42opcxj6lgetb,Tile work,cmq28pqe70dew2opc06xg6a17,cm39yc7n800g92q8zpnzg0m6z,false,2026-06-06T10:58:39.879,,,
cmq28pqed0dle2opcwy396eyq,Washroom Work,cmq28pqe70dew2opc06xg6a17,cm39yc7n800g92q8zpnzg0m6z,false,2026-06-06T10:58:39.879,,,
cmq28pqee0dlr2opc308wnxqm,Servant toilet work,cmq28pqe70dew2opc06xg6a17,cm39yc7n800g92q8zpnzg0m6z,false,2026-06-06T10:58:39.879,,,
cmq28pqee0dm12opc7r27oe28,Handover stage,cmq28pqe70dew2opc06xg6a17,cmq27k2ym07fj2opc9e0m922v,false,2026-06-06T10:58:39.879,,,
cmq28pqee0dmb2opcs1ono9q1,Plumbing Work,cmq28pqe70dew2opc06xg6a17,cmq27k2ym07fj2opc9e0m922v,false,2026-06-06T10:58:39.879,,,
cmq28pqee0dmr2opc2ho5kmpy,Clamping Fixing Work,cmq28pqe70dew2opc06xg6a17,cmq27k2ym07fj2opc9e0m922v,false,2026-06-06T10:58:39.879,,,
cmq28pqee0dmy2opc22rbwq7d,Sunken Filling,cmq28pqe70dew2opc06xg6a17,cmq27k2ym07fj2opc9e0m922v,false,2026-06-06T10:58:39.879,,,
cmq28pqef0dnb2opcgretekqc,ventilation work,cmq28pqe70dew2opc06xg6a17,cmq27k2ym07fj2opc9e0m922v,false,2026-06-06T10:58:39.879,,,
cmq28pqef0dnl2opciehur3py,fixing,cmq28pqe70dew2opc06xg6a17,cmq27k2ym07fj2opc9e0m922v,false,2026-06-06T10:58:39.879,,,
cmq28pqef0dny2opccz9k60p6,Fire Hydrant installation,cmq28pqe70dew2opc06xg6a17,cmq27k2ym07fj2opc9e0m922v,false,2026-06-06T10:58:39.879,,,
cmq28pqhm0do82opcc2d25wlz,conduiting,cmq28pqhk0do62opc7r01qz7s,cmq27k2ym07fj2opc9e0m922v,false,2026-06-06T10:58:39.879,,,
cmq28pqhm0doi2opccnv3xi9h,Fixtures fixing work,cmq28pqhk0do62opc7r01qz7s,cmq27k2ym07fj2opc9e0m922v,false,2026-06-06T10:58:39.879,,,
cmq28pqhn0dov2opcpzebrzd3,wiring,cmq28pqhk0do62opc7r01qz7s,cmq27k2ym07fj2opc9e0m922v,false,2026-06-06T10:58:39.879,,,
cmq28pqhn0dpe2opctfvailzg,Dressing Work,cmq28pqhk0do62opc7r01qz7s,cmq27k2ym07fj2opc9e0m922v,false,2026-06-06T10:58:39.879,,,
cmq28pqhn0dpo2opcu1vqkk7v,Civil work,cmq28pqhk0do62opc7r01qz7s,cmq27k2ym07fj2opc9e0m922v,false,2026-06-06T10:58:39.879,,,
cmq28pqhn0dpv2opcamfhc62a,Base Work,cmq28pqhk0do62opc7r01qz7s,cmq27k2ym07fj2opc9e0m922v,false,2026-06-06T10:58:39.879,,,
cmq28pqho0dq52opc4lcsp56d,Copper installation,cmq28pqhk0do62opc7r01qz7s,cmq27k2ym07fj2opc9e0m922v,false,2026-06-06T10:58:39.879,,,
cmq28pqho0dqc2opcrg7n1404,Testing work,cmq28pqhk0do62opc7r01qz7s,cmq27k2ym07fj2opc9e0m922v,false,2026-06-06T10:58:39.879,,,
cmq28pqho0dqj2opc1sfhn8gf,Pipe Laying work,cmq28pqhk0do62opc7r01qz7s,cmq27k2ym07fj2opc9e0m922v,false,2026-06-06T10:58:39.879,,,
cmq28pqho0dqq2opcv1ldf752,Units installation work,cmq28pqhk0do62opc7r01qz7s,cmq27k2ym07fj2opc9e0m922v,false,2026-06-06T10:58:39.879,,,
cmq28pqho0dr02opc3fqk8fly,Final stage of HVAC,cmq28pqhk0do62opc7r01qz7s,cmq27k2ym07fj2opc9e0m922v,false,2026-06-06T10:58:39.879,,,
cmq28pqho0dra2opcingyfg1g,Welding Work,cmq28pqhk0do62opc7r01qz7s,cmq27k2ym07fj2opc9e0m922v,false,2026-06-06T10:58:39.879,,,
cmq28pqhp0drh2opc0dlwojq7,Threading Work,cmq28pqhk0do62opc7r01qz7s,cmq27k2ym07fj2opc9e0m922v,false,2026-06-06T10:58:39.879,,,
cmq28pqhp0dro2opcshpvmio2,Piping  Testing Work,cmq28pqhk0do62opc7r01qz7s,cmq27k2ym07fj2opc9e0m922v,false,2026-06-06T10:58:39.879,,,
cmq28pqhp0drv2opc0diyscfz,Balcony work,cmq28pqhk0do62opc7r01qz7s,cm39yc7n800g92q8zpnzg0m6z,false,2026-06-06T10:58:39.879,,,
cmq28pqhp0dsb2opc7aylung3,Fire Pipe Shaft Work,cmq28pqhk0do62opc7r01qz7s,cmq27k2ym07fj2opc9e0m922v,false,2026-06-06T10:58:39.879,,,
cmq28pqhq0dsx2opcvcahn8w2,Leveling work,cmq28pqhk0do62opc7r01qz7s,cm39yc7n800g92q8zpnzg0m6z,false,2026-06-06T10:58:39.879,,,
cmq28pqhq0dt72opc3gmkuhve,Wall POP,cmq28pqhk0do62opc7r01qz7s,cm39yc7n800g92q8zpnzg0m6z,false,2026-06-06T10:58:39.879,,,
cmq28pqhq0dte2opcj55s69nv,Painting Fire Pipes,cmq28pqhk0do62opc7r01qz7s,cmq27k2ym07fj2opc9e0m922v,false,2026-06-06T10:58:39.879,,,
cmq28pqhq0dtl2opcarbj42as,Ceiling work,cmq28pqhk0do62opc7r01qz7s,cm39yc7n800g92q8zpnzg0m6z,false,2026-06-06T10:58:39.879,,,
cmq28pqhq0dty2opc8yljs51o,Granite work,cmq28pqhk0do62opc7r01qz7s,cm39yc7n800g92q8zpnzg0m6z,false,2026-06-06T10:58:39.879,,,
cmq28pqhr0due2opc7vrdp8gu,Tile work,cmq28pqhk0do62opc7r01qz7s,cm39yc7n800g92q8zpnzg0m6z,false,2026-06-06T10:58:39.879,,,
cmq28pqhr0duo2opcwxjq2d7a,Washroom Work,cmq28pqhk0do62opc7r01qz7s,cm39yc7n800g92q8zpnzg0m6z,false,2026-06-06T10:58:39.879,,,
cmq28pqhr0dv12opcy8oyizt5,Servant toilet work,cmq28pqhk0do62opc7r01qz7s,cm39yc7n800g92q8zpnzg0m6z,false,2026-06-06T10:58:39.879,,,
cmq28pqhr0dvb2opc1ign0k90,Handover stage,cmq28pqhk0do62opc7r01qz7s,cmq27k2ym07fj2opc9e0m922v,false,2026-06-06T10:58:39.879,,,
cmq28pqhr0dvl2opcru7cqjmj,Plumbing Work,cmq28pqhk0do62opc7r01qz7s,cmq27k2ym07fj2opc9e0m922v,false,2026-06-06T10:58:39.879,,,
cmq28pqhs0dw12opcxi6jmqm2,Clamping Fixing Work,cmq28pqhk0do62opc7r01qz7s,cmq27k2ym07fj2opc9e0m922v,false,2026-06-06T10:58:39.879,,,
cmq28pqhs0dw82opcbq8xnit6,Sunken Filling,cmq28pqhk0do62opc7r01qz7s,cmq27k2ym07fj2opc9e0m922v,false,2026-06-06T10:58:39.879,,,
cmq28pqhs0dwl2opck693hnk1,ventilation work,cmq28pqhk0do62opc7r01qz7s,cmq27k2ym07fj2opc9e0m922v,false,2026-06-06T10:58:39.879,,,
cmq28pqhs0dwv2opcvhce534k,fixing,cmq28pqhk0do62opc7r01qz7s,cmq27k2ym07fj2opc9e0m922v,false,2026-06-06T10:58:39.879,,,
cmq28pqht0dx82opcfbhe0lsz,Fire Hydrant installation,cmq28pqhk0do62opc7r01qz7s,cmq27k2ym07fj2opc9e0m922v,false,2026-06-06T10:58:39.879,,,
cmq28pqkx0dxi2opc65yod00v,conduiting,cmq28pqkv0dxg2opcam76q2ns,cmq27k2ym07fj2opc9e0m922v,false,2026-06-06T10:58:39.879,,,
cmq28pqky0dxs2opc8d3n66za,Fixtures fixing work,cmq28pqkv0dxg2opcam76q2ns,cmq27k2ym07fj2opc9e0m922v,false,2026-06-06T10:58:39.879,,,
cmq28pqky0dy52opc1g51t66b,wiring,cmq28pqkv0dxg2opcam76q2ns,cmq27k2ym07fj2opc9e0m922v,false,2026-06-06T10:58:39.879,,,
cmq28pqky0dyo2opcf4kwlzg9,Dressing Work,cmq28pqkv0dxg2opcam76q2ns,cmq27k2ym07fj2opc9e0m922v,false,2026-06-06T10:58:39.879,,,
cmq28pqkz0dyy2opcszmlnyv8,Civil work,cmq28pqkv0dxg2opcam76q2ns,cmq27k2ym07fj2opc9e0m922v,false,2026-06-06T10:58:39.879,,,
cmq28pqkz0dz52opcawl2f1uj,Base Work,cmq28pqkv0dxg2opcam76q2ns,cmq27k2ym07fj2opc9e0m922v,false,2026-06-06T10:58:39.879,,,
cmq28pqkz0dzf2opcw9yr03b0,Copper installation,cmq28pqkv0dxg2opcam76q2ns,cmq27k2ym07fj2opc9e0m922v,false,2026-06-06T10:58:39.879,,,
cmq28pqkz0dzm2opc9zer0wqh,Testing work,cmq28pqkv0dxg2opcam76q2ns,cmq27k2ym07fj2opc9e0m922v,false,2026-06-06T10:58:39.879,,,
cmq28pqkz0dzt2opcihgrk1hu,Pipe Laying work,cmq28pqkv0dxg2opcam76q2ns,cmq27k2ym07fj2opc9e0m922v,false,2026-06-06T10:58:39.879,,,
cmq28pqkz0e002opcpwznwck8,Units installation work,cmq28pqkv0dxg2opcam76q2ns,cmq27k2ym07fj2opc9e0m922v,false,2026-06-06T10:58:39.879,,,
cmq28pqkz0e0a2opcpgihn4fa,Final stage of HVAC,cmq28pqkv0dxg2opcam76q2ns,cmq27k2ym07fj2opc9e0m922v,false,2026-06-06T10:58:39.879,,,
cmq28pql00e0k2opcv3e57qoc,Piping  Testing Work,cmq28pqkv0dxg2opcam76q2ns,cmq27k2ym07fj2opc9e0m922v,false,2026-06-06T10:58:39.879,,,
cmq28pql00e0r2opc1m3pz42i,Balcony work,cmq28pqkv0dxg2opcam76q2ns,cm39yc7n800g92q8zpnzg0m6z,false,2026-06-06T10:58:39.879,,,
cmq28pql00e172opclyx6772g,Welding Work,cmq28pqkv0dxg2opcam76q2ns,cmq27k2ym07fj2opc9e0m922v,false,2026-06-06T10:58:39.879,,,
cmq28pql00e1e2opcjv5v0abf,Threading Work,cmq28pqkv0dxg2opcam76q2ns,cmq27k2ym07fj2opc9e0m922v,false,2026-06-06T10:58:39.879,,,
cmq28pql00e1l2opcw8f19pkc,Fire Pipe Shaft Work,cmq28pqkv0dxg2opcam76q2ns,cmq27k2ym07fj2opc9e0m922v,false,2026-06-06T10:58:39.879,,,
cmq28pql10e272opcn4mtr36a,Leveling work,cmq28pqkv0dxg2opcam76q2ns,cm39yc7n800g92q8zpnzg0m6z,false,2026-06-06T10:58:39.879,,,
cmq28pql10e2h2opc43x29moh,Wall POP,cmq28pqkv0dxg2opcam76q2ns,cm39yc7n800g92q8zpnzg0m6z,false,2026-06-06T10:58:39.879,,,
cmq28pql10e2o2opcj83grkpd,Painting Fire Pipes,cmq28pqkv0dxg2opcam76q2ns,cmq27k2ym07fj2opc9e0m922v,false,2026-06-06T10:58:39.879,,,
cmq28pql10e2v2opc21np2nhf,Ceiling work,cmq28pqkv0dxg2opcam76q2ns,cm39yc7n800g92q8zpnzg0m6z,false,2026-06-06T10:58:39.879,,,
cmq28pql10e382opcrur3y4sq,Granite work,cmq28pqkv0dxg2opcam76q2ns,cm39yc7n800g92q8zpnzg0m6z,false,2026-06-06T10:58:39.879,,,
cmq28pql20e3o2opc4m801ll9,Tile work,cmq28pqkv0dxg2opcam76q2ns,cm39yc7n800g92q8zpnzg0m6z,false,2026-06-06T10:58:39.879,,,
cmq28pql20e3y2opchsvog2pb,Washroom Work,cmq28pqkv0dxg2opcam76q2ns,cm39yc7n800g92q8zpnzg0m6z,false,2026-06-06T10:58:39.879,,,
cmq28pql20e4b2opc9y53vkvo,Servant toilet work,cmq28pqkv0dxg2opcam76q2ns,cm39yc7n800g92q8zpnzg0m6z,false,2026-06-06T10:58:39.879,,,
cmq28pql20e4l2opcxw3gypsm,Handover stage,cmq28pqkv0dxg2opcam76q2ns,cmq27k2ym07fj2opc9e0m922v,false,2026-06-06T10:58:39.879,,,
cmq28pql20e4v2opcponc0buv,Plumbing Work,cmq28pqkv0dxg2opcam76q2ns,cmq27k2ym07fj2opc9e0m922v,false,2026-06-06T10:58:39.879,,,
cmq28pql30e5b2opc8mx1zuae,Clamping Fixing Work,cmq28pqkv0dxg2opcam76q2ns,cmq27k2ym07fj2opc9e0m922v,false,2026-06-06T10:58:39.879,,,
cmq28pql30e5i2opc6czuelz3,Sunken Filling,cmq28pqkv0dxg2opcam76q2ns,cmq27k2ym07fj2opc9e0m922v,false,2026-06-06T10:58:39.879,,,
cmq28pql30e5v2opctb783qrd,ventilation work,cmq28pqkv0dxg2opcam76q2ns,cmq27k2ym07fj2opc9e0m922v,false,2026-06-06T10:58:39.879,,,
cmq28pql30e652opct0bvau8z,fixing,cmq28pqkv0dxg2opcam76q2ns,cmq27k2ym07fj2opc9e0m922v,false,2026-06-06T10:58:39.879,,,
cmq28pql30e6i2opc8q2rhrv8,Fire Hydrant installation,cmq28pqkv0dxg2opcam76q2ns,cmq27k2ym07fj2opc9e0m922v,false,2026-06-06T10:58:39.879,,,
cmq28pqoa0e6s2opc8lr8nlxt,conduiting,cmq28pqo80e6q2opcakf6tsoq,cmq27k2ym07fj2opc9e0m922v,false,2026-06-06T10:58:39.879,,,
cmq28pqob0e722opcf127lzts,Fixtures fixing work,cmq28pqo80e6q2opcakf6tsoq,cmq27k2ym07fj2opc9e0m922v,false,2026-06-06T10:58:39.879,,,
cmq28pqob0e7f2opcfnowwz5f,wiring,cmq28pqo80e6q2opcakf6tsoq,cmq27k2ym07fj2opc9e0m922v,false,2026-06-06T10:58:39.879,,,
cmq28pqoc0e7y2opc5iua5ni4,Dressing Work,cmq28pqo80e6q2opcakf6tsoq,cmq27k2ym07fj2opc9e0m922v,false,2026-06-06T10:58:39.879,,,
cmq28pqoc0e882opcu6pxuqzs,Civil work,cmq28pqo80e6q2opcakf6tsoq,cmq27k2ym07fj2opc9e0m922v,false,2026-06-06T10:58:39.879,,,
cmq28pqoc0e8f2opcg2uzlj26,Base Work,cmq28pqo80e6q2opcakf6tsoq,cmq27k2ym07fj2opc9e0m922v,false,2026-06-06T10:58:39.879,,,
cmq28pqoc0e8p2opcgzmljzgo,Copper installation,cmq28pqo80e6q2opcakf6tsoq,cmq27k2ym07fj2opc9e0m922v,false,2026-06-06T10:58:39.879,,,
cmq28pqod0e8w2opcom4xji9t,Testing work,cmq28pqo80e6q2opcakf6tsoq,cmq27k2ym07fj2opc9e0m922v,false,2026-06-06T10:58:39.879,,,
cmq28pqod0e932opcl9xz24hx,Units installation work,cmq28pqo80e6q2opcakf6tsoq,cmq27k2ym07fj2opc9e0m922v,false,2026-06-06T10:58:39.879,,,
cmq28pqod0e9d2opc8sk5vcu0,Final stage of HVAC,cmq28pqo80e6q2opcakf6tsoq,cmq27k2ym07fj2opc9e0m922v,false,2026-06-06T10:58:39.879,,,
cmq28pqod0e9n2opcea7yb2t0,Pipe Laying work,cmq28pqo80e6q2opcakf6tsoq,cmq27k2ym07fj2opc9e0m922v,false,2026-06-06T10:58:39.879,,,
cmq28pqod0e9u2opcj0l7usy5,Welding Work,cmq28pqo80e6q2opcakf6tsoq,cmq27k2ym07fj2opc9e0m922v,false,2026-06-06T10:58:39.879,,,
cmq28pqoe0ea12opc2cwlj847,Threading Work,cmq28pqo80e6q2opcakf6tsoq,cmq27k2ym07fj2opc9e0m922v,false,2026-06-06T10:58:39.879,,,
cmq28pqoe0ea82opcjh5wfx3o,Piping  Testing Work,cmq28pqo80e6q2opcakf6tsoq,cmq27k2ym07fj2opc9e0m922v,false,2026-06-06T10:58:39.879,,,
cmq28pqoe0eaf2opcjt9nffdy,Balcony work,cmq28pqo80e6q2opcakf6tsoq,cm39yc7n800g92q8zpnzg0m6z,false,2026-06-06T10:58:39.879,,,
cmq28pqof0eav2opct34uqh12,Leveling work,cmq28pqo80e6q2opcakf6tsoq,cm39yc7n800g92q8zpnzg0m6z,false,2026-06-06T10:58:39.879,,,
cmq28pqof0eb52opcetl5t0ly,Wall POP,cmq28pqo80e6q2opcakf6tsoq,cm39yc7n800g92q8zpnzg0m6z,false,2026-06-06T10:58:39.879,,,
cmq28pqof0ebc2opctlzxfpn7,Painting Fire Pipes,cmq28pqo80e6q2opcakf6tsoq,cmq27k2ym07fj2opc9e0m922v,false,2026-06-06T10:58:39.879,,,
cmq28pqof0ebj2opcawk6b23t,Ceiling work,cmq28pqo80e6q2opcakf6tsoq,cm39yc7n800g92q8zpnzg0m6z,false,2026-06-06T10:58:39.879,,,
cmq28pqof0ebw2opc9qzyva0x,Granite work,cmq28pqo80e6q2opcakf6tsoq,cm39yc7n800g92q8zpnzg0m6z,false,2026-06-06T10:58:39.879,,,
cmq28pqog0ecc2opchg2bgw6h,Fire Pipe Shaft Work,cmq28pqo80e6q2opcakf6tsoq,cmq27k2ym07fj2opc9e0m922v,false,2026-06-06T10:58:39.879,,,
cmq28pqog0ecy2opcuh8p7vyc,Tile work,cmq28pqo80e6q2opcakf6tsoq,cm39yc7n800g92q8zpnzg0m6z,false,2026-06-06T10:58:39.879,,,
cmq28pqog0ed82opc7ugqdu9n,Washroom Work,cmq28pqo80e6q2opcakf6tsoq,cm39yc7n800g92q8zpnzg0m6z,false,2026-06-06T10:58:39.879,,,
cmq28pqog0edl2opcw6yuh25v,Servant toilet work,cmq28pqo80e6q2opcakf6tsoq,cm39yc7n800g92q8zpnzg0m6z,false,2026-06-06T10:58:39.879,,,
cmq28pqoh0edv2opc6c4yp2zz,Handover stage,cmq28pqo80e6q2opcakf6tsoq,cmq27k2ym07fj2opc9e0m922v,false,2026-06-06T10:58:39.879,,,
cmq28pqoh0ee52opc9bo9cpkq,fixing,cmq28pqo80e6q2opcakf6tsoq,cmq27k2ym07fj2opc9e0m922v,false,2026-06-06T10:58:39.879,,,
cmq28pqoh0eei2opcza2okkzm,Plumbing Work,cmq28pqo80e6q2opcakf6tsoq,cmq27k2ym07fj2opc9e0m922v,false,2026-06-06T10:58:39.879,,,
cmq28pqoh0eey2opc24bq8se7,Clamping Fixing Work,cmq28pqo80e6q2opcakf6tsoq,cmq27k2ym07fj2opc9e0m922v,false,2026-06-06T10:58:39.879,,,
cmq28pqoh0ef52opcwxa5n5fr,Sunken Filling,cmq28pqo80e6q2opcakf6tsoq,cmq27k2ym07fj2opc9e0m922v,false,2026-06-06T10:58:39.879,,,
cmq28pqoi0efi2opcufbjmf64,ventilation work,cmq28pqo80e6q2opcakf6tsoq,cmq27k2ym07fj2opc9e0m922v,false,2026-06-06T10:58:39.879,,,
cmq28pqoi0efs2opc4b6dyzqm,Fire Hydrant installation,cmq28pqo80e6q2opcakf6tsoq,cmq27k2ym07fj2opc9e0m922v,false,2026-06-06T10:58:39.879,,,
cmq28pqro0eg22opcgii5oujq,conduiting,cmq28pqrm0eg02opcyot4be92,cmq27k2ym07fj2opc9e0m922v,false,2026-06-06T10:58:39.879,,,
cmq28pqro0egc2opcktlq1r54,Fixtures fixing work,cmq28pqrm0eg02opcyot4be92,cmq27k2ym07fj2opc9e0m922v,false,2026-06-06T10:58:39.879,,,
cmq28pqrp0egp2opc628wykro,wiring,cmq28pqrm0eg02opcyot4be92,cmq27k2ym07fj2opc9e0m922v,false,2026-06-06T10:58:39.879,,,
cmq28pqrp0eh82opcen4dpqw9,Dressing Work,cmq28pqrm0eg02opcyot4be92,cmq27k2ym07fj2opc9e0m922v,false,2026-06-06T10:58:39.879,,,
cmq28pqrp0ehi2opculwhxdr1,Civil work,cmq28pqrm0eg02opcyot4be92,cmq27k2ym07fj2opc9e0m922v,false,2026-06-06T10:58:39.879,,,
cmq28pqrp0ehp2opc22vhsbpv,Base Work,cmq28pqrm0eg02opcyot4be92,cmq27k2ym07fj2opc9e0m922v,false,2026-06-06T10:58:39.879,,,
cmq28pqrq0ehz2opcrgmfvj2u,Copper installation,cmq28pqrm0eg02opcyot4be92,cmq27k2ym07fj2opc9e0m922v,false,2026-06-06T10:58:39.879,,,
cmq28pqrq0ei62opc3taexz75,Testing work,cmq28pqrm0eg02opcyot4be92,cmq27k2ym07fj2opc9e0m922v,false,2026-06-06T10:58:39.879,,,
cmq28pqrq0eid2opc8oc6mqm1,Pipe Laying work,cmq28pqrm0eg02opcyot4be92,cmq27k2ym07fj2opc9e0m922v,false,2026-06-06T10:58:39.879,,,
cmq28pqrq0eik2opc9tipb153,Units installation work,cmq28pqrm0eg02opcyot4be92,cmq27k2ym07fj2opc9e0m922v,false,2026-06-06T10:58:39.879,,,
cmq28pqrq0eiu2opct4zh3iji,Final stage of HVAC,cmq28pqrm0eg02opcyot4be92,cmq27k2ym07fj2opc9e0m922v,false,2026-06-06T10:58:39.879,,,
cmq28pqrq0ej42opcs3fvr6bt,Piping  Testing Work,cmq28pqrm0eg02opcyot4be92,cmq27k2ym07fj2opc9e0m922v,false,2026-06-06T10:58:39.879,,,
cmq28pqrq0ejb2opcuwrlz99x,Balcony work,cmq28pqrm0eg02opcyot4be92,cm39yc7n800g92q8zpnzg0m6z,false,2026-06-06T10:58:39.879,,,
cmq28pqrr0ejr2opczfqu48bo,Wall POP,cmq28pqrm0eg02opcyot4be92,cm39yc7n800g92q8zpnzg0m6z,false,2026-06-06T10:58:39.879,,,
cmq28pqrr0ejy2opcclfy6jzk,Welding Work,cmq28pqrm0eg02opcyot4be92,cmq27k2ym07fj2opc9e0m922v,false,2026-06-06T10:58:39.879,,,
cmq28pqrr0ek52opcmz21bu9q,Threading Work,cmq28pqrm0eg02opcyot4be92,cmq27k2ym07fj2opc9e0m922v,false,2026-06-06T10:58:39.879,,,
cmq28pqrr0ekc2opcxuqktavo,Painting Fire Pipes,cmq28pqrm0eg02opcyot4be92,cmq27k2ym07fj2opc9e0m922v,false,2026-06-06T10:58:39.879,,,
cmq28pqrr0ekj2opcgo8khjuy,Fire Pipe Shaft Work,cmq28pqrm0eg02opcyot4be92,cmq27k2ym07fj2opc9e0m922v,false,2026-06-06T10:58:39.879,,,
cmq28pqrs0el52opc1dna7hv1,Leveling work,cmq28pqrm0eg02opcyot4be92,cm39yc7n800g92q8zpnzg0m6z,false,2026-06-06T10:58:39.879,,,
cmq28pqrs0elf2opcymwru2bp,Ceiling work,cmq28pqrm0eg02opcyot4be92,cm39yc7n800g92q8zpnzg0m6z,false,2026-06-06T10:58:39.879,,,
cmq28pqrs0els2opc55wq7g0z,Granite work,cmq28pqrm0eg02opcyot4be92,cm39yc7n800g92q8zpnzg0m6z,false,2026-06-06T10:58:39.879,,,
cmq28pqrt0em82opcissb45z4,Tile work,cmq28pqrm0eg02opcyot4be92,cm39yc7n800g92q8zpnzg0m6z,false,2026-06-06T10:58:39.879,,,
cmq28pqrt0emi2opc7aeh3br9,Washroom Work,cmq28pqrm0eg02opcyot4be92,cm39yc7n800g92q8zpnzg0m6z,false,2026-06-06T10:58:39.879,,,
cmq28pqrt0emv2opcvcas9jhq,Servant toilet work,cmq28pqrm0eg02opcyot4be92,cm39yc7n800g92q8zpnzg0m6z,false,2026-06-06T10:58:39.879,,,
cmq28pqrt0en52opcbh86tlk7,Handover stage,cmq28pqrm0eg02opcyot4be92,cmq27k2ym07fj2opc9e0m922v,false,2026-06-06T10:58:39.879,,,
cmq28pqrt0enf2opcg17ayv8a,Plumbing Work,cmq28pqrm0eg02opcyot4be92,cmq27k2ym07fj2opc9e0m922v,false,2026-06-06T10:58:39.879,,,
cmq28pqru0env2opchq5gz8vj,Clamping Fixing Work,cmq28pqrm0eg02opcyot4be92,cmq27k2ym07fj2opc9e0m922v,false,2026-06-06T10:58:39.879,,,
cmq28pqru0eo22opctsav2ien,Sunken Filling,cmq28pqrm0eg02opcyot4be92,cmq27k2ym07fj2opc9e0m922v,false,2026-06-06T10:58:39.879,,,
cmq28pqru0eof2opczsaaazdc,ventilation work,cmq28pqrm0eg02opcyot4be92,cmq27k2ym07fj2opc9e0m922v,false,2026-06-06T10:58:39.879,,,
cmq28pqru0eop2opc2rkvx2h5,fixing,cmq28pqrm0eg02opcyot4be92,cmq27k2ym07fj2opc9e0m922v,false,2026-06-06T10:58:39.879,,,
cmq28pqru0ep22opci4qk2io4,Fire Hydrant installation,cmq28pqrm0eg02opcyot4be92,cmq27k2ym07fj2opc9e0m922v,false,2026-06-06T10:58:39.879,,,
cmq28pqv20epc2opcder8fy10,conduiting,cmq28pqv00epa2opc5a77nudt,cmq27k2ym07fj2opc9e0m922v,false,2026-06-06T10:58:39.879,,,
cmq28pqv20epm2opclmaoic2u,Fixtures fixing work,cmq28pqv00epa2opc5a77nudt,cmq27k2ym07fj2opc9e0m922v,false,2026-06-06T10:58:39.879,,,
cmq28pqv20epz2opcfplrgapz,wiring,cmq28pqv00epa2opc5a77nudt,cmq27k2ym07fj2opc9e0m922v,false,2026-06-06T10:58:39.879,,,
cmq28pqv30eqi2opctna4skei,Dressing Work,cmq28pqv00epa2opc5a77nudt,cmq27k2ym07fj2opc9e0m922v,false,2026-06-06T10:58:39.879,,,
cmq28pqv30eqs2opci7rmji4i,Civil work,cmq28pqv00epa2opc5a77nudt,cmq27k2ym07fj2opc9e0m922v,false,2026-06-06T10:58:39.879,,,
cmq28pqv30eqz2opciy7z16wo,Base Work,cmq28pqv00epa2opc5a77nudt,cmq27k2ym07fj2opc9e0m922v,false,2026-06-06T10:58:39.879,,,
cmq28pqv30er92opci3o3p6yl,Copper installation,cmq28pqv00epa2opc5a77nudt,cmq27k2ym07fj2opc9e0m922v,false,2026-06-06T10:58:39.879,,,
cmq28pqv30erg2opczcnrfkuv,Testing work,cmq28pqv00epa2opc5a77nudt,cmq27k2ym07fj2opc9e0m922v,false,2026-06-06T10:58:39.879,,,
cmq28pqv30ern2opckatmuqpt,Pipe Laying work,cmq28pqv00epa2opc5a77nudt,cmq27k2ym07fj2opc9e0m922v,false,2026-06-06T10:58:39.879,,,
cmq28pqv30eru2opcv269lcbz,Units installation work,cmq28pqv00epa2opc5a77nudt,cmq27k2ym07fj2opc9e0m922v,false,2026-06-06T10:58:39.879,,,
cmq28pqv40es42opcv26rxbvd,Final stage of HVAC,cmq28pqv00epa2opc5a77nudt,cmq27k2ym07fj2opc9e0m922v,false,2026-06-06T10:58:39.879,,,
cmq28pqv40ese2opcb7gbdl1g,Welding Work,cmq28pqv00epa2opc5a77nudt,cmq27k2ym07fj2opc9e0m922v,false,2026-06-06T10:58:39.879,,,
cmq28pqv40esl2opcauznnsbk,Threading Work,cmq28pqv00epa2opc5a77nudt,cmq27k2ym07fj2opc9e0m922v,false,2026-06-06T10:58:39.879,,,
cmq28pqv40ess2opcsw4fjdvj,Piping  Testing Work,cmq28pqv00epa2opc5a77nudt,cmq27k2ym07fj2opc9e0m922v,false,2026-06-06T10:58:39.879,,,
cmq28pqv40esz2opcazsttc4b,Balcony work,cmq28pqv00epa2opc5a77nudt,cm39yc7n800g92q8zpnzg0m6z,false,2026-06-06T10:58:39.879,,,
cmq28pqv50etf2opccmbhugtu,Fire Pipe Shaft Work,cmq28pqv00epa2opc5a77nudt,cmq27k2ym07fj2opc9e0m922v,false,2026-06-06T10:58:39.879,,,
cmq28pqv50eu12opch7l790v8,Leveling work,cmq28pqv00epa2opc5a77nudt,cm39yc7n800g92q8zpnzg0m6z,false,2026-06-06T10:58:39.879,,,
cmq28pqv50eub2opc313az7x6,Wall POP,cmq28pqv00epa2opc5a77nudt,cm39yc7n800g92q8zpnzg0m6z,false,2026-06-06T10:58:39.879,,,
cmq28pqv50eui2opcup5mou3v,Painting Fire Pipes,cmq28pqv00epa2opc5a77nudt,cmq27k2ym07fj2opc9e0m922v,false,2026-06-06T10:58:39.879,,,
cmq28pqv50eup2opcejgfplc7,Ceiling work,cmq28pqv00epa2opc5a77nudt,cm39yc7n800g92q8zpnzg0m6z,false,2026-06-06T10:58:39.879,,,
cmq28pqv60ev22opc7u8djrb1,Granite work,cmq28pqv00epa2opc5a77nudt,cm39yc7n800g92q8zpnzg0m6z,false,2026-06-06T10:58:39.879,,,
cmq28pqv60evi2opcvz2vw1ry,Tile work,cmq28pqv00epa2opc5a77nudt,cm39yc7n800g92q8zpnzg0m6z,false,2026-06-06T10:58:39.879,,,
cmq28pqv60evs2opcu5ead273,Washroom Work,cmq28pqv00epa2opc5a77nudt,cm39yc7n800g92q8zpnzg0m6z,false,2026-06-06T10:58:39.879,,,
cmq28pqv60ew52opcahoqiikx,Servant toilet work,cmq28pqv00epa2opc5a77nudt,cm39yc7n800g92q8zpnzg0m6z,false,2026-06-06T10:58:39.879,,,
cmq28pqv60ewf2opchi3li0nt,Handover stage,cmq28pqv00epa2opc5a77nudt,cmq27k2ym07fj2opc9e0m922v,false,2026-06-06T10:58:39.879,,,
cmq28pqv70ewp2opcmmg1jsjm,Plumbing Work,cmq28pqv00epa2opc5a77nudt,cmq27k2ym07fj2opc9e0m922v,false,2026-06-06T10:58:39.879,,,
cmq28pqv70ex52opcn4i0u7my,Clamping Fixing Work,cmq28pqv00epa2opc5a77nudt,cmq27k2ym07fj2opc9e0m922v,false,2026-06-06T10:58:39.879,,,
cmq28pqv70exc2opc6npdfm53,Sunken Filling,cmq28pqv00epa2opc5a77nudt,cmq27k2ym07fj2opc9e0m922v,false,2026-06-06T10:58:39.879,,,
cmq28pqv70exp2opc0mt4do2c,ventilation work,cmq28pqv00epa2opc5a77nudt,cmq27k2ym07fj2opc9e0m922v,false,2026-06-06T10:58:39.879,,,
cmq28pqv80exz2opcowom90t4,fixing,cmq28pqv00epa2opc5a77nudt,cmq27k2ym07fj2opc9e0m922v,false,2026-06-06T10:58:39.879,,,
cmq28pqv80eyc2opcqhd5c4ul,Fire Hydrant installation,cmq28pqv00epa2opc5a77nudt,cmq27k2ym07fj2opc9e0m922v,false,2026-06-06T10:58:39.879,,,
cmq4y10co0u0g2opcjlzpqh33,Leveling work,cmq4y10cn0u0e2opcxjo8fkw3,cm39yc7n800g92q8zpnzg0m6z,false,2026-06-08T08:22:49.472,,,
cmq4y10cp0u0n2opc1qpsrkah,Ceiling work,cmq4y10cn0u0e2opcxjo8fkw3,cm39yc7n800g92q8zpnzg0m6z,false,2026-06-08T08:22:49.472,,,
cmq4y10cp0u192opcem71cltf,Tile work,cmq4y10cn0u0e2opcxjo8fkw3,cm39yc7n800g92q8zpnzg0m6z,false,2026-06-08T08:22:49.472,,,
cmq4y10cq0u1m2opckma7c59l,wooden work,cmq4y10cn0u0e2opcxjo8fkw3,cm39yc7n800g92q8zpnzg0m6z,false,2026-06-08T08:22:49.472,,,
cmq4y10cq0u1t2opc3kolth98,Granite work,cmq4y10cn0u0e2opcxjo8fkw3,cm39yc7n800g92q8zpnzg0m6z,false,2026-06-08T08:22:49.472,,,
cmq4y10cq0u202opcjitdujz8,Paint work,cmq4y10cn0u0e2opcxjo8fkw3,cm39yc7n800g92q8zpnzg0m6z,false,2026-06-08T08:22:49.472,,,
cmq4y10cq0u2d2opc9t5a28m4,Door work,cmq4y10cn0u0e2opcxjo8fkw3,cm39yc7n800g92q8zpnzg0m6z,false,2026-06-08T08:22:49.472,,,
cmq4y10cq0u2n2opc95jrypcq,Conduit & Box Installation,cmq4y10cn0u0e2opcxjo8fkw3,cmq27k2ym07fj2opc9e0m922v,false,2026-06-08T08:22:49.472,,,
cmq4y10cq0u302opc3m9s2iio,Fixtures & Device Installation,cmq4y10cn0u0e2opcxjo8fkw3,cmq27k2ym07fj2opc9e0m922v,false,2026-06-08T08:22:49.472,,,
cmq4y10cr0u3a2opc6zza6eka,DB Works,cmq4y10cn0u0e2opcxjo8fkw3,cmq27k2ym07fj2opc9e0m922v,false,2026-06-08T08:22:49.472,,,
cmq4y10cr0u3n2opcvcdgk1vz,Testing & Commissioning,cmq4y10cn0u0e2opcxjo8fkw3,cmq27k2ym07fj2opc9e0m922v,false,2026-06-08T08:22:49.472,,,
cmq4y10cr0u3u2opc8zymi7t8,Pre-Execution & Planning,cmq4y10cn0u0e2opcxjo8fkw3,cmq27k2ym07fj2opc9e0m922v,false,2026-06-08T08:22:49.472,,,
cmq4y10cr0u442opcei0j49oj,Civil Interface & Preparatory Works,cmq4y10cn0u0e2opcxjo8fkw3,cmq27k2ym07fj2opc9e0m922v,false,2026-06-08T08:22:49.472,,,
cmq4y10cr0u4k2opc3suzgfry,Refrigerant Piping Works,cmq4y10cn0u0e2opcxjo8fkw3,cmq27k2ym07fj2opc9e0m922v,false,2026-06-08T08:22:49.472,,,
cmq4y10cs0u4x2opc0v6wfxuz,Ducting Works,cmq4y10cn0u0e2opcxjo8fkw3,cmq27k2ym07fj2opc9e0m922v,false,2026-06-08T08:22:49.472,,,
cmq4y10cs0u5j2opcycktmg0x,Equipment & Accessories Installation,cmq4y10cn0u0e2opcxjo8fkw3,cmq27k2ym07fj2opc9e0m922v,false,2026-06-08T08:22:49.472,,,
cmq4y10cs0u5z2opcvk40eq5g,"Testing, Handover & Closeou",cmq4y10cn0u0e2opcxjo8fkw3,cmq27k2ym07fj2opc9e0m922v,false,2026-06-08T08:22:49.472,,,
cmq4y10cs0u662opcrkzmbarm,Civil Preparation,cmq4y10cn0u0e2opcxjo8fkw3,cmq27k2ym07fj2opc9e0m922v,false,2026-06-08T08:22:49.472,,,
cmq4y10ct0u6g2opcrrfzd4bi,Plumbing Installation,cmq4y10cn0u0e2opcxjo8fkw3,cmq27k2ym07fj2opc9e0m922v,false,2026-06-08T08:22:49.472,,,
cmq4y10ct0u6n2opcgotot7tv,Testing & Quality Check,cmq4y10cn0u0e2opcxjo8fkw3,cmq27k2ym07fj2opc9e0m922v,false,2026-06-08T08:22:49.472,,,
cmq4y10ct0u6x2opcevspbd0k,Cable Pulling & Wiring,cmq4y10cn0u0e2opcxjo8fkw3,cmq27k2ym07fj2opc9e0m922v,false,2026-06-08T08:22:49.472,,,
cmq4y10ft0u812opc6uwcsoni,Leveling work,cmq4y10fs0u7z2opccm95wlj8,cm39yc7n800g92q8zpnzg0m6z,false,2026-06-08T08:22:49.472,,,
cmq4y10fu0u882opc5ykxjo6s,Ceiling work,cmq4y10fs0u7z2opccm95wlj8,cm39yc7n800g92q8zpnzg0m6z,false,2026-06-08T08:22:49.472,,,
cmq4y10fu0u8u2opc2r741upt,Tile work,cmq4y10fs0u7z2opccm95wlj8,cm39yc7n800g92q8zpnzg0m6z,false,2026-06-08T08:22:49.472,,,
cmq4y10fu0u972opc4ba79hw5,wooden work,cmq4y10fs0u7z2opccm95wlj8,cm39yc7n800g92q8zpnzg0m6z,false,2026-06-08T08:22:49.472,,,
cmq4y10fu0u9e2opcml6clih4,Granite work,cmq4y10fs0u7z2opccm95wlj8,cm39yc7n800g92q8zpnzg0m6z,false,2026-06-08T08:22:49.472,,,
cmq4y10fu0u9l2opc4j4m8ewb,Paint work,cmq4y10fs0u7z2opccm95wlj8,cm39yc7n800g92q8zpnzg0m6z,false,2026-06-08T08:22:49.472,,,
cmq4y10fv0u9y2opcxkrkd4yp,Door work,cmq4y10fs0u7z2opccm95wlj8,cm39yc7n800g92q8zpnzg0m6z,false,2026-06-08T08:22:49.472,,,
cmq4y10fv0ua82opcy0ekwktx,Conduit & Box Installation,cmq4y10fs0u7z2opccm95wlj8,cmq27k2ym07fj2opc9e0m922v,false,2026-06-08T08:22:49.472,,,
cmq4y10fv0ual2opcha3v7imf,Fixtures & Device Installation,cmq4y10fs0u7z2opccm95wlj8,cmq27k2ym07fj2opc9e0m922v,false,2026-06-08T08:22:49.472,,,
cmq4y10fv0uav2opcagn0i80w,DB Works,cmq4y10fs0u7z2opccm95wlj8,cmq27k2ym07fj2opc9e0m922v,false,2026-06-08T08:22:49.472,,,
cmq4y10fw0ub82opcozsq1306,Testing & Commissioning,cmq4y10fs0u7z2opccm95wlj8,cmq27k2ym07fj2opc9e0m922v,false,2026-06-08T08:22:49.472,,,
cmq4y10fw0ubf2opc55fl2eb8,Pre-Execution & Planning,cmq4y10fs0u7z2opccm95wlj8,cmq27k2ym07fj2opc9e0m922v,false,2026-06-08T08:22:49.472,,,
cmq4y10fw0ubp2opcb55p4hq0,Civil Interface & Preparatory Works,cmq4y10fs0u7z2opccm95wlj8,cmq27k2ym07fj2opc9e0m922v,false,2026-06-08T08:22:49.472,,,
cmq4y10fw0uc52opcnfbwv21c,Refrigerant Piping Works,cmq4y10fs0u7z2opccm95wlj8,cmq27k2ym07fj2opc9e0m922v,false,2026-06-08T08:22:49.472,,,
cmq4y10fw0uci2opc2jv9gzie,Ducting Works,cmq4y10fs0u7z2opccm95wlj8,cmq27k2ym07fj2opc9e0m922v,false,2026-06-08T08:22:49.472,,,
cmq4y10fx0ud42opc7l5vm0nr,Equipment & Accessories Installation,cmq4y10fs0u7z2opccm95wlj8,cmq27k2ym07fj2opc9e0m922v,false,2026-06-08T08:22:49.472,,,
cmq4y10fx0udk2opc13mae98d,"Testing, Handover & Closeou",cmq4y10fs0u7z2opccm95wlj8,cmq27k2ym07fj2opc9e0m922v,false,2026-06-08T08:22:49.472,,,
cmq4y10fx0udr2opcaqhd4l2k,Civil Preparation,cmq4y10fs0u7z2opccm95wlj8,cmq27k2ym07fj2opc9e0m922v,false,2026-06-08T08:22:49.472,,,
cmq4y10fy0ue12opc7xgeg6on,Plumbing Installation,cmq4y10fs0u7z2opccm95wlj8,cmq27k2ym07fj2opc9e0m922v,false,2026-06-08T08:22:49.472,,,
cmq4y10fy0ue82opchy2e7qz2,Testing & Quality Check,cmq4y10fs0u7z2opccm95wlj8,cmq27k2ym07fj2opc9e0m922v,false,2026-06-08T08:22:49.472,,,
cmq4y10fy0uei2opcyqrpn3po,Cable Pulling & Wiring,cmq4y10fs0u7z2opccm95wlj8,cmq27k2ym07fj2opc9e0m922v,false,2026-06-08T08:22:49.472,,,
cmq4y10m40un72opc4p4zcnmw,Leveling work,cmq4y10m20un52opcd74kbgun,cm39yc7n800g92q8zpnzg0m6z,false,2026-06-08T08:22:49.472,,,
cmq4y10m40une2opc2yur032b,Ceiling work,cmq4y10m20un52opcd74kbgun,cm39yc7n800g92q8zpnzg0m6z,false,2026-06-08T08:22:49.472,,,
cmq4y10m50uo02opck49synd0,Tile work,cmq4y10m20un52opcd74kbgun,cm39yc7n800g92q8zpnzg0m6z,false,2026-06-08T08:22:49.472,,,
cmq4y10m50uod2opc70p0t8qz,wooden work,cmq4y10m20un52opcd74kbgun,cm39yc7n800g92q8zpnzg0m6z,false,2026-06-08T08:22:49.472,,,
cmq4y10m50uok2opciy7j3ci8,Granite work,cmq4y10m20un52opcd74kbgun,cm39yc7n800g92q8zpnzg0m6z,false,2026-06-08T08:22:49.472,,,
cmq4y10m50uor2opc81fh4324,Paint work,cmq4y10m20un52opcd74kbgun,cm39yc7n800g92q8zpnzg0m6z,false,2026-06-08T08:22:49.472,,,
cmq4y10m60up42opc7yvxsu3f,Door work,cmq4y10m20un52opcd74kbgun,cm39yc7n800g92q8zpnzg0m6z,false,2026-06-08T08:22:49.472,,,
cmq4y10m60upe2opckoq88f6s,Conduit & Box Installation,cmq4y10m20un52opcd74kbgun,cmq27k2ym07fj2opc9e0m922v,false,2026-06-08T08:22:49.472,,,
cmq4y10m60upr2opc71afx7sx,Fixtures & Device Installation,cmq4y10m20un52opcd74kbgun,cmq27k2ym07fj2opc9e0m922v,false,2026-06-08T08:22:49.472,,,
cmq4y10m60uq12opctxdjaywz,DB Works,cmq4y10m20un52opcd74kbgun,cmq27k2ym07fj2opc9e0m922v,false,2026-06-08T08:22:49.472,,,
cmq4y10m70uqe2opclkx2a6gd,Testing & Commissioning,cmq4y10m20un52opcd74kbgun,cmq27k2ym07fj2opc9e0m922v,false,2026-06-08T08:22:49.472,,,
cmq4y10m70uql2opcged96nmy,Pre-Execution & Planning,cmq4y10m20un52opcd74kbgun,cmq27k2ym07fj2opc9e0m922v,false,2026-06-08T08:22:49.472,,,
cmq4y10m70uqv2opc7w8t6npq,Civil Interface & Preparatory Works,cmq4y10m20un52opcd74kbgun,cmq27k2ym07fj2opc9e0m922v,false,2026-06-08T08:22:49.472,,,
cmq4y10m70urb2opc28r6d38o,Refrigerant Piping Works,cmq4y10m20un52opcd74kbgun,cmq27k2ym07fj2opc9e0m922v,false,2026-06-08T08:22:49.472,,,
cmq4y10m70uro2opc7c25fxju,Ducting Works,cmq4y10m20un52opcd74kbgun,cmq27k2ym07fj2opc9e0m922v,false,2026-06-08T08:22:49.472,,,
cmq4y10m80usa2opcq3zxvoub,Equipment & Accessories Installation,cmq4y10m20un52opcd74kbgun,cmq27k2ym07fj2opc9e0m922v,false,2026-06-08T08:22:49.472,,,
cmq4y10m80usq2opccn590me7,"Testing, Handover & Closeou",cmq4y10m20un52opcd74kbgun,cmq27k2ym07fj2opc9e0m922v,false,2026-06-08T08:22:49.472,,,
cmq4y10m80usx2opcperkq377,Civil Preparation,cmq4y10m20un52opcd74kbgun,cmq27k2ym07fj2opc9e0m922v,false,2026-06-08T08:22:49.472,,,
cmq4y10m80ut72opchlkt6gex,Plumbing Installation,cmq4y10m20un52opcd74kbgun,cmq27k2ym07fj2opc9e0m922v,false,2026-06-08T08:22:49.472,,,
cmq4y10m90ute2opcyr3epf6d,Testing & Quality Check,cmq4y10m20un52opcd74kbgun,cmq27k2ym07fj2opc9e0m922v,false,2026-06-08T08:22:49.472,,,
cmq4y10m90uto2opci9fjxjde,Cable Pulling & Wiring,cmq4y10m20un52opcd74kbgun,cmq27k2ym07fj2opc9e0m922v,false,2026-06-08T08:22:49.472,,,
cmq4y10pa0uus2opchvqdut6c,Leveling work,cmq4y10p80uuq2opc3em6v5xg,cm39yc7n800g92q8zpnzg0m6z,false,2026-06-08T08:22:49.472,,,
cmq4y10pa0uuz2opck2q04nfi,Ceiling work,cmq4y10p80uuq2opc3em6v5xg,cm39yc7n800g92q8zpnzg0m6z,false,2026-06-08T08:22:49.472,,,
cmq4y10pb0uvl2opcpuowgwqg,Tile work,cmq4y10p80uuq2opc3em6v5xg,cm39yc7n800g92q8zpnzg0m6z,false,2026-06-08T08:22:49.472,,,
cmq4y10pb0uvy2opcfqt9ekx7,wooden work,cmq4y10p80uuq2opc3em6v5xg,cm39yc7n800g92q8zpnzg0m6z,false,2026-06-08T08:22:49.472,,,
cmq4y10pb0uw52opc9w4cujyz,Granite work,cmq4y10p80uuq2opc3em6v5xg,cm39yc7n800g92q8zpnzg0m6z,false,2026-06-08T08:22:49.472,,,
cmq4y10pb0uwc2opcn71ii6qk,Paint work,cmq4y10p80uuq2opc3em6v5xg,cm39yc7n800g92q8zpnzg0m6z,false,2026-06-08T08:22:49.472,,,
cmq4y10pb0uwp2opcfbl8z5cd,Door work,cmq4y10p80uuq2opc3em6v5xg,cm39yc7n800g92q8zpnzg0m6z,false,2026-06-08T08:22:49.472,,,
cmq4y10pc0uwz2opcmsuh89qz,Conduit & Box Installation,cmq4y10p80uuq2opc3em6v5xg,cmq27k2ym07fj2opc9e0m922v,false,2026-06-08T08:22:49.472,,,
cmq4y10pc0uxc2opcvskeo62s,Fixtures & Device Installation,cmq4y10p80uuq2opc3em6v5xg,cmq27k2ym07fj2opc9e0m922v,false,2026-06-08T08:22:49.472,,,
cmq4y10pc0uxm2opclov1tgck,DB Works,cmq4y10p80uuq2opc3em6v5xg,cmq27k2ym07fj2opc9e0m922v,false,2026-06-08T08:22:49.472,,,
cmq4y10pc0uxz2opc5o1qxvd3,Testing & Commissioning,cmq4y10p80uuq2opc3em6v5xg,cmq27k2ym07fj2opc9e0m922v,false,2026-06-08T08:22:49.472,,,
cmq4y10pc0uy62opcw3vb1fbq,Pre-Execution & Planning,cmq4y10p80uuq2opc3em6v5xg,cmq27k2ym07fj2opc9e0m922v,false,2026-06-08T08:22:49.472,,,
cmq4y10pc0uyg2opc5wtl217j,Civil Interface & Preparatory Works,cmq4y10p80uuq2opc3em6v5xg,cmq27k2ym07fj2opc9e0m922v,false,2026-06-08T08:22:49.472,,,
cmq4y10pd0uyw2opczs11dus6,Refrigerant Piping Works,cmq4y10p80uuq2opc3em6v5xg,cmq27k2ym07fj2opc9e0m922v,false,2026-06-08T08:22:49.472,,,
cmq4y10pd0uz92opc5agf49gf,Ducting Works,cmq4y10p80uuq2opc3em6v5xg,cmq27k2ym07fj2opc9e0m922v,false,2026-06-08T08:22:49.472,,,
cmq4y10pd0uzv2opchh0x6fmh,Equipment & Accessories Installation,cmq4y10p80uuq2opc3em6v5xg,cmq27k2ym07fj2opc9e0m922v,false,2026-06-08T08:22:49.472,,,
cmq4y10pe0v0b2opcmqzt5chc,"Testing, Handover & Closeou",cmq4y10p80uuq2opc3em6v5xg,cmq27k2ym07fj2opc9e0m922v,false,2026-06-08T08:22:49.472,,,
cmq4y10pe0v0i2opck34jvo2p,Civil Preparation,cmq4y10p80uuq2opc3em6v5xg,cmq27k2ym07fj2opc9e0m922v,false,2026-06-08T08:22:49.472,,,
cmq4y10pe0v0s2opcqm213d8a,Plumbing Installation,cmq4y10p80uuq2opc3em6v5xg,cmq27k2ym07fj2opc9e0m922v,false,2026-06-08T08:22:49.472,,,
cmq4y10pe0v0z2opc4vrag8h1,Testing & Quality Check,cmq4y10p80uuq2opc3em6v5xg,cmq27k2ym07fj2opc9e0m922v,false,2026-06-08T08:22:49.472,,,
cmq4y10pe0v192opcd71upqv5,Cable Pulling & Wiring,cmq4y10p80uuq2opc3em6v5xg,cmq27k2ym07fj2opc9e0m922v,false,2026-06-08T08:22:49.472,,,
cmq4y10sj0v2d2opcfwcl3ymi,Leveling work,cmq4y10si0v2b2opc9t38ugbr,cm39yc7n800g92q8zpnzg0m6z,false,2026-06-08T08:22:49.472,,,
cmq4y10sk0v2k2opcry424xsu,Ceiling work,cmq4y10si0v2b2opc9t38ugbr,cm39yc7n800g92q8zpnzg0m6z,false,2026-06-08T08:22:49.472,,,
cmq4y10sk0v362opc57luk4g0,Tile work,cmq4y10si0v2b2opc9t38ugbr,cm39yc7n800g92q8zpnzg0m6z,false,2026-06-08T08:22:49.472,,,
cmq4y10sk0v3j2opc6rysd1mc,wooden work,cmq4y10si0v2b2opc9t38ugbr,cm39yc7n800g92q8zpnzg0m6z,false,2026-06-08T08:22:49.472,,,
cmq4y10sl0v3q2opc1sb9y9fs,Granite work,cmq4y10si0v2b2opc9t38ugbr,cm39yc7n800g92q8zpnzg0m6z,false,2026-06-08T08:22:49.472,,,
cmq4y10sl0v3x2opcnmkuh31s,Paint work,cmq4y10si0v2b2opc9t38ugbr,cm39yc7n800g92q8zpnzg0m6z,false,2026-06-08T08:22:49.472,,,
cmq4y10sl0v4a2opcp463xz0a,Door work,cmq4y10si0v2b2opc9t38ugbr,cm39yc7n800g92q8zpnzg0m6z,false,2026-06-08T08:22:49.472,,,
cmq4y10sl0v4k2opcetnf16hh,Conduit & Box Installation,cmq4y10si0v2b2opc9t38ugbr,cmq27k2ym07fj2opc9e0m922v,false,2026-06-08T08:22:49.472,,,
cmq4y10sl0v4x2opceqjcq463,Fixtures & Device Installation,cmq4y10si0v2b2opc9t38ugbr,cmq27k2ym07fj2opc9e0m922v,false,2026-06-08T08:22:49.472,,,
cmq4y10sl0v572opcam7osmyx,DB Works,cmq4y10si0v2b2opc9t38ugbr,cmq27k2ym07fj2opc9e0m922v,false,2026-06-08T08:22:49.472,,,
cmq4y10sm0v5k2opc6pajtkxx,Testing & Commissioning,cmq4y10si0v2b2opc9t38ugbr,cmq27k2ym07fj2opc9e0m922v,false,2026-06-08T08:22:49.472,,,
cmq4y10sm0v5r2opcdgdlpoa0,Pre-Execution & Planning,cmq4y10si0v2b2opc9t38ugbr,cmq27k2ym07fj2opc9e0m922v,false,2026-06-08T08:22:49.472,,,
cmq4y10sm0v612opcusan1k6y,Civil Interface & Preparatory Works,cmq4y10si0v2b2opc9t38ugbr,cmq27k2ym07fj2opc9e0m922v,false,2026-06-08T08:22:49.472,,,
cmq4y10sm0v6h2opcco408zgj,Refrigerant Piping Works,cmq4y10si0v2b2opc9t38ugbr,cmq27k2ym07fj2opc9e0m922v,false,2026-06-08T08:22:49.472,,,
cmq4y10sn0v6u2opc3o8xtt59,Ducting Works,cmq4y10si0v2b2opc9t38ugbr,cmq27k2ym07fj2opc9e0m922v,false,2026-06-08T08:22:49.472,,,
cmq4y10sn0v7g2opchwfoer2l,Equipment & Accessories Installation,cmq4y10si0v2b2opc9t38ugbr,cmq27k2ym07fj2opc9e0m922v,false,2026-06-08T08:22:49.472,,,
cmq4y10sn0v7w2opc8jz02osd,"Testing, Handover & Closeou",cmq4y10si0v2b2opc9t38ugbr,cmq27k2ym07fj2opc9e0m922v,false,2026-06-08T08:22:49.472,,,
cmq4y10sn0v832opc6h7ybkz7,Civil Preparation,cmq4y10si0v2b2opc9t38ugbr,cmq27k2ym07fj2opc9e0m922v,false,2026-06-08T08:22:49.472,,,
cmq4y10sn0v8d2opcpls0o98p,Plumbing Installation,cmq4y10si0v2b2opc9t38ugbr,cmq27k2ym07fj2opc9e0m922v,false,2026-06-08T08:22:49.472,,,
cmq4y10so0v8k2opcago20lvn,Testing & Quality Check,cmq4y10si0v2b2opc9t38ugbr,cmq27k2ym07fj2opc9e0m922v,false,2026-06-08T08:22:49.472,,,
cmq4y10so0v8u2opcwhlmwj73,Cable Pulling & Wiring,cmq4y10si0v2b2opc9t38ugbr,cmq27k2ym07fj2opc9e0m922v,false,2026-06-08T08:22:49.472,,,
cmq4y10vq0v9y2opc5eebxa99,Leveling work,cmq4y10vo0v9w2opc7rirm6yk,cm39yc7n800g92q8zpnzg0m6z,false,2026-06-08T08:22:49.472,,,
cmq4y10vr0va52opcy3wr64cu,Ceiling work,cmq4y10vo0v9w2opc7rirm6yk,cm39yc7n800g92q8zpnzg0m6z,false,2026-06-08T08:22:49.472,,,
cmq4y10vr0var2opcm08irsbz,Tile work,cmq4y10vo0v9w2opc7rirm6yk,cm39yc7n800g92q8zpnzg0m6z,false,2026-06-08T08:22:49.472,,,
cmq4y10vr0vb42opct3vjfnd4,wooden work,cmq4y10vo0v9w2opc7rirm6yk,cm39yc7n800g92q8zpnzg0m6z,false,2026-06-08T08:22:49.472,,,
cmq4y10vr0vbb2opcr5jpnui5,Granite work,cmq4y10vo0v9w2opc7rirm6yk,cm39yc7n800g92q8zpnzg0m6z,false,2026-06-08T08:22:49.472,,,
cmq4y10vr0vbi2opc0mjw6aoy,Paint work,cmq4y10vo0v9w2opc7rirm6yk,cm39yc7n800g92q8zpnzg0m6z,false,2026-06-08T08:22:49.472,,,
cmq4y10vs0vbv2opc9ufsi1ec,Door work,cmq4y10vo0v9w2opc7rirm6yk,cm39yc7n800g92q8zpnzg0m6z,false,2026-06-08T08:22:49.472,,,
cmq4y10vs0vc52opchunsnrkl,Conduit & Box Installation,cmq4y10vo0v9w2opc7rirm6yk,cmq27k2ym07fj2opc9e0m922v,false,2026-06-08T08:22:49.472,,,
cmq4y10vs0vci2opcjx1gz0v1,Fixtures & Device Installation,cmq4y10vo0v9w2opc7rirm6yk,cmq27k2ym07fj2opc9e0m922v,false,2026-06-08T08:22:49.472,,,
cmq4y10vs0vcs2opcnhza89w0,DB Works,cmq4y10vo0v9w2opc7rirm6yk,cmq27k2ym07fj2opc9e0m922v,false,2026-06-08T08:22:49.472,,,
cmq4y10vs0vd52opcs0xwyzgc,Testing & Commissioning,cmq4y10vo0v9w2opc7rirm6yk,cmq27k2ym07fj2opc9e0m922v,false,2026-06-08T08:22:49.472,,,
cmq4y10vt0vdc2opc2v3vlo7r,Pre-Execution & Planning,cmq4y10vo0v9w2opc7rirm6yk,cmq27k2ym07fj2opc9e0m922v,false,2026-06-08T08:22:49.472,,,
cmq4y10vt0vdm2opcsq5jaay6,Civil Interface & Preparatory Works,cmq4y10vo0v9w2opc7rirm6yk,cmq27k2ym07fj2opc9e0m922v,false,2026-06-08T08:22:49.472,,,
cmq4y10vt0ve22opcadhprr96,Refrigerant Piping Works,cmq4y10vo0v9w2opc7rirm6yk,cmq27k2ym07fj2opc9e0m922v,false,2026-06-08T08:22:49.472,,,
cmq4y10vt0vef2opc17khxvc6,Ducting Works,cmq4y10vo0v9w2opc7rirm6yk,cmq27k2ym07fj2opc9e0m922v,false,2026-06-08T08:22:49.472,,,
cmq4y10vu0vf12opcafv0x404,Equipment & Accessories Installation,cmq4y10vo0v9w2opc7rirm6yk,cmq27k2ym07fj2opc9e0m922v,false,2026-06-08T08:22:49.472,,,
cmq4y10vu0vfh2opcgl2l5aoz,"Testing, Handover & Closeou",cmq4y10vo0v9w2opc7rirm6yk,cmq27k2ym07fj2opc9e0m922v,false,2026-06-08T08:22:49.472,,,
cmq4y10vu0vfo2opchu2uz73g,Civil Preparation,cmq4y10vo0v9w2opc7rirm6yk,cmq27k2ym07fj2opc9e0m922v,false,2026-06-08T08:22:49.472,,,
cmq4y10vv0vfy2opcol9kkz9g,Plumbing Installation,cmq4y10vo0v9w2opc7rirm6yk,cmq27k2ym07fj2opc9e0m922v,false,2026-06-08T08:22:49.472,,,
cmq4y10vv0vg52opc8rbvcgko,Testing & Quality Check,cmq4y10vo0v9w2opc7rirm6yk,cmq27k2ym07fj2opc9e0m922v,false,2026-06-08T08:22:49.472,,,
cmq4y10vv0vgf2opc5thj1fy6,Cable Pulling & Wiring,cmq4y10vo0v9w2opc7rirm6yk,cmq27k2ym07fj2opc9e0m922v,false,2026-06-08T08:22:49.472,,,
cmq4y1vuw0vhl2opc6wkl32x1,Leveling work,cmq4y1vuv0vhj2opcqzm0d45o,cm39yc7n800g92q8zpnzg0m6z,false,2026-06-08T08:23:30.413,,,
cmq4y1vux0vhs2opcdhbok3kh,Ceiling work,cmq4y1vuv0vhj2opcqzm0d45o,cm39yc7n800g92q8zpnzg0m6z,false,2026-06-08T08:23:30.413,,,
cmq4y1vux0vie2opcpv94pzqk,Tile work,cmq4y1vuv0vhj2opcqzm0d45o,cm39yc7n800g92q8zpnzg0m6z,false,2026-06-08T08:23:30.413,,,
cmq4y1vux0vir2opcy8msr1na,wooden work,cmq4y1vuv0vhj2opcqzm0d45o,cm39yc7n800g92q8zpnzg0m6z,false,2026-06-08T08:23:30.413,,,
cmq4y1vuy0viy2opcjxbbtkq0,Granite work,cmq4y1vuv0vhj2opcqzm0d45o,cm39yc7n800g92q8zpnzg0m6z,false,2026-06-08T08:23:30.413,,,
cmq4y1vuy0vj52opczxqffrco,Paint work,cmq4y1vuv0vhj2opcqzm0d45o,cm39yc7n800g92q8zpnzg0m6z,false,2026-06-08T08:23:30.413,,,
cmq4y1vuy0vji2opco7slus39,Door work,cmq4y1vuv0vhj2opcqzm0d45o,cm39yc7n800g92q8zpnzg0m6z,false,2026-06-08T08:23:30.413,,,
cmq4y1vuy0vjs2opc5xej2zo5,Conduit & Box Installation,cmq4y1vuv0vhj2opcqzm0d45o,cmq27k2ym07fj2opc9e0m922v,false,2026-06-08T08:23:30.413,,,
cmq4y1vuy0vk52opcu4kvmenb,Fixtures & Device Installation,cmq4y1vuv0vhj2opcqzm0d45o,cmq27k2ym07fj2opc9e0m922v,false,2026-06-08T08:23:30.413,,,
cmq4y1vuz0vkf2opce5i9lx4d,DB Works,cmq4y1vuv0vhj2opcqzm0d45o,cmq27k2ym07fj2opc9e0m922v,false,2026-06-08T08:23:30.413,,,
cmq4y1vuz0vks2opcrk27me0w,Testing & Commissioning,cmq4y1vuv0vhj2opcqzm0d45o,cmq27k2ym07fj2opc9e0m922v,false,2026-06-08T08:23:30.413,,,
cmq4y1vuz0vkz2opc6g6t30s5,Pre-Execution & Planning,cmq4y1vuv0vhj2opcqzm0d45o,cmq27k2ym07fj2opc9e0m922v,false,2026-06-08T08:23:30.413,,,
cmq4y1vuz0vl92opcuucukgfs,Civil Interface & Preparatory Works,cmq4y1vuv0vhj2opcqzm0d45o,cmq27k2ym07fj2opc9e0m922v,false,2026-06-08T08:23:30.413,,,
cmq4y1vuz0vlp2opcthwgq9h2,Refrigerant Piping Works,cmq4y1vuv0vhj2opcqzm0d45o,cmq27k2ym07fj2opc9e0m922v,false,2026-06-08T08:23:30.413,,,
cmq4y1vv00vm22opc3gat8n8p,Ducting Works,cmq4y1vuv0vhj2opcqzm0d45o,cmq27k2ym07fj2opc9e0m922v,false,2026-06-08T08:23:30.413,,,
cmq4y1vv00vmo2opcf2do803h,Equipment & Accessories Installation,cmq4y1vuv0vhj2opcqzm0d45o,cmq27k2ym07fj2opc9e0m922v,false,2026-06-08T08:23:30.413,,,
cmq4y1vv00vn42opc4kc3z9pt,"Testing, Handover & Closeou",cmq4y1vuv0vhj2opcqzm0d45o,cmq27k2ym07fj2opc9e0m922v,false,2026-06-08T08:23:30.413,,,
cmq4y1vv00vnb2opcplfp5jmw,Civil Preparation,cmq4y1vuv0vhj2opcqzm0d45o,cmq27k2ym07fj2opc9e0m922v,false,2026-06-08T08:23:30.413,,,
cmq4y1vv10vnl2opcnlld6xb2,Plumbing Installation,cmq4y1vuv0vhj2opcqzm0d45o,cmq27k2ym07fj2opc9e0m922v,false,2026-06-08T08:23:30.413,,,
cmq4y1vv10vns2opcrsvw7j6r,Testing & Quality Check,cmq4y1vuv0vhj2opcqzm0d45o,cmq27k2ym07fj2opc9e0m922v,false,2026-06-08T08:23:30.413,,,
cmq4y1vv10vo22opceysy02bk,Cable Pulling & Wiring,cmq4y1vuv0vhj2opcqzm0d45o,cmq27k2ym07fj2opc9e0m922v,false,2026-06-08T08:23:30.413,,,
cmq4y1w9o0wji2opcy2kp33h9,Leveling work,cmq4y1w9m0wjg2opc8nfjknoz,cm39yc7n800g92q8zpnzg0m6z,false,2026-06-08T08:23:30.413,,,
cmq4y1w9o0wjp2opcqf23egyi,Ceiling work,cmq4y1w9m0wjg2opc8nfjknoz,cm39yc7n800g92q8zpnzg0m6z,false,2026-06-08T08:23:30.413,,,
cmq4y1w9p0wkb2opc14tdnqxz,Tile work,cmq4y1w9m0wjg2opc8nfjknoz,cm39yc7n800g92q8zpnzg0m6z,false,2026-06-08T08:23:30.413,,,
cmq4y1w9p0wko2opc2kyy58r1,wooden work,cmq4y1w9m0wjg2opc8nfjknoz,cm39yc7n800g92q8zpnzg0m6z,false,2026-06-08T08:23:30.413,,,
cmq4y1w9p0wkv2opcydmd2a25,Granite work,cmq4y1w9m0wjg2opc8nfjknoz,cm39yc7n800g92q8zpnzg0m6z,false,2026-06-08T08:23:30.413,,,
cmq4y1w9p0wl22opceqw8lafv,Paint work,cmq4y1w9m0wjg2opc8nfjknoz,cm39yc7n800g92q8zpnzg0m6z,false,2026-06-08T08:23:30.413,,,
cmq4y1w9q0wlf2opcdxs7w820,Door work,cmq4y1w9m0wjg2opc8nfjknoz,cm39yc7n800g92q8zpnzg0m6z,false,2026-06-08T08:23:30.413,,,
cmq4y1w9q0wlp2opc0dzl8ao3,Conduit & Box Installation,cmq4y1w9m0wjg2opc8nfjknoz,cmq27k2ym07fj2opc9e0m922v,false,2026-06-08T08:23:30.413,,,
cmq4y1w9q0wm22opc7i702mfk,Fixtures & Device Installation,cmq4y1w9m0wjg2opc8nfjknoz,cmq27k2ym07fj2opc9e0m922v,false,2026-06-08T08:23:30.413,,,
cmq4y1w9q0wmc2opcb9buqv4b,DB Works,cmq4y1w9m0wjg2opc8nfjknoz,cmq27k2ym07fj2opc9e0m922v,false,2026-06-08T08:23:30.413,,,
cmq4y1w9q0wmp2opcawhzw2ze,Testing & Commissioning,cmq4y1w9m0wjg2opc8nfjknoz,cmq27k2ym07fj2opc9e0m922v,false,2026-06-08T08:23:30.413,,,
cmq4y1w9r0wmw2opciezygvb4,Pre-Execution & Planning,cmq4y1w9m0wjg2opc8nfjknoz,cmq27k2ym07fj2opc9e0m922v,false,2026-06-08T08:23:30.413,,,
cmq4y1w9r0wn62opc2tdcn4ag,Civil Interface & Preparatory Works,cmq4y1w9m0wjg2opc8nfjknoz,cmq27k2ym07fj2opc9e0m922v,false,2026-06-08T08:23:30.413,,,
cmq4y1w9r0wnm2opcpjdxqfvh,Refrigerant Piping Works,cmq4y1w9m0wjg2opc8nfjknoz,cmq27k2ym07fj2opc9e0m922v,false,2026-06-08T08:23:30.413,,,
cmq4y1w9r0wnz2opcjvq58we1,Ducting Works,cmq4y1w9m0wjg2opc8nfjknoz,cmq27k2ym07fj2opc9e0m922v,false,2026-06-08T08:23:30.413,,,
cmq4y1w9s0wol2opc5021jirx,Equipment & Accessories Installation,cmq4y1w9m0wjg2opc8nfjknoz,cmq27k2ym07fj2opc9e0m922v,false,2026-06-08T08:23:30.413,,,
cmq4y1w9s0wp12opcjxxfsz9p,"Testing, Handover & Closeou",cmq4y1w9m0wjg2opc8nfjknoz,cmq27k2ym07fj2opc9e0m922v,false,2026-06-08T08:23:30.413,,,
cmq4y1w9s0wp82opcw755kywe,Civil Preparation,cmq4y1w9m0wjg2opc8nfjknoz,cmq27k2ym07fj2opc9e0m922v,false,2026-06-08T08:23:30.413,,,
cmq4y1w9s0wpi2opcycsx7zpx,Plumbing Installation,cmq4y1w9m0wjg2opc8nfjknoz,cmq27k2ym07fj2opc9e0m922v,false,2026-06-08T08:23:30.413,,,
cmq4y1w9s0wpp2opcjti5p1gq,Testing & Quality Check,cmq4y1w9m0wjg2opc8nfjknoz,cmq27k2ym07fj2opc9e0m922v,false,2026-06-08T08:23:30.413,,,
cmq4y1w9t0wpz2opcg10g74lk,Cable Pulling & Wiring,cmq4y1w9m0wjg2opc8nfjknoz,cmq27k2ym07fj2opc9e0m922v,false,2026-06-08T08:23:30.413,,,
cmnolqnw102a3rc90blwfchnc,Wall Conduiting,cmn8v8ooc048ne61ey19hgde5,cmq27k2ym07fj2opc9e0m922v,true,2026-04-07T12:35:08.01,2026-05-14T11:29:15.466,,2026-05-06T06:30:00
cmnoltb8n02b6rc9082tt1fx9,Wall Conduiting,cmn8v8ovp04f5e61eki7gydcq,cmq27k2ym07fj2opc9e0m922v,true,2026-04-07T12:37:11.585,2026-05-16T06:40:53.985,2026-05-15T06:30:00,2026-05-16T06:30:00
cmnolu8hv02bprc90y787bcl8,Wall Conduiting,cmn8v8ovt04ide61e2htuglnf,cmq27k2ym07fj2opc9e0m922v,false,2026-04-07T12:37:54.686,,,
cmnolp11c029jrc90ln60o7hn,Wall Conduiting,cmn8v8irc045be61e0h6x6csi,cmq27k2ym07fj2opc9e0m922v,true,2026-04-07T12:33:51.739,2026-05-16T06:19:59.935,2026-05-15T06:30:00,2026-05-16T06:30:00
cmnolvclk02c5rc90n71l5k8h,Wall Conduiting,cmn8v92jy04lpe61emm4yx90s,cmq27k2ym07fj2opc9e0m922v,true,2026-04-07T12:38:46.658,2026-05-14T11:34:39.039,,2026-05-14T06:30:00
cmnolzca902e9rc9017zs117v,Wall Conduiting,cmn75z8a301a6e61efw1jan41,cmq27k2ym07fj2opc9e0m922v,true,2026-04-07T12:41:52.876,2026-05-14T11:43:13.335,,2026-05-14T06:30:00
cmnom0aac02esrc90i7illqx0,Wall Conduiting,cmn8v2ydk031me61enqtnqb3h,cmq27k2ym07fj2opc9e0m922v,true,2026-04-07T12:42:36.943,2026-05-16T07:36:31.421,2026-05-15T06:30:00,2026-05-16T06:30:00
cmnolw7sy02corc90jmqmo9s7,Wall Conduiting,cmn8v92k104oxe61e3poare16,cmq27k2ym07fj2opc9e0m922v,true,2026-04-07T12:39:27.101,2026-05-16T07:25:19.582,2026-05-15T06:30:00,2026-05-16T06:30:00
cmnolx0ys02d7rc901s89ieia,Wall Conduiting,cmn8v92qw04s7e61eapcbzid6,cmq27k2ym07fj2opc9e0m922v,true,2026-04-07T12:40:04.895,2026-05-14T11:40:55.594,,2026-05-14T06:30:00
cmnoly7kv02dqrc90s2la83io,Wall Conduiting,cmn8v92r004vfe61emc2yjfxm,cmq27k2ym07fj2opc9e0m922v,true,2026-04-07T12:41:00.121,2026-05-16T07:30:21.447,2026-05-15T06:30:00,2026-05-16T06:30:00
cmn8v8irb043ke61eh4tbc3c1,Stone Work,cmn8v8ir80423e61e82kghcs1,cm39yc7n800g92q8zpnzg0m6z,false,2026-03-27T12:16:38.848,,,
cmnoln2q6028src909gcdwyt6,Wall Conduiting,cmn8v8ir80423e61e82kghcs1,cmq27k2ym07fj2opc9e0m922v,true,2026-04-07T12:32:20.617,2026-05-14T11:31:07.583,,2026-05-14T06:30:00
cmn8v92r104vhe61es2a1antd,Fire Pipe,cmn8v92r004vfe61emc2yjfxm,cmq27k2ym07fj2opc9e0m922v,false,2026-03-27T12:17:04.507,,,2026-05-10T06:30:00
cmn8v8ovr04fse61ecudsw3ea,Ceiling Pop,cmn8v8ovp04f5e61eki7gydcq,cm39yc7n800g92q8zpnzg0m6z,false,2026-03-27T12:16:46.52,,,
cmn8v8ovq04f7e61e3cdifhuh,Fire Pipe,cmn8v8ovp04f5e61eki7gydcq,cmq27k2ym07fj2opc9e0m922v,false,2026-03-27T12:16:46.52,,,2026-05-13T06:30:00
cmn8v8ovu04ife61er5pzre7p,Fire Pipe,cmn8v8ovt04ide61e2htuglnf,cmq27k2ym07fj2opc9e0m922v,false,2026-03-27T12:16:46.52,,,2026-05-20T06:30:00
cmn8v92qy04sue61ex3mfxm0o,Ceiling Pop,cmn8v92qw04s7e61eapcbzid6,cm39yc7n800g92q8zpnzg0m6z,false,2026-03-27T12:17:04.507,,,
cmn8v92qx04s9e61emlfqii5o,Fire Pipe,cmn8v92qw04s7e61eapcbzid6,cmq27k2ym07fj2opc9e0m922v,true,2026-03-27T12:17:04.507,2026-05-14T11:40:41.203,,2026-05-14T06:30:00
cmn8v8irb043ze61e9ewc4rym,Shaft Door,cmn8v8ir80423e61e82kghcs1,cm39yc7n800g92q8zpnzg0m6z,false,2026-03-27T12:16:38.848,,,
cmn8v8ovv04jie61e1vfudigq,Fire Testing Work,cmn8v8ovt04ide61e2htuglnf,cmq27k2ym07fj2opc9e0m922v,false,2026-03-27T12:16:46.52,,,
cmn8v8ooe04aje61ecdzvj6q5,Shaft Door,cmn8v8ooc048ne61ey19hgde5,cm39yc7n800g92q8zpnzg0m6z,false,2026-03-27T12:16:46.52,,,
cmn8v8ovv04j0e61es3akjt9l,Ceiling Pop,cmn8v8ovt04ide61e2htuglnf,cm39yc7n800g92q8zpnzg0m6z,false,2026-03-27T12:16:46.52,,,
cmn8v8ovv04joe61engzwgrnm,Wall Finish,cmn8v8ovt04ide61e2htuglnf,cm39yc7n800g92q8zpnzg0m6z,false,2026-03-27T12:16:46.52,,,
cmn8v8ovv04jue61eoinllz0c,Stone Work,cmn8v8ovt04ide61e2htuglnf,cm39yc7n800g92q8zpnzg0m6z,false,2026-03-27T12:16:46.52,,,
cmn8v92k304qee61erida6m7v,Stone Work,cmn8v92k104oxe61e3poare16,cm39yc7n800g92q8zpnzg0m6z,false,2026-03-27T12:17:04.507,,,
cmn8v92k404qte61escekzgm8,Shaft Door,cmn8v92k104oxe61e3poare16,cm39yc7n800g92q8zpnzg0m6z,false,2026-03-27T12:17:04.507,,,
cmn8v8ird045de61ej1adxotp,Fire Pipe,cmn8v8irc045be61e0h6x6csi,cmq27k2ym07fj2opc9e0m922v,false,2026-03-27T12:16:38.848,,2026-05-14T06:30:00,2026-05-17T06:30:00
cmn8v8ood048pe61enu65tl6b,Fire Pipe,cmn8v8ooc048ne61ey19hgde5,cmq27k2ym07fj2opc9e0m922v,false,2026-03-27T12:16:46.52,,2026-05-14T06:30:00,2026-05-17T06:30:00
cmn8v92qy04tie61ek1uq3kor,Wall Finish,cmn8v92qw04s7e61eapcbzid6,cm39yc7n800g92q8zpnzg0m6z,false,2026-03-27T12:17:04.507,,,
cmn8v92qy04toe61eq7bif53w,Stone Work,cmn8v92qw04s7e61eapcbzid6,cm39yc7n800g92q8zpnzg0m6z,false,2026-03-27T12:17:04.507,,2026-05-02T06:30:00,2026-05-08T06:30:00
cmn8v92qz04u3e61ev9d26a79,Shaft Door,cmn8v92qw04s7e61eapcbzid6,cm39yc7n800g92q8zpnzg0m6z,false,2026-03-27T12:17:04.507,,,
cmn8v92r104w2e61esmckhzbr,Ceiling Pop,cmn8v92r004vfe61emc2yjfxm,cm39yc7n800g92q8zpnzg0m6z,false,2026-03-27T12:17:04.507,,,
cmn8v92r204wqe61eqcjwadm3,Wall Finish,cmn8v92r004vfe61emc2yjfxm,cm39yc7n800g92q8zpnzg0m6z,false,2026-03-27T12:17:04.507,,,
cmn8v92r204wwe61e73yxn79r,Stone Work,cmn8v92r004vfe61emc2yjfxm,cm39yc7n800g92q8zpnzg0m6z,false,2026-03-27T12:17:04.507,,2026-05-06T06:30:00,2026-05-10T06:30:00
cmn8v8ira042qe61emxa298k0,Ceiling Pop,cmn8v8ir80423e61e82kghcs1,cm39yc7n800g92q8zpnzg0m6z,false,2026-03-27T12:16:38.848,,,
cmn8v8ira042we61eooq0dpo0,Ceiling Framing,cmn8v8ir80423e61e82kghcs1,cm39yc7n800g92q8zpnzg0m6z,false,2026-03-27T12:16:38.848,,,
cmn8v8ira043ee61ezpr588a5,Wall Finish,cmn8v8ir80423e61e82kghcs1,cm39yc7n800g92q8zpnzg0m6z,false,2026-03-27T12:16:38.848,,,
cmn8v8ira0432e61elxxmfyxz,Wiring Work,cmn8v8ir80423e61e82kghcs1,cmq27k2ym07fj2opc9e0m922v,true,2026-03-27T12:16:38.848,2026-05-16T06:17:26.717,2026-05-15T06:30:00,2026-05-16T06:30:00
cmn8v8ira0438e61eks4mzv5x,Fire Testing Work,cmn8v8ir80423e61e82kghcs1,cmq27k2ym07fj2opc9e0m922v,false,2026-03-27T12:16:38.848,,,
cmn75z8a501aee61e1kz40gjl,Floor Conduiting,cmn75z8a301a6e61efw1jan41,cmq27k2ym07fj2opc9e0m922v,true,2026-03-26T07:42:06.938,2026-05-14T11:41:39.554,,2026-05-14T06:30:00
cmn8v8ood049ge61e09vjpg3s,Ceiling Framing,cmn8v8ooc048ne61ey19hgde5,cm39yc7n800g92q8zpnzg0m6z,false,2026-03-27T12:16:46.52,,,
cmn8v8irb0445e61ewyvj1acz,Closure,cmn8v8ir80423e61e82kghcs1,cm39yc7n800g92q8zpnzg0m6z,false,2026-03-27T12:16:38.848,,,
cmn8v8ooi04ele61ehljxd84s,Level Marking,cmn8v8oof04bve61ehs3pa4ry,cm39yc7n800g92q8zpnzg0m6z,false,2026-03-27T12:16:46.52,,,
cmn8v8irf047pe61erri12p61,Sprinklers,cmn8v8irc045be61e0h6x6csi,cmq27k2ym07fj2opc9e0m922v,false,2026-03-27T12:16:38.848,,,
cmn8v8ooi04ere61es6lr4pjf,Floor Conduiting,cmn8v8oof04bve61ehs3pa4ry,cmq27k2ym07fj2opc9e0m922v,false,2026-03-27T12:16:46.52,,2026-05-15T06:30:00,2026-05-20T06:30:00
cmn8v8irb044be61e66itk1eq,Final Paint,cmn8v8ir80423e61e82kghcs1,cm39yc7n800g92q8zpnzg0m6z,false,2026-03-27T12:16:38.848,,,
cmn8v8irb044ne61ery2fj5un,Paint,cmn8v8ir80423e61e82kghcs1,cm39yc7n800g92q8zpnzg0m6z,false,2026-03-27T12:16:38.848,,,
cmn8v8irb044te61erqf5pns5,Level Marking,cmn8v8ir80423e61e82kghcs1,cm39yc7n800g92q8zpnzg0m6z,false,2026-03-27T12:16:38.848,,,
cmn8v8irf047de61ena5bx90t,Closure,cmn8v8irc045be61e0h6x6csi,cm39yc7n800g92q8zpnzg0m6z,false,2026-03-27T12:16:38.848,,,
cmn8v8irf047je61e6xivi167,Final Paint,cmn8v8irc045be61e0h6x6csi,cm39yc7n800g92q8zpnzg0m6z,false,2026-03-27T12:16:38.848,,,
cmn8v8irf047ve61etfcqg9n2,Paint,cmn8v8irc045be61e0h6x6csi,cm39yc7n800g92q8zpnzg0m6z,false,2026-03-27T12:16:38.848,,,
cmn8v8irf0481e61eigrr46el,Level Marking,cmn8v8irc045be61e0h6x6csi,cm39yc7n800g92q8zpnzg0m6z,false,2026-03-27T12:16:38.848,,,
cmn8v8irb044he61em1o5omlz,Sprinklers,cmn8v8ir80423e61e82kghcs1,cmq27k2ym07fj2opc9e0m922v,false,2026-03-27T12:16:38.848,,,
cmn8v8ovs04h7e61e05nw8ygq,Closure,cmn8v8ovp04f5e61eki7gydcq,cm39yc7n800g92q8zpnzg0m6z,false,2026-03-27T12:16:46.52,,,
cmn8v8ovs04hde61esnfry8eh,Final Paint,cmn8v8ovp04f5e61eki7gydcq,cm39yc7n800g92q8zpnzg0m6z,false,2026-03-27T12:16:46.52,,,
cmn8v92jz04mie61eekl5iqgz,Ceiling Framing,cmn8v92jy04lpe61emm4yx90s,cm39yc7n800g92q8zpnzg0m6z,false,2026-03-27T12:17:04.507,,,
cmn8v8ovs04hpe61e8togh0c6,Paint,cmn8v8ovp04f5e61eki7gydcq,cm39yc7n800g92q8zpnzg0m6z,false,2026-03-27T12:16:46.52,,,
cmn8v92k004nre61ev6ug1uok,Closure,cmn8v92jy04lpe61emm4yx90s,cm39yc7n800g92q8zpnzg0m6z,false,2026-03-27T12:17:04.507,,,
cmn8v92k004nxe61e24fox6bj,Final Paint,cmn8v92jy04lpe61emm4yx90s,cm39yc7n800g92q8zpnzg0m6z,false,2026-03-27T12:17:04.507,,,
cmn8v8ovw04kre61eyrxth5i1,Sprinklers,cmn8v8ovt04ide61e2htuglnf,cmq27k2ym07fj2opc9e0m922v,false,2026-03-27T12:16:46.52,,,
cmn8v92k004o9e61emqvb4lcb,Paint,cmn8v92jy04lpe61emm4yx90s,cm39yc7n800g92q8zpnzg0m6z,false,2026-03-27T12:17:04.507,,,
cmn8v92k004o3e61evzwfkiel,Sprinklers,cmn8v92jy04lpe61emm4yx90s,cmq27k2ym07fj2opc9e0m922v,false,2026-03-27T12:17:04.507,,,
cmn8v8ovv04j6e61eo0spjmlw,Ceiling Framing,cmn8v8ovt04ide61e2htuglnf,cm39yc7n800g92q8zpnzg0m6z,false,2026-03-27T12:16:46.52,,,
cmn8v8ovw04kfe61e264i8sh9,Closure,cmn8v8ovt04ide61e2htuglnf,cm39yc7n800g92q8zpnzg0m6z,false,2026-03-27T12:16:46.52,,,
cmn8v8ovw04kle61eiunqgrw5,Final Paint,cmn8v8ovt04ide61e2htuglnf,cm39yc7n800g92q8zpnzg0m6z,false,2026-03-27T12:16:46.52,,,
cmn8v8ovw04kxe61ekfvqze5h,Paint,cmn8v8ovt04ide61e2htuglnf,cm39yc7n800g92q8zpnzg0m6z,false,2026-03-27T12:16:46.52,,,
cmn8v8ovw04l3e61eov1qf70q,Level Marking,cmn8v8ovt04ide61e2htuglnf,cm39yc7n800g92q8zpnzg0m6z,false,2026-03-27T12:16:46.52,,,
cmn8v92k304pqe61eyd5ffkvn,Ceiling Framing,cmn8v92k104oxe61e3poare16,cm39yc7n800g92q8zpnzg0m6z,false,2026-03-27T12:17:04.507,,,
cmn8v8ovw04l9e61epcuaz7gb,Floor Conduiting,cmn8v8ovt04ide61e2htuglnf,cmq27k2ym07fj2opc9e0m922v,false,2026-03-27T12:16:46.52,,2026-05-16T06:30:00,2026-05-20T06:30:00
cmn8v8ovs04hje61epoz7zpk3,Sprinklers,cmn8v8ovp04f5e61eki7gydcq,cmq27k2ym07fj2opc9e0m922v,false,2026-03-27T12:16:46.52,,,
cmn8v92k004ole61eahwgq0ud,Floor Conduiting,cmn8v92jy04lpe61emm4yx90s,cmq27k2ym07fj2opc9e0m922v,true,2026-03-27T12:17:04.507,2026-05-14T11:34:25.967,,2026-05-07T06:30:00
cmn8v92r204w8e61ep4mj5eao,Ceiling Framing,cmn8v92r004vfe61emc2yjfxm,cm39yc7n800g92q8zpnzg0m6z,false,2026-03-27T12:17:04.507,,,
cmn8v92qz04ule61e0d6grxic,Sprinklers,cmn8v92qw04s7e61eapcbzid6,cmq27k2ym07fj2opc9e0m922v,false,2026-03-27T12:17:04.507,,,
cmn8v92k404qze61e2jr1yjvw,Closure,cmn8v92k104oxe61e3poare16,cm39yc7n800g92q8zpnzg0m6z,false,2026-03-27T12:17:04.507,,,
cmn8v92k404r5e61e0c4vrlrt,Final Paint,cmn8v92k104oxe61e3poare16,cm39yc7n800g92q8zpnzg0m6z,false,2026-03-27T12:17:04.507,,,
cmn8v92k404rhe61efseyj17j,Paint,cmn8v92k104oxe61e3poare16,cm39yc7n800g92q8zpnzg0m6z,false,2026-03-27T12:17:04.507,,,
cmn8v92qz04v3e61eef0xlxb5,Floor Conduiting,cmn8v92qw04s7e61eapcbzid6,cmq27k2ym07fj2opc9e0m922v,true,2026-03-27T12:17:04.507,2026-05-14T11:41:33.363,,2026-05-14T06:30:00
cmn8v92k404rbe61eo25jirmp,Sprinklers,cmn8v92k104oxe61e3poare16,cmq27k2ym07fj2opc9e0m922v,false,2026-03-27T12:17:04.507,,,
cmn8v92k404rne61efb5b1jxq,Level Marking,cmn8v92k104oxe61e3poare16,cm39yc7n800g92q8zpnzg0m6z,true,2026-03-27T12:17:04.507,2026-03-27T12:25:50.91,,
cmn8v92qy04t0e61eu61e52qw,Ceiling Framing,cmn8v92qw04s7e61eapcbzid6,cm39yc7n800g92q8zpnzg0m6z,false,2026-03-27T12:17:04.507,,,
cmn8v92qz04u9e61e4rysvpsn,Closure,cmn8v92qw04s7e61eapcbzid6,cm39yc7n800g92q8zpnzg0m6z,false,2026-03-27T12:17:04.507,,,
cmn8v92qz04ufe61e7eoun2oz,Final Paint,cmn8v92qw04s7e61eapcbzid6,cm39yc7n800g92q8zpnzg0m6z,false,2026-03-27T12:17:04.507,,,
cmn8v92qz04ure61eftca8rqo,Paint,cmn8v92qw04s7e61eapcbzid6,cm39yc7n800g92q8zpnzg0m6z,false,2026-03-27T12:17:04.507,,,
cmn8v92qz04uxe61e5db75vmr,Level Marking,cmn8v92qw04s7e61eapcbzid6,cm39yc7n800g92q8zpnzg0m6z,true,2026-03-27T12:17:04.507,2026-03-27T12:26:35.159,,2026-04-15T06:30:00
cmnolmlhy028irc90xkuphb1a,Ceiling Conduiting,cmn8v8ir80423e61e82kghcs1,cmq27k2ym07fj2opc9e0m922v,true,2026-04-07T12:31:58.288,2026-05-16T06:18:18.634,2026-05-15T06:30:00,2026-05-16T06:30:00
cmnolqhzp029vrc90tl3bgi82,Ceiling Conduiting,cmn8v8ooc048ne61ey19hgde5,cmq27k2ym07fj2opc9e0m922v,true,2026-04-07T12:35:00.368,2026-05-16T06:34:57.21,2026-05-15T06:30:00,2026-05-16T06:30:00
cmnolsam202anrc90wws2hubw,Wall Conduiting,cmn8v8oof04bve61ehs3pa4ry,cmq27k2ym07fj2opc9e0m922v,false,2026-04-07T12:36:24.118,,,
cmnols5z202afrc901o0xc06g,Ceiling Conduiting,cmn8v8oof04bve61ehs3pa4ry,cmq27k2ym07fj2opc9e0m922v,true,2026-04-07T12:36:18.105,2026-05-16T08:02:08.728,2026-05-15T06:30:00,2026-05-16T06:30:00
cmn8v92k404rte61e7uzma2ir,Floor Conduiting,cmn8v92k104oxe61e3poare16,cmq27k2ym07fj2opc9e0m922v,true,2026-03-27T12:17:04.507,2026-05-16T07:21:55.399,2026-05-13T06:30:00,2026-05-16T06:30:00
cmnolz5sc02e1rc90hndnm4g4,Ceiling Conduiting,cmn75z8a301a6e61efw1jan41,cmq27k2ym07fj2opc9e0m922v,true,2026-04-07T12:41:44.455,2026-05-16T07:33:31.73,2026-05-15T06:30:00,2026-05-16T06:30:00
cmnol32f30250rc90jmy1su26,Stone Flooring Work,cmn8v8ooc048ne61ey19hgde5,cm39yc7n800g92q8zpnzg0m6z,true,2026-04-07T12:16:47.098,2026-04-27T07:57:44.946,,2026-05-06T06:30:00
cmnolt1jr02ayrc90d4q0cbxp,Ceiling Conduiting,cmn8v8ovp04f5e61eki7gydcq,cmq27k2ym07fj2opc9e0m922v,true,2026-04-07T12:36:59.026,2026-05-16T06:40:40.157,2026-05-15T06:30:00,2026-05-16T06:30:00
cmnolw3ii02cgrc90m4hen14v,Ceiling Conduiting,cmn8v92k104oxe61e3poare16,cmq27k2ym07fj2opc9e0m922v,true,2026-04-07T12:39:21.536,2026-05-16T07:24:28.232,2026-05-15T06:30:00,2026-05-16T06:30:00
cmnolu3ep02bhrc901cvwyira,Ceiling Conduiting,cmn8v8ovt04ide61e2htuglnf,cmq27k2ym07fj2opc9e0m922v,true,2026-04-07T12:37:48.091,2026-05-16T08:02:50.262,2026-05-15T06:30:00,2026-05-16T06:30:00
cmnolwwqv02czrc90pwdp84e8,Ceiling Conduiting,cmn8v92qw04s7e61eapcbzid6,cmq27k2ym07fj2opc9e0m922v,true,2026-04-07T12:39:59.425,2026-05-16T07:26:33.38,2026-05-15T06:30:00,2026-05-16T06:30:00
cmnom045r02ekrc90sillvti5,Ceiling Conduiting,cmn8v2ydk031me61enqtnqb3h,cmq27k2ym07fj2opc9e0m922v,true,2026-04-07T12:42:29.002,2026-05-16T07:36:18.972,2026-05-15T06:30:00,2026-05-16T06:30:00
cmnoly1v502dirc908rsdy24c,Ceiling Conduiting,cmn8v92r004vfe61emc2yjfxm,cmq27k2ym07fj2opc9e0m922v,true,2026-04-07T12:40:52.716,2026-05-16T07:30:35.699,2026-05-16T06:30:00,2026-05-16T06:30:00
cmnol0t54024drc90j1r2m92d,Stone Flooring Work,cmn8v8ir80423e61e82kghcs1,cm39yc7n800g92q8zpnzg0m6z,true,2026-04-07T12:15:01.757,2026-05-04T09:24:00.692,,2026-05-14T06:30:00
cmnol1nmz024orc90r7v0da78,Stone Flooring Work,cmn8v8irc045be61e0h6x6csi,cm39yc7n800g92q8zpnzg0m6z,true,2026-04-07T12:15:41.286,2026-04-27T07:57:35.496,,2026-05-07T06:30:00
cmnolv6n902bxrc902cukufpb,Ceiling Conduiting,cmn8v92jy04lpe61emm4yx90s,cmq27k2ym07fj2opc9e0m922v,true,2026-04-07T12:38:38.944,2026-05-16T07:15:27.735,2026-05-15T06:30:00,2026-05-16T06:30:00
cmn8v8ird045ye61eftawy75i,Ceiling Pop,cmn8v8irc045be61e0h6x6csi,cm39yc7n800g92q8zpnzg0m6z,false,2026-03-27T12:16:38.848,,,
cmn8v8ood049ae61edkj4dx0m,Ceiling Pop,cmn8v8ooc048ne61ey19hgde5,cm39yc7n800g92q8zpnzg0m6z,false,2026-03-27T12:16:46.52,,,
cmn8v8ooe049ye61e6t2dv5zi,Wall Finish,cmn8v8ooc048ne61ey19hgde5,cm39yc7n800g92q8zpnzg0m6z,false,2026-03-27T12:16:46.52,,,
cmn8v8ooe04a4e61eg8g4u3be,Stone Work,cmn8v8ooc048ne61ey19hgde5,cm39yc7n800g92q8zpnzg0m6z,false,2026-03-27T12:16:46.52,,,
cmn8v8ood048ye61ebvbp5430,Ac Base Work,cmn8v8ooc048ne61ey19hgde5,cmq27k2ym07fj2opc9e0m922v,true,2026-03-27T12:16:46.52,2026-05-16T06:11:50.44,2026-05-15T06:30:00,2026-05-16T06:30:00
cmn8v8ovq04fge61ey3hn0xgt,Ac Base Work,cmn8v8ovp04f5e61eki7gydcq,cmq27k2ym07fj2opc9e0m922v,false,2026-03-27T12:16:46.52,,,
cmn8v8ovu04ioe61e95nlrh5f,Ac Base Work,cmn8v8ovt04ide61e2htuglnf,cmq27k2ym07fj2opc9e0m922v,false,2026-03-27T12:16:46.52,,,
cmn8v8ovv04jce61e7ifpqtsh,Wiring Work,cmn8v8ovt04ide61e2htuglnf,cmq27k2ym07fj2opc9e0m922v,false,2026-03-27T12:16:46.52,,,
cmn8v8ird045me61ecp3rj9ch,Ac Base Work,cmn8v8irc045be61e0h6x6csi,cmq27k2ym07fj2opc9e0m922v,false,2026-03-27T12:16:38.848,,,
cmn8v8ovr04g4e61ev9fff68n,Wiring Work,cmn8v8ovp04f5e61eki7gydcq,cmq27k2ym07fj2opc9e0m922v,true,2026-03-27T12:16:46.52,2026-05-16T06:40:15.267,2026-05-16T06:30:00,2026-05-16T06:30:00
cmn8v8ooe049me61ewzkyfczb,Wiring Work,cmn8v8ooc048ne61ey19hgde5,cmq27k2ym07fj2opc9e0m922v,true,2026-03-27T12:16:46.52,2026-05-16T06:34:43.342,2026-05-15T06:30:00,2026-05-16T06:30:00
cmn8v8ovr04gae61efekco32d,Fire Testing Work,cmn8v8ovp04f5e61eki7gydcq,cmq27k2ym07fj2opc9e0m922v,false,2026-03-27T12:16:46.52,,,
cmn8v8ooe049se61e0yzw4txr,Fire Testing Work,cmn8v8ooc048ne61ey19hgde5,cmq27k2ym07fj2opc9e0m922v,false,2026-03-27T12:16:46.52,,,
cmn8v8ovr04gve61exbfypobs,Ac Grill,cmn8v8ovp04f5e61eki7gydcq,cmq27k2ym07fj2opc9e0m922v,false,2026-03-27T12:16:46.52,,,
cmn8v8ooe04ade61ed4xeckzt,Ac Grill,cmn8v8ooc048ne61ey19hgde5,cmq27k2ym07fj2opc9e0m922v,false,2026-03-27T12:16:46.52,,,
cmn8v8irb043te61eo71e29em,Ac Grill,cmn8v8ir80423e61e82kghcs1,cmq27k2ym07fj2opc9e0m922v,false,2026-03-27T12:16:38.848,,,
cmn8v8ire046me61ei29hqz5t,Wall Finish,cmn8v8irc045be61e0h6x6csi,cm39yc7n800g92q8zpnzg0m6z,false,2026-03-27T12:16:38.848,,,
cmn8v8ire046se61ey8b03zp4,Stone Work,cmn8v8irc045be61e0h6x6csi,cm39yc7n800g92q8zpnzg0m6z,false,2026-03-27T12:16:38.848,,,
cmn8v8ire0477e61espjqjyfj,Shaft Door,cmn8v8irc045be61e0h6x6csi,cm39yc7n800g92q8zpnzg0m6z,false,2026-03-27T12:16:38.848,,,
cmn8v8ovr04gge61esuckctvk,Wall Finish,cmn8v8ovp04f5e61eki7gydcq,cm39yc7n800g92q8zpnzg0m6z,false,2026-03-27T12:16:46.52,,,
cmn8v8ovr04gme61e5l7eg1u8,Stone Work,cmn8v8ovp04f5e61eki7gydcq,cm39yc7n800g92q8zpnzg0m6z,false,2026-03-27T12:16:46.52,,,
cmn8v8ovs04h1e61ec6ym8vz9,Shaft Door,cmn8v8ovp04f5e61eki7gydcq,cm39yc7n800g92q8zpnzg0m6z,false,2026-03-27T12:16:46.52,,,
cmn8v8ovs04hve61e2ou9ef63,Level Marking,cmn8v8ovp04f5e61eki7gydcq,cm39yc7n800g92q8zpnzg0m6z,false,2026-03-27T12:16:46.52,,,
cmn8v92k204pke61ewjltn0s4,Ceiling Pop,cmn8v92k104oxe61e3poare16,cm39yc7n800g92q8zpnzg0m6z,false,2026-03-27T12:17:04.507,,,
cmn8v92k304q8e61e5ciizllo,Wall Finish,cmn8v92k104oxe61e3poare16,cm39yc7n800g92q8zpnzg0m6z,false,2026-03-27T12:17:04.507,,,
cmn8v92jy04lre61e90mqzode,Fire Pipe,cmn8v92jy04lpe61emm4yx90s,cmq27k2ym07fj2opc9e0m922v,true,2026-03-27T12:17:04.507,2026-05-14T11:35:24.846,,2026-05-07T06:30:00
cmn8v92k204p8e61ewzy51qoa,Ac Base Work,cmn8v92k104oxe61e3poare16,cmq27k2ym07fj2opc9e0m922v,false,2026-03-27T12:17:04.507,,,
cmn8v92qy04sie61ezjw5f890,Ac Base Work,cmn8v92qw04s7e61eapcbzid6,cmq27k2ym07fj2opc9e0m922v,false,2026-03-27T12:17:04.507,,,
cmn8v92qy04t6e61esbs9y7qc,Wiring Work,cmn8v92qw04s7e61eapcbzid6,cmq27k2ym07fj2opc9e0m922v,true,2026-03-27T12:17:04.507,2026-05-16T07:26:58.159,2026-05-15T06:30:00,2026-05-16T06:30:00
cmn8v92jz04m0e61eniw4j79h,Ac Base Work,cmn8v92jy04lpe61emm4yx90s,cmq27k2ym07fj2opc9e0m922v,true,2026-03-27T12:17:04.507,2026-05-16T06:12:18.806,2026-05-15T06:30:00,2026-05-16T06:30:00
cmn8v92k304pwe61er3z0g1k3,Wiring Work,cmn8v92k104oxe61e3poare16,cmq27k2ym07fj2opc9e0m922v,true,2026-03-27T12:17:04.507,2026-05-16T07:25:15.789,2026-05-15T06:30:00,2026-05-16T06:30:00
cmn8v92k304q2e61edxse0da2,Fire Testing Work,cmn8v92k104oxe61e3poare16,cmq27k2ym07fj2opc9e0m922v,false,2026-03-27T12:17:04.507,,,
cmn8v92qy04tce61evw8oqm9d,Fire Testing Work,cmn8v92qw04s7e61eapcbzid6,cmq27k2ym07fj2opc9e0m922v,false,2026-03-27T12:17:04.507,,,
cmn8v92k304qne61eifi0wqjw,Ac Grill,cmn8v92k104oxe61e3poare16,cmq27k2ym07fj2opc9e0m922v,false,2026-03-27T12:17:04.507,,,
cmn8v92qz04txe61ekmrphv72,Ac Grill,cmn8v92qw04s7e61eapcbzid6,cmq27k2ym07fj2opc9e0m922v,false,2026-03-27T12:17:04.507,,,
cmn8v92r104vqe61e0wbxpywj,Ac Base Work,cmn8v92r004vfe61emc2yjfxm,cmq27k2ym07fj2opc9e0m922v,false,2026-03-27T12:17:04.507,,,
cmn8v8irf0487e61e9w6i8qo0,Floor Conduiting,cmn8v8irc045be61e0h6x6csi,cmq27k2ym07fj2opc9e0m922v,true,2026-03-27T12:16:38.848,2026-05-16T06:21:20.561,2026-05-15T06:30:00,2026-05-16T06:30:00
cmn8v8ire046ae61e0tur1y59,Wiring Work,cmn8v8irc045be61e0h6x6csi,cmq27k2ym07fj2opc9e0m922v,true,2026-03-27T12:16:38.848,2026-05-16T06:22:02.62,2026-05-15T06:30:00,2026-05-16T06:30:00
cmn8v92r204wee61etv1ki37x,Wiring Work,cmn8v92r004vfe61emc2yjfxm,cmq27k2ym07fj2opc9e0m922v,true,2026-03-27T12:17:04.507,2026-05-16T07:30:53.143,,2026-05-16T06:30:00
cmn8v92r204wke61ex8xamy3t,Fire Testing Work,cmn8v92r004vfe61emc2yjfxm,cmq27k2ym07fj2opc9e0m922v,false,2026-03-27T12:17:04.507,,,
cmn8v92r204x5e61eceima6j7,Ac Grill,cmn8v92r004vfe61emc2yjfxm,cmq27k2ym07fj2opc9e0m922v,false,2026-03-27T12:17:04.507,,,
cmn8v8ire046ge61es6bqx8wz,Fire Testing Work,cmn8v8irc045be61e0h6x6csi,cmq27k2ym07fj2opc9e0m922v,false,2026-03-27T12:16:38.848,,,
cmn8v8ire0471e61eljlg0gk2,Ac Grill,cmn8v8irc045be61e0h6x6csi,cmq27k2ym07fj2opc9e0m922v,false,2026-03-27T12:16:38.848,,,
cmn8v8ovv04k3e61ew8yy598h,Ac Grill,cmn8v8ovt04ide61e2htuglnf,cmq27k2ym07fj2opc9e0m922v,false,2026-03-27T12:16:46.52,,,
cmn8v92jz04moe61ev82f5z3o,Wiring Work,cmn8v92jy04lpe61emm4yx90s,cmq27k2ym07fj2opc9e0m922v,true,2026-03-27T12:17:04.507,2026-05-16T07:15:07.594,2026-05-15T06:30:00,2026-05-16T06:30:00
cmn8v92jz04mue61er8dcmj0m,Fire Testing Work,cmn8v92jy04lpe61emm4yx90s,cmq27k2ym07fj2opc9e0m922v,false,2026-03-27T12:17:04.507,,,
cmn8v92k004nfe61en6el7tvm,Ac Grill,cmn8v92jy04lpe61emm4yx90s,cmq27k2ym07fj2opc9e0m922v,false,2026-03-27T12:17:04.507,,,
cmn8v8ovw04k9e61e9u8dwxb5,Shaft Door,cmn8v8ovt04ide61e2htuglnf,cm39yc7n800g92q8zpnzg0m6z,false,2026-03-27T12:16:46.52,,,
cmnol5in60268rc90h8z4b79m,Stone Flooring Work,cmn8v92jy04lpe61emm4yx90s,cm39yc7n800g92q8zpnzg0m6z,true,2026-04-07T12:18:41.437,2026-04-27T13:18:34.395,,2026-05-01T06:30:00
cmn8v92jz04mce61ebqsdse3x,Ceiling Pop,cmn8v92jy04lpe61emm4yx90s,cm39yc7n800g92q8zpnzg0m6z,false,2026-03-27T12:17:04.507,,,
cmn8v92jz04n0e61e7o8lu94f,Wall Finish,cmn8v92jy04lpe61emm4yx90s,cm39yc7n800g92q8zpnzg0m6z,false,2026-03-27T12:17:04.507,,,
cmn8v92k004n6e61e1qp7tglh,Stone Work,cmn8v92jy04lpe61emm4yx90s,cm39yc7n800g92q8zpnzg0m6z,true,2026-03-27T12:17:04.507,2026-05-16T07:21:08.65,2026-05-15T06:30:00,2026-05-16T06:30:00
cmn8v92k004nle61ew6kcmyvs,Shaft Door,cmn8v92jy04lpe61emm4yx90s,cm39yc7n800g92q8zpnzg0m6z,false,2026-03-27T12:17:04.507,,,
cmq28pqyf0eym2opcab3ryp7u,conduiting,cmq28pqyc0eyk2opcgxhusbed,cmq27k2ym07fj2opc9e0m922v,false,2026-06-06T10:58:39.879,,,
cmq28pqyf0eyw2opc03pfx4y1,Fixtures fixing work,cmq28pqyc0eyk2opcgxhusbed,cmq27k2ym07fj2opc9e0m922v,false,2026-06-06T10:58:39.879,,,
cmq28pqyf0ez92opczjf0mvmg,wiring,cmq28pqyc0eyk2opcgxhusbed,cmq27k2ym07fj2opc9e0m922v,false,2026-06-06T10:58:39.879,,,
cmq28pqyg0ezs2opc8dyfr6le,Dressing Work,cmq28pqyc0eyk2opcgxhusbed,cmq27k2ym07fj2opc9e0m922v,false,2026-06-06T10:58:39.879,,,
cmq28pqyg0f022opctvcgg94c,Civil work,cmq28pqyc0eyk2opcgxhusbed,cmq27k2ym07fj2opc9e0m922v,false,2026-06-06T10:58:39.879,,,
cmq28pqyg0f092opcz7278a2g,Base Work,cmq28pqyc0eyk2opcgxhusbed,cmq27k2ym07fj2opc9e0m922v,false,2026-06-06T10:58:39.879,,,
cmq28pqyg0f0j2opcw1qf8z2w,Copper installation,cmq28pqyc0eyk2opcgxhusbed,cmq27k2ym07fj2opc9e0m922v,false,2026-06-06T10:58:39.879,,,
cmq28pqyg0f0q2opcigsyt5hk,Testing work,cmq28pqyc0eyk2opcgxhusbed,cmq27k2ym07fj2opc9e0m922v,false,2026-06-06T10:58:39.879,,,
cmq28pqyg0f0x2opcpwez6tm2,Pipe Laying work,cmq28pqyc0eyk2opcgxhusbed,cmq27k2ym07fj2opc9e0m922v,false,2026-06-06T10:58:39.879,,,
cmq28pqyg0f142opc9draeyrw,Units installation work,cmq28pqyc0eyk2opcgxhusbed,cmq27k2ym07fj2opc9e0m922v,false,2026-06-06T10:58:39.879,,,
cmq28pqyh0f1e2opccjrw3pj3,Final stage of HVAC,cmq28pqyc0eyk2opcgxhusbed,cmq27k2ym07fj2opc9e0m922v,false,2026-06-06T10:58:39.879,,,
cmq28pqyh0f1o2opcjed277g6,Piping  Testing Work,cmq28pqyc0eyk2opcgxhusbed,cmq27k2ym07fj2opc9e0m922v,false,2026-06-06T10:58:39.879,,,
cmq28pqyh0f1v2opccvb1e0zt,Balcony work,cmq28pqyc0eyk2opcgxhusbed,cm39yc7n800g92q8zpnzg0m6z,false,2026-06-06T10:58:39.879,,,
cmq28pqyh0f2b2opcd3l87xj7,Welding Work,cmq28pqyc0eyk2opcgxhusbed,cmq27k2ym07fj2opc9e0m922v,false,2026-06-06T10:58:39.879,,,
cmq28pqyh0f2i2opcj11n5koi,Threading Work,cmq28pqyc0eyk2opcgxhusbed,cmq27k2ym07fj2opc9e0m922v,false,2026-06-06T10:58:39.879,,,
cmq28pqyi0f2p2opcxjt9zo3s,Fire Pipe Shaft Work,cmq28pqyc0eyk2opcgxhusbed,cmq27k2ym07fj2opc9e0m922v,false,2026-06-06T10:58:39.879,,,
cmq28pqyi0f3b2opcd8v5gwvp,Leveling work,cmq28pqyc0eyk2opcgxhusbed,cm39yc7n800g92q8zpnzg0m6z,false,2026-06-06T10:58:39.879,,,
cmq28pqyi0f3l2opc1src14pj,Wall POP,cmq28pqyc0eyk2opcgxhusbed,cm39yc7n800g92q8zpnzg0m6z,false,2026-06-06T10:58:39.879,,,
cmq28pqyi0f3s2opcamd8wpbd,Painting Fire Pipes,cmq28pqyc0eyk2opcgxhusbed,cmq27k2ym07fj2opc9e0m922v,false,2026-06-06T10:58:39.879,,,
cmq28pqyi0f3z2opcbzhm37ld,Ceiling work,cmq28pqyc0eyk2opcgxhusbed,cm39yc7n800g92q8zpnzg0m6z,false,2026-06-06T10:58:39.879,,,
cmq28pqyj0f4c2opcu9k0kmyg,Granite work,cmq28pqyc0eyk2opcgxhusbed,cm39yc7n800g92q8zpnzg0m6z,false,2026-06-06T10:58:39.879,,,
cmq28pqyj0f4s2opcsl79rllq,Tile work,cmq28pqyc0eyk2opcgxhusbed,cm39yc7n800g92q8zpnzg0m6z,false,2026-06-06T10:58:39.879,,,
cmq28pqyj0f522opct35lju36,Washroom Work,cmq28pqyc0eyk2opcgxhusbed,cm39yc7n800g92q8zpnzg0m6z,false,2026-06-06T10:58:39.879,,,
cmq28pqyj0f5f2opczahi5s9c,Servant toilet work,cmq28pqyc0eyk2opcgxhusbed,cm39yc7n800g92q8zpnzg0m6z,false,2026-06-06T10:58:39.879,,,
cmq28pqyj0f5p2opcks76qhcp,Handover stage,cmq28pqyc0eyk2opcgxhusbed,cmq27k2ym07fj2opc9e0m922v,false,2026-06-06T10:58:39.879,,,
cmq28pqyk0f5z2opc0u88s8s6,Plumbing Work,cmq28pqyc0eyk2opcgxhusbed,cmq27k2ym07fj2opc9e0m922v,false,2026-06-06T10:58:39.879,,,
cmq28pqyk0f6f2opc7kr8ax7w,Clamping Fixing Work,cmq28pqyc0eyk2opcgxhusbed,cmq27k2ym07fj2opc9e0m922v,false,2026-06-06T10:58:39.879,,,
cmq28pqyk0f6m2opcggymkyuc,Sunken Filling,cmq28pqyc0eyk2opcgxhusbed,cmq27k2ym07fj2opc9e0m922v,false,2026-06-06T10:58:39.879,,,
cmq28pqyk0f6z2opc48sxr1c5,ventilation work,cmq28pqyc0eyk2opcgxhusbed,cmq27k2ym07fj2opc9e0m922v,false,2026-06-06T10:58:39.879,,,
cmq28pqyk0f792opc69dhy165,fixing,cmq28pqyc0eyk2opcgxhusbed,cmq27k2ym07fj2opc9e0m922v,false,2026-06-06T10:58:39.879,,,
cmq28pqyl0f7m2opc654z8ay1,Fire Hydrant installation,cmq28pqyc0eyk2opcgxhusbed,cmq27k2ym07fj2opc9e0m922v,false,2026-06-06T10:58:39.879,,,
cmq28pr1q0f7w2opcruog7x6h,conduiting,cmq28pr1o0f7u2opcoy9s0er2,cmq27k2ym07fj2opc9e0m922v,false,2026-06-06T10:58:39.879,,,
cmq28pr1r0f862opc128bx5q1,Fixtures fixing work,cmq28pr1o0f7u2opcoy9s0er2,cmq27k2ym07fj2opc9e0m922v,false,2026-06-06T10:58:39.879,,,
cmq28pr1r0f8j2opc4rw8d5py,wiring,cmq28pr1o0f7u2opcoy9s0er2,cmq27k2ym07fj2opc9e0m922v,false,2026-06-06T10:58:39.879,,,
cmq28pr1r0f922opckjl0c27n,Dressing Work,cmq28pr1o0f7u2opcoy9s0er2,cmq27k2ym07fj2opc9e0m922v,false,2026-06-06T10:58:39.879,,,
cmq28pr1r0f9c2opc34voa9lt,Civil work,cmq28pr1o0f7u2opcoy9s0er2,cmq27k2ym07fj2opc9e0m922v,false,2026-06-06T10:58:39.879,,,
cmq28pr1r0f9j2opc6knqson6,Base Work,cmq28pr1o0f7u2opcoy9s0er2,cmq27k2ym07fj2opc9e0m922v,false,2026-06-06T10:58:39.879,,,
cmq28pr1s0f9t2opc10lx04tq,Copper installation,cmq28pr1o0f7u2opcoy9s0er2,cmq27k2ym07fj2opc9e0m922v,false,2026-06-06T10:58:39.879,,,
cmq28pr1s0fa02opcmo3i05ch,Testing work,cmq28pr1o0f7u2opcoy9s0er2,cmq27k2ym07fj2opc9e0m922v,false,2026-06-06T10:58:39.879,,,
cmq28pr1s0fa72opcarhdi59b,Units installation work,cmq28pr1o0f7u2opcoy9s0er2,cmq27k2ym07fj2opc9e0m922v,false,2026-06-06T10:58:39.879,,,
cmq28pr1s0fah2opc1kjy20ow,Final stage of HVAC,cmq28pr1o0f7u2opcoy9s0er2,cmq27k2ym07fj2opc9e0m922v,false,2026-06-06T10:58:39.879,,,
cmq28pr1s0far2opcwup2bsq9,Pipe Laying work,cmq28pr1o0f7u2opcoy9s0er2,cmq27k2ym07fj2opc9e0m922v,false,2026-06-06T10:58:39.879,,,
cmq28pr1s0fay2opcqjq5dqnr,Welding Work,cmq28pr1o0f7u2opcoy9s0er2,cmq27k2ym07fj2opc9e0m922v,false,2026-06-06T10:58:39.879,,,
cmq28pr1t0fb52opco95qm87e,Threading Work,cmq28pr1o0f7u2opcoy9s0er2,cmq27k2ym07fj2opc9e0m922v,false,2026-06-06T10:58:39.879,,,
cmq28pr1t0fbc2opc7f7rwl3n,Piping  Testing Work,cmq28pr1o0f7u2opcoy9s0er2,cmq27k2ym07fj2opc9e0m922v,false,2026-06-06T10:58:39.879,,,
cmq28pr1t0fbj2opc5mxejc6o,Balcony work,cmq28pr1o0f7u2opcoy9s0er2,cm39yc7n800g92q8zpnzg0m6z,false,2026-06-06T10:58:39.879,,,
cmq28pr1t0fbz2opcvz555oak,Leveling work,cmq28pr1o0f7u2opcoy9s0er2,cm39yc7n800g92q8zpnzg0m6z,false,2026-06-06T10:58:39.879,,,
cmq28pr1t0fc92opch4fvc3n9,Wall POP,cmq28pr1o0f7u2opcoy9s0er2,cm39yc7n800g92q8zpnzg0m6z,false,2026-06-06T10:58:39.879,,,
cmq28pr1t0fcg2opckfznc0eb,Painting Fire Pipes,cmq28pr1o0f7u2opcoy9s0er2,cmq27k2ym07fj2opc9e0m922v,false,2026-06-06T10:58:39.879,,,
cmq28pr1t0fcn2opc4k1z0bin,Ceiling work,cmq28pr1o0f7u2opcoy9s0er2,cm39yc7n800g92q8zpnzg0m6z,false,2026-06-06T10:58:39.879,,,
cmq28pr1u0fd02opcis0hpx4f,Granite work,cmq28pr1o0f7u2opcoy9s0er2,cm39yc7n800g92q8zpnzg0m6z,false,2026-06-06T10:58:39.879,,,
cmq28pr1u0fdg2opc9og6xjjp,Fire Pipe Shaft Work,cmq28pr1o0f7u2opcoy9s0er2,cmq27k2ym07fj2opc9e0m922v,false,2026-06-06T10:58:39.879,,,
cmq28pr1u0fe22opcnr30c6b0,Tile work,cmq28pr1o0f7u2opcoy9s0er2,cm39yc7n800g92q8zpnzg0m6z,false,2026-06-06T10:58:39.879,,,
cmq28pr1v0fec2opc1boui91m,Washroom Work,cmq28pr1o0f7u2opcoy9s0er2,cm39yc7n800g92q8zpnzg0m6z,false,2026-06-06T10:58:39.879,,,
cmq28pr1v0fep2opc83mr8d3s,Servant toilet work,cmq28pr1o0f7u2opcoy9s0er2,cm39yc7n800g92q8zpnzg0m6z,false,2026-06-06T10:58:39.879,,,
cmq28pr1v0fez2opc2tisi1m3,Handover stage,cmq28pr1o0f7u2opcoy9s0er2,cmq27k2ym07fj2opc9e0m922v,false,2026-06-06T10:58:39.879,,,
cmq28pr1v0ff92opcl8ayg13p,fixing,cmq28pr1o0f7u2opcoy9s0er2,cmq27k2ym07fj2opc9e0m922v,false,2026-06-06T10:58:39.879,,,
cmq28pr1w0ffm2opca0l9fpxc,Plumbing Work,cmq28pr1o0f7u2opcoy9s0er2,cmq27k2ym07fj2opc9e0m922v,false,2026-06-06T10:58:39.879,,,
cmq28pr1w0fg22opcym3k3pzu,Clamping Fixing Work,cmq28pr1o0f7u2opcoy9s0er2,cmq27k2ym07fj2opc9e0m922v,false,2026-06-06T10:58:39.879,,,
cmq28pr1w0fg92opcenw2kxvn,Sunken Filling,cmq28pr1o0f7u2opcoy9s0er2,cmq27k2ym07fj2opc9e0m922v,false,2026-06-06T10:58:39.879,,,
cmq28pr1w0fgm2opctsp016z2,ventilation work,cmq28pr1o0f7u2opcoy9s0er2,cmq27k2ym07fj2opc9e0m922v,false,2026-06-06T10:58:39.879,,,
cmq28pr1x0fgw2opcggmrpkce,Fire Hydrant installation,cmq28pr1o0f7u2opcoy9s0er2,cmq27k2ym07fj2opc9e0m922v,false,2026-06-06T10:58:39.879,,,
cmq29dehh0fqi2opcrlsirwtt,conduiting,cmq29dehf0fqg2opc2rqicvpf,cmq27k2ym07fj2opc9e0m922v,false,2026-06-06T11:17:05.017,,,
cmq29dehi0fqs2opcjhz0xtii,Fixtures fixing work,cmq29dehf0fqg2opc2rqicvpf,cmq27k2ym07fj2opc9e0m922v,false,2026-06-06T11:17:05.017,,,
cmq29dehi0fr52opc6dadokwt,wiring,cmq29dehf0fqg2opc2rqicvpf,cmq27k2ym07fj2opc9e0m922v,false,2026-06-06T11:17:05.017,,,
cmq29dehj0fro2opcn5h1pmi2,Dressing Work,cmq29dehf0fqg2opc2rqicvpf,cmq27k2ym07fj2opc9e0m922v,false,2026-06-06T11:17:05.017,,,
cmq29dehj0fry2opcpsmorrme,Civil work,cmq29dehf0fqg2opc2rqicvpf,cmq27k2ym07fj2opc9e0m922v,false,2026-06-06T11:17:05.017,,,
cmq29dehj0fs52opcdu0tue64,Base Work,cmq29dehf0fqg2opc2rqicvpf,cmq27k2ym07fj2opc9e0m922v,false,2026-06-06T11:17:05.017,,,
cmq29dehj0fsf2opca13trqn5,Copper installation,cmq29dehf0fqg2opc2rqicvpf,cmq27k2ym07fj2opc9e0m922v,false,2026-06-06T11:17:05.017,,,
cmq29dehj0fsm2opc4rwwcn2e,Testing work,cmq29dehf0fqg2opc2rqicvpf,cmq27k2ym07fj2opc9e0m922v,false,2026-06-06T11:17:05.017,,,
cmq29dehj0fst2opc2depuo1k,Pipe Laying work,cmq29dehf0fqg2opc2rqicvpf,cmq27k2ym07fj2opc9e0m922v,false,2026-06-06T11:17:05.017,,,
cmq29dehk0ft02opcf7rjvz66,Units installation work,cmq29dehf0fqg2opc2rqicvpf,cmq27k2ym07fj2opc9e0m922v,false,2026-06-06T11:17:05.017,,,
cmq29dehk0fta2opccgl73rut,Final stage of HVAC,cmq29dehf0fqg2opc2rqicvpf,cmq27k2ym07fj2opc9e0m922v,false,2026-06-06T11:17:05.017,,,
cmq29dehk0ftk2opcm2yo0lx1,Welding Work,cmq29dehf0fqg2opc2rqicvpf,cmq27k2ym07fj2opc9e0m922v,false,2026-06-06T11:17:05.017,,,
cmq29dehk0ftr2opcxe4jn64h,Threading Work,cmq29dehf0fqg2opc2rqicvpf,cmq27k2ym07fj2opc9e0m922v,false,2026-06-06T11:17:05.017,,,
cmq29dehk0fty2opcsi3ospod,Piping  Testing Work,cmq29dehf0fqg2opc2rqicvpf,cmq27k2ym07fj2opc9e0m922v,false,2026-06-06T11:17:05.017,,,
cmq29dehk0fu52opcyfe7h2ab,Balcony work,cmq29dehf0fqg2opc2rqicvpf,cm39yc7n800g92q8zpnzg0m6z,false,2026-06-06T11:17:05.017,,,
cmq29dehl0ful2opcv8wdi42e,Fire Pipe Shaft Work,cmq29dehf0fqg2opc2rqicvpf,cmq27k2ym07fj2opc9e0m922v,false,2026-06-06T11:17:05.017,,,
cmq29dehl0fv72opcjg65iywz,Leveling work,cmq29dehf0fqg2opc2rqicvpf,cm39yc7n800g92q8zpnzg0m6z,false,2026-06-06T11:17:05.017,,,
cmq29dehl0fvh2opci8x88k9q,Wall POP,cmq29dehf0fqg2opc2rqicvpf,cm39yc7n800g92q8zpnzg0m6z,false,2026-06-06T11:17:05.017,,,
cmq29dehl0fvo2opca27naoqf,Painting Fire Pipes,cmq29dehf0fqg2opc2rqicvpf,cmq27k2ym07fj2opc9e0m922v,false,2026-06-06T11:17:05.017,,,
cmq29dehl0fvv2opc6qk81e92,Ceiling work,cmq29dehf0fqg2opc2rqicvpf,cm39yc7n800g92q8zpnzg0m6z,false,2026-06-06T11:17:05.017,,,
cmq29dehm0fw82opcmhrqea74,Granite work,cmq29dehf0fqg2opc2rqicvpf,cm39yc7n800g92q8zpnzg0m6z,false,2026-06-06T11:17:05.017,,,
cmq29dehm0fwo2opcog5w3yd8,Tile work,cmq29dehf0fqg2opc2rqicvpf,cm39yc7n800g92q8zpnzg0m6z,false,2026-06-06T11:17:05.017,,,
cmq29dehm0fwy2opcl6dhjqfl,Washroom Work,cmq29dehf0fqg2opc2rqicvpf,cm39yc7n800g92q8zpnzg0m6z,false,2026-06-06T11:17:05.017,,,
cmq29dehm0fxb2opcaytwtzi5,Servant toilet work,cmq29dehf0fqg2opc2rqicvpf,cm39yc7n800g92q8zpnzg0m6z,false,2026-06-06T11:17:05.017,,,
cmq29dehn0fxl2opc6t9kmk5m,Handover stage,cmq29dehf0fqg2opc2rqicvpf,cmq27k2ym07fj2opc9e0m922v,false,2026-06-06T11:17:05.017,,,
cmq29dehn0fxv2opcvy18vl8k,Plumbing Work,cmq29dehf0fqg2opc2rqicvpf,cmq27k2ym07fj2opc9e0m922v,false,2026-06-06T11:17:05.017,,,
cmq29dehn0fyb2opcor3o3y2p,Clamping Fixing Work,cmq29dehf0fqg2opc2rqicvpf,cmq27k2ym07fj2opc9e0m922v,false,2026-06-06T11:17:05.017,,,
cmq29dehn0fyi2opc5w498i9o,Sunken Filling,cmq29dehf0fqg2opc2rqicvpf,cmq27k2ym07fj2opc9e0m922v,false,2026-06-06T11:17:05.017,,,
cmq29dehn0fyv2opcg5wjuffu,ventilation work,cmq29dehf0fqg2opc2rqicvpf,cmq27k2ym07fj2opc9e0m922v,false,2026-06-06T11:17:05.017,,,
cmq29deho0fz52opc30earo6i,fixing,cmq29dehf0fqg2opc2rqicvpf,cmq27k2ym07fj2opc9e0m922v,false,2026-06-06T11:17:05.017,,,
cmq29deho0fzi2opcujklmrbx,Fire Hydrant installation,cmq29dehf0fqg2opc2rqicvpf,cmq27k2ym07fj2opc9e0m922v,false,2026-06-06T11:17:05.017,,,
cmq29deku0fzs2opchttml701,conduiting,cmq29deks0fzq2opcfso9oddj,cmq27k2ym07fj2opc9e0m922v,false,2026-06-06T11:17:05.017,,,
cmq29dekv0g022opc2qb58vkm,Fixtures fixing work,cmq29deks0fzq2opcfso9oddj,cmq27k2ym07fj2opc9e0m922v,false,2026-06-06T11:17:05.017,,,
cmq29dekv0g0f2opc3t0nhkjv,wiring,cmq29deks0fzq2opcfso9oddj,cmq27k2ym07fj2opc9e0m922v,false,2026-06-06T11:17:05.017,,,
cmq29dekw0g0y2opcfisimigx,Dressing Work,cmq29deks0fzq2opcfso9oddj,cmq27k2ym07fj2opc9e0m922v,false,2026-06-06T11:17:05.017,,,
cmq29dekw0g182opc780tmg9m,Civil work,cmq29deks0fzq2opcfso9oddj,cmq27k2ym07fj2opc9e0m922v,false,2026-06-06T11:17:05.017,,,
cmq29dekw0g1f2opczvxj7nrk,Base Work,cmq29deks0fzq2opcfso9oddj,cmq27k2ym07fj2opc9e0m922v,false,2026-06-06T11:17:05.017,,,
cmq29dekw0g1p2opcljerhpvu,Copper installation,cmq29deks0fzq2opcfso9oddj,cmq27k2ym07fj2opc9e0m922v,false,2026-06-06T11:17:05.017,,,
cmq29dekw0g1w2opctez2dl5x,Testing work,cmq29deks0fzq2opcfso9oddj,cmq27k2ym07fj2opc9e0m922v,false,2026-06-06T11:17:05.017,,,
cmq29dekw0g232opceuljgizg,Units installation work,cmq29deks0fzq2opcfso9oddj,cmq27k2ym07fj2opc9e0m922v,false,2026-06-06T11:17:05.017,,,
cmq29dekw0g2d2opc7c3b8ht7,Final stage of HVAC,cmq29deks0fzq2opcfso9oddj,cmq27k2ym07fj2opc9e0m922v,false,2026-06-06T11:17:05.017,,,
cmq29dekx0g2n2opc1ksjmzqp,Pipe Laying work,cmq29deks0fzq2opcfso9oddj,cmq27k2ym07fj2opc9e0m922v,false,2026-06-06T11:17:05.017,,,
cmq29dekx0g2u2opckez81ryl,Welding Work,cmq29deks0fzq2opcfso9oddj,cmq27k2ym07fj2opc9e0m922v,false,2026-06-06T11:17:05.017,,,
cmq29dekx0g312opcze7ksudz,Threading Work,cmq29deks0fzq2opcfso9oddj,cmq27k2ym07fj2opc9e0m922v,false,2026-06-06T11:17:05.017,,,
cmq29dekx0g382opcgoa7d6r7,Piping  Testing Work,cmq29deks0fzq2opcfso9oddj,cmq27k2ym07fj2opc9e0m922v,false,2026-06-06T11:17:05.017,,,
cmq29dekx0g3f2opcoiq6dcmc,Balcony work,cmq29deks0fzq2opcfso9oddj,cm39yc7n800g92q8zpnzg0m6z,false,2026-06-06T11:17:05.017,,,
cmq29dekx0g3v2opcyurmdy6e,Leveling work,cmq29deks0fzq2opcfso9oddj,cm39yc7n800g92q8zpnzg0m6z,false,2026-06-06T11:17:05.017,,,
cmq29deky0g452opcn5otm00v,Wall POP,cmq29deks0fzq2opcfso9oddj,cm39yc7n800g92q8zpnzg0m6z,false,2026-06-06T11:17:05.017,,,
cmq29deky0g4c2opcedpzlrxt,Painting Fire Pipes,cmq29deks0fzq2opcfso9oddj,cmq27k2ym07fj2opc9e0m922v,false,2026-06-06T11:17:05.017,,,
cmq29deky0g4j2opciq8d20dc,Ceiling work,cmq29deks0fzq2opcfso9oddj,cm39yc7n800g92q8zpnzg0m6z,false,2026-06-06T11:17:05.017,,,
cmq29deky0g4w2opc6h2g380i,Granite work,cmq29deks0fzq2opcfso9oddj,cm39yc7n800g92q8zpnzg0m6z,false,2026-06-06T11:17:05.017,,,
cmq29deky0g5c2opcm9i4mw10,Fire Pipe Shaft Work,cmq29deks0fzq2opcfso9oddj,cmq27k2ym07fj2opc9e0m922v,false,2026-06-06T11:17:05.017,,,
cmq29dekz0g5y2opcp6wp1nq1,Tile work,cmq29deks0fzq2opcfso9oddj,cm39yc7n800g92q8zpnzg0m6z,false,2026-06-06T11:17:05.017,,,
cmq29dekz0g682opcp8vzp672,Washroom Work,cmq29deks0fzq2opcfso9oddj,cm39yc7n800g92q8zpnzg0m6z,false,2026-06-06T11:17:05.017,,,
cmq29dekz0g6l2opc05p7k1zt,Servant toilet work,cmq29deks0fzq2opcfso9oddj,cm39yc7n800g92q8zpnzg0m6z,false,2026-06-06T11:17:05.017,,,
cmq29dekz0g6v2opcgta5c4zy,Handover stage,cmq29deks0fzq2opcfso9oddj,cmq27k2ym07fj2opc9e0m922v,false,2026-06-06T11:17:05.017,,,
cmq29del00g752opcpxo75tsv,fixing,cmq29deks0fzq2opcfso9oddj,cmq27k2ym07fj2opc9e0m922v,false,2026-06-06T11:17:05.017,,,
cmq29del00g7i2opcx5vfs70k,Plumbing Work,cmq29deks0fzq2opcfso9oddj,cmq27k2ym07fj2opc9e0m922v,false,2026-06-06T11:17:05.017,,,
cmq29del00g7y2opcsaz2s188,Clamping Fixing Work,cmq29deks0fzq2opcfso9oddj,cmq27k2ym07fj2opc9e0m922v,false,2026-06-06T11:17:05.017,,,
cmq29del00g852opcyegblnm6,Sunken Filling,cmq29deks0fzq2opcfso9oddj,cmq27k2ym07fj2opc9e0m922v,false,2026-06-06T11:17:05.017,,,
cmq29del00g8i2opcvomojjet,ventilation work,cmq29deks0fzq2opcfso9oddj,cmq27k2ym07fj2opc9e0m922v,false,2026-06-06T11:17:05.017,,,
cmq29del10g8s2opcdx1x70e4,Fire Hydrant installation,cmq29deks0fzq2opcfso9oddj,cmq27k2ym07fj2opc9e0m922v,false,2026-06-06T11:17:05.017,,,
cmq29deo60g922opck3bai2wc,conduiting,cmq29deo30g902opcnvmqsm4y,cmq27k2ym07fj2opc9e0m922v,false,2026-06-06T11:17:05.017,,,
cmq29deo60g9c2opc5m7vesv4,Fixtures fixing work,cmq29deo30g902opcnvmqsm4y,cmq27k2ym07fj2opc9e0m922v,false,2026-06-06T11:17:05.017,,,
cmq29deo60g9p2opc52efv91u,wiring,cmq29deo30g902opcnvmqsm4y,cmq27k2ym07fj2opc9e0m922v,false,2026-06-06T11:17:05.017,,,
cmq29deo70ga82opc3s4l3uz5,Dressing Work,cmq29deo30g902opcnvmqsm4y,cmq27k2ym07fj2opc9e0m922v,false,2026-06-06T11:17:05.017,,,
cmq29deo70gai2opc22l1hjfr,Civil work,cmq29deo30g902opcnvmqsm4y,cmq27k2ym07fj2opc9e0m922v,false,2026-06-06T11:17:05.017,,,
cmq29deo80gap2opc09hicbjp,Base Work,cmq29deo30g902opcnvmqsm4y,cmq27k2ym07fj2opc9e0m922v,false,2026-06-06T11:17:05.017,,,
cmq29deo80gaz2opc7jyz9r53,Copper installation,cmq29deo30g902opcnvmqsm4y,cmq27k2ym07fj2opc9e0m922v,false,2026-06-06T11:17:05.017,,,
cmq29deo80gb62opcnd5mwxn4,Testing work,cmq29deo30g902opcnvmqsm4y,cmq27k2ym07fj2opc9e0m922v,false,2026-06-06T11:17:05.017,,,
cmq29deo80gbd2opccqhzsiio,Pipe Laying work,cmq29deo30g902opcnvmqsm4y,cmq27k2ym07fj2opc9e0m922v,false,2026-06-06T11:17:05.017,,,
cmq29deo90gbk2opcduc188vr,Units installation work,cmq29deo30g902opcnvmqsm4y,cmq27k2ym07fj2opc9e0m922v,false,2026-06-06T11:17:05.017,,,
cmq29deo90gbu2opchkf7d62x,Final stage of HVAC,cmq29deo30g902opcnvmqsm4y,cmq27k2ym07fj2opc9e0m922v,false,2026-06-06T11:17:05.017,,,
cmq29deo90gc42opc5c1bjqci,Piping  Testing Work,cmq29deo30g902opcnvmqsm4y,cmq27k2ym07fj2opc9e0m922v,false,2026-06-06T11:17:05.017,,,
cmq29deo90gcb2opcwz3mhtz5,Balcony work,cmq29deo30g902opcnvmqsm4y,cm39yc7n800g92q8zpnzg0m6z,false,2026-06-06T11:17:05.017,,,
cmq29deoa0gcr2opclyjm32kt,Wall POP,cmq29deo30g902opcnvmqsm4y,cm39yc7n800g92q8zpnzg0m6z,false,2026-06-06T11:17:05.017,,,
cmq29deoa0gcy2opcmzo67nss,Welding Work,cmq29deo30g902opcnvmqsm4y,cmq27k2ym07fj2opc9e0m922v,false,2026-06-06T11:17:05.017,,,
cmq29deoa0gd52opcqob5ia2x,Threading Work,cmq29deo30g902opcnvmqsm4y,cmq27k2ym07fj2opc9e0m922v,false,2026-06-06T11:17:05.017,,,
cmq29deoa0gdc2opctedppqjf,Painting Fire Pipes,cmq29deo30g902opcnvmqsm4y,cmq27k2ym07fj2opc9e0m922v,false,2026-06-06T11:17:05.017,,,
cmq29deob0gdj2opc36mq4o9q,Fire Pipe Shaft Work,cmq29deo30g902opcnvmqsm4y,cmq27k2ym07fj2opc9e0m922v,false,2026-06-06T11:17:05.017,,,
cmq29deob0ge52opcv7rmlef6,Leveling work,cmq29deo30g902opcnvmqsm4y,cm39yc7n800g92q8zpnzg0m6z,false,2026-06-06T11:17:05.017,,,
cmq29deoc0gef2opcrf7q1mpx,Ceiling work,cmq29deo30g902opcnvmqsm4y,cm39yc7n800g92q8zpnzg0m6z,false,2026-06-06T11:17:05.017,,,
cmq29deoc0ges2opc8fwjb6gg,Granite work,cmq29deo30g902opcnvmqsm4y,cm39yc7n800g92q8zpnzg0m6z,false,2026-06-06T11:17:05.017,,,
cmq29deoc0gf82opcpy6tvdp9,Tile work,cmq29deo30g902opcnvmqsm4y,cm39yc7n800g92q8zpnzg0m6z,false,2026-06-06T11:17:05.017,,,
cmq29deoc0gfi2opc4oj5u1tp,Washroom Work,cmq29deo30g902opcnvmqsm4y,cm39yc7n800g92q8zpnzg0m6z,false,2026-06-06T11:17:05.017,,,
cmq29deod0gfv2opcufmmiabx,Servant toilet work,cmq29deo30g902opcnvmqsm4y,cm39yc7n800g92q8zpnzg0m6z,false,2026-06-06T11:17:05.017,,,
cmq29deod0gg52opcfjj1dbqp,Handover stage,cmq29deo30g902opcnvmqsm4y,cmq27k2ym07fj2opc9e0m922v,false,2026-06-06T11:17:05.017,,,
cmq29deod0ggf2opc01vjdw67,Plumbing Work,cmq29deo30g902opcnvmqsm4y,cmq27k2ym07fj2opc9e0m922v,false,2026-06-06T11:17:05.017,,,
cmq29deod0ggv2opcts21b7pw,Clamping Fixing Work,cmq29deo30g902opcnvmqsm4y,cmq27k2ym07fj2opc9e0m922v,false,2026-06-06T11:17:05.017,,,
cmq29deod0gh22opcrevyy4r2,Sunken Filling,cmq29deo30g902opcnvmqsm4y,cmq27k2ym07fj2opc9e0m922v,false,2026-06-06T11:17:05.017,,,
cmq29deoe0ghf2opc4tdthjza,ventilation work,cmq29deo30g902opcnvmqsm4y,cmq27k2ym07fj2opc9e0m922v,false,2026-06-06T11:17:05.017,,,
cmq29deoe0ghp2opcur96ss5o,fixing,cmq29deo30g902opcnvmqsm4y,cmq27k2ym07fj2opc9e0m922v,false,2026-06-06T11:17:05.017,,,
cmq29deoe0gi22opcg41p7q3q,Fire Hydrant installation,cmq29deo30g902opcnvmqsm4y,cmq27k2ym07fj2opc9e0m922v,false,2026-06-06T11:17:05.017,,,
cmq29dere0gic2opc4k7nlxob,conduiting,cmq29derc0gia2opcuc7m44rl,cmq27k2ym07fj2opc9e0m922v,false,2026-06-06T11:17:05.017,,,
cmq29dere0gim2opcsdgy96fq,Fixtures fixing work,cmq29derc0gia2opcuc7m44rl,cmq27k2ym07fj2opc9e0m922v,false,2026-06-06T11:17:05.017,,,
cmq29dere0giz2opcp0fl0h0h,wiring,cmq29derc0gia2opcuc7m44rl,cmq27k2ym07fj2opc9e0m922v,false,2026-06-06T11:17:05.017,,,
cmq29derf0gji2opc37hxwdcq,Dressing Work,cmq29derc0gia2opcuc7m44rl,cmq27k2ym07fj2opc9e0m922v,false,2026-06-06T11:17:05.017,,,
cmq29derf0gjs2opc15mdr8wb,Civil work,cmq29derc0gia2opcuc7m44rl,cmq27k2ym07fj2opc9e0m922v,false,2026-06-06T11:17:05.017,,,
cmq29derf0gjz2opc8vwxpf3r,Base Work,cmq29derc0gia2opcuc7m44rl,cmq27k2ym07fj2opc9e0m922v,false,2026-06-06T11:17:05.017,,,
cmq29derf0gk92opcvopzvs26,Copper installation,cmq29derc0gia2opcuc7m44rl,cmq27k2ym07fj2opc9e0m922v,false,2026-06-06T11:17:05.017,,,
cmq29derg0gkg2opcpk9dj4ob,Testing work,cmq29derc0gia2opcuc7m44rl,cmq27k2ym07fj2opc9e0m922v,false,2026-06-06T11:17:05.017,,,
cmq29derg0gkn2opcomupcwox,Pipe Laying work,cmq29derc0gia2opcuc7m44rl,cmq27k2ym07fj2opc9e0m922v,false,2026-06-06T11:17:05.017,,,
cmq29derg0gku2opc2fk5tcu0,Units installation work,cmq29derc0gia2opcuc7m44rl,cmq27k2ym07fj2opc9e0m922v,false,2026-06-06T11:17:05.017,,,
cmq29derg0gl42opcaqymb3rr,Final stage of HVAC,cmq29derc0gia2opcuc7m44rl,cmq27k2ym07fj2opc9e0m922v,false,2026-06-06T11:17:05.017,,,
cmq29derg0gle2opc1fbhli2n,Welding Work,cmq29derc0gia2opcuc7m44rl,cmq27k2ym07fj2opc9e0m922v,false,2026-06-06T11:17:05.017,,,
cmq29derg0gll2opcek744mb7,Threading Work,cmq29derc0gia2opcuc7m44rl,cmq27k2ym07fj2opc9e0m922v,false,2026-06-06T11:17:05.017,,,
cmq29derg0gls2opcy65nocql,Piping  Testing Work,cmq29derc0gia2opcuc7m44rl,cmq27k2ym07fj2opc9e0m922v,false,2026-06-06T11:17:05.017,,,
cmq29derg0glz2opclsxhyqtv,Balcony work,cmq29derc0gia2opcuc7m44rl,cm39yc7n800g92q8zpnzg0m6z,false,2026-06-06T11:17:05.017,,,
cmq29derh0gmf2opculx9sr2a,Fire Pipe Shaft Work,cmq29derc0gia2opcuc7m44rl,cmq27k2ym07fj2opc9e0m922v,false,2026-06-06T11:17:05.017,,,
cmq29derh0gn12opczlxjxpk2,Leveling work,cmq29derc0gia2opcuc7m44rl,cm39yc7n800g92q8zpnzg0m6z,false,2026-06-06T11:17:05.017,,,
cmq29derh0gnb2opc2t8loo5p,Wall POP,cmq29derc0gia2opcuc7m44rl,cm39yc7n800g92q8zpnzg0m6z,false,2026-06-06T11:17:05.017,,,
cmq29deri0gni2opc5nt3luph,Painting Fire Pipes,cmq29derc0gia2opcuc7m44rl,cmq27k2ym07fj2opc9e0m922v,false,2026-06-06T11:17:05.017,,,
cmq29deri0gnp2opcp73ql61w,Ceiling work,cmq29derc0gia2opcuc7m44rl,cm39yc7n800g92q8zpnzg0m6z,false,2026-06-06T11:17:05.017,,,
cmq29deri0go22opczr70v7xk,Granite work,cmq29derc0gia2opcuc7m44rl,cm39yc7n800g92q8zpnzg0m6z,false,2026-06-06T11:17:05.017,,,
cmq29deri0goi2opcfk6su8a1,Tile work,cmq29derc0gia2opcuc7m44rl,cm39yc7n800g92q8zpnzg0m6z,false,2026-06-06T11:17:05.017,,,
cmq29deri0gos2opcviv4nuzt,Washroom Work,cmq29derc0gia2opcuc7m44rl,cm39yc7n800g92q8zpnzg0m6z,false,2026-06-06T11:17:05.017,,,
cmq29derj0gp52opc2911l26p,Servant toilet work,cmq29derc0gia2opcuc7m44rl,cm39yc7n800g92q8zpnzg0m6z,false,2026-06-06T11:17:05.017,,,
cmq29derj0gpf2opcsj6n9uq4,Handover stage,cmq29derc0gia2opcuc7m44rl,cmq27k2ym07fj2opc9e0m922v,false,2026-06-06T11:17:05.017,,,
cmq29derj0gpp2opca64lvrkp,Plumbing Work,cmq29derc0gia2opcuc7m44rl,cmq27k2ym07fj2opc9e0m922v,false,2026-06-06T11:17:05.017,,,
cmq29derj0gq52opc02ig8b14,Clamping Fixing Work,cmq29derc0gia2opcuc7m44rl,cmq27k2ym07fj2opc9e0m922v,false,2026-06-06T11:17:05.017,,,
cmq29derj0gqc2opc5ip5bfok,Sunken Filling,cmq29derc0gia2opcuc7m44rl,cmq27k2ym07fj2opc9e0m922v,false,2026-06-06T11:17:05.017,,,
cmq29derk0gqp2opcgt51qe1u,ventilation work,cmq29derc0gia2opcuc7m44rl,cmq27k2ym07fj2opc9e0m922v,false,2026-06-06T11:17:05.017,,,
cmq29derk0gqz2opc6ppaji9d,fixing,cmq29derc0gia2opcuc7m44rl,cmq27k2ym07fj2opc9e0m922v,false,2026-06-06T11:17:05.017,,,
cmq29derk0grc2opc7fcxzrsz,Fire Hydrant installation,cmq29derc0gia2opcuc7m44rl,cmq27k2ym07fj2opc9e0m922v,false,2026-06-06T11:17:05.017,,,
cmq29deum0grm2opc4799q6lm,conduiting,cmq29deuk0grk2opc5hybdo6t,cmq27k2ym07fj2opc9e0m922v,false,2026-06-06T11:17:05.017,,,
cmq29deum0grw2opcgq3w6phs,Fixtures fixing work,cmq29deuk0grk2opc5hybdo6t,cmq27k2ym07fj2opc9e0m922v,false,2026-06-06T11:17:05.017,,,
cmq29deun0gs92opc790x1ipj,wiring,cmq29deuk0grk2opc5hybdo6t,cmq27k2ym07fj2opc9e0m922v,false,2026-06-06T11:17:05.017,,,
cmq29deun0gss2opcbyr8kwx3,Dressing Work,cmq29deuk0grk2opc5hybdo6t,cmq27k2ym07fj2opc9e0m922v,false,2026-06-06T11:17:05.017,,,
cmq29deun0gt22opcrzeq2l2k,Civil work,cmq29deuk0grk2opc5hybdo6t,cmq27k2ym07fj2opc9e0m922v,false,2026-06-06T11:17:05.017,,,
cmq29deun0gt92opctwex5zcw,Base Work,cmq29deuk0grk2opc5hybdo6t,cmq27k2ym07fj2opc9e0m922v,false,2026-06-06T11:17:05.017,,,
cmq29deuo0gtj2opcikjmwdek,Copper installation,cmq29deuk0grk2opc5hybdo6t,cmq27k2ym07fj2opc9e0m922v,false,2026-06-06T11:17:05.017,,,
cmq29deuo0gtq2opchb13k8ql,Testing work,cmq29deuk0grk2opc5hybdo6t,cmq27k2ym07fj2opc9e0m922v,false,2026-06-06T11:17:05.017,,,
cmq29deuo0gtx2opcbfstyx1o,Pipe Laying work,cmq29deuk0grk2opc5hybdo6t,cmq27k2ym07fj2opc9e0m922v,false,2026-06-06T11:17:05.017,,,
cmq29deuo0gu42opcut7l7f85,Units installation work,cmq29deuk0grk2opc5hybdo6t,cmq27k2ym07fj2opc9e0m922v,false,2026-06-06T11:17:05.017,,,
cmq29deuo0gue2opcmrotxf8j,Final stage of HVAC,cmq29deuk0grk2opc5hybdo6t,cmq27k2ym07fj2opc9e0m922v,false,2026-06-06T11:17:05.017,,,
cmq29deuo0guo2opctzxm2mnf,Piping  Testing Work,cmq29deuk0grk2opc5hybdo6t,cmq27k2ym07fj2opc9e0m922v,false,2026-06-06T11:17:05.017,,,
cmq29deuo0guv2opcy8j8mrfs,Balcony work,cmq29deuk0grk2opc5hybdo6t,cm39yc7n800g92q8zpnzg0m6z,false,2026-06-06T11:17:05.017,,,
cmq29deup0gvb2opckp0mk8qe,Welding Work,cmq29deuk0grk2opc5hybdo6t,cmq27k2ym07fj2opc9e0m922v,false,2026-06-06T11:17:05.017,,,
cmq29deup0gvi2opcm0byafux,Threading Work,cmq29deuk0grk2opc5hybdo6t,cmq27k2ym07fj2opc9e0m922v,false,2026-06-06T11:17:05.017,,,
cmq29deup0gvp2opccrddjif4,Fire Pipe Shaft Work,cmq29deuk0grk2opc5hybdo6t,cmq27k2ym07fj2opc9e0m922v,false,2026-06-06T11:17:05.017,,,
cmq29deup0gwb2opc40se8nwe,Leveling work,cmq29deuk0grk2opc5hybdo6t,cm39yc7n800g92q8zpnzg0m6z,false,2026-06-06T11:17:05.017,,,
cmq29deuq0gwl2opcv8otbbd7,Wall POP,cmq29deuk0grk2opc5hybdo6t,cm39yc7n800g92q8zpnzg0m6z,false,2026-06-06T11:17:05.017,,,
cmq29deuq0gws2opco04qzn94,Painting Fire Pipes,cmq29deuk0grk2opc5hybdo6t,cmq27k2ym07fj2opc9e0m922v,false,2026-06-06T11:17:05.017,,,
cmq29deuq0gwz2opc03gsxwje,Ceiling work,cmq29deuk0grk2opc5hybdo6t,cm39yc7n800g92q8zpnzg0m6z,false,2026-06-06T11:17:05.017,,,
cmq29deuq0gxc2opc5g303f88,Granite work,cmq29deuk0grk2opc5hybdo6t,cm39yc7n800g92q8zpnzg0m6z,false,2026-06-06T11:17:05.017,,,
cmq29deuq0gxs2opcsvbuvbo4,Tile work,cmq29deuk0grk2opc5hybdo6t,cm39yc7n800g92q8zpnzg0m6z,false,2026-06-06T11:17:05.017,,,
cmq29deur0gy22opcccyswb4g,Washroom Work,cmq29deuk0grk2opc5hybdo6t,cm39yc7n800g92q8zpnzg0m6z,false,2026-06-06T11:17:05.017,,,
cmq29deur0gyf2opcshauyc4z,Servant toilet work,cmq29deuk0grk2opc5hybdo6t,cm39yc7n800g92q8zpnzg0m6z,false,2026-06-06T11:17:05.017,,,
cmq29deur0gyp2opc9cp67cov,Handover stage,cmq29deuk0grk2opc5hybdo6t,cmq27k2ym07fj2opc9e0m922v,false,2026-06-06T11:17:05.017,,,
cmq29deur0gyz2opc8a0sw75s,Plumbing Work,cmq29deuk0grk2opc5hybdo6t,cmq27k2ym07fj2opc9e0m922v,false,2026-06-06T11:17:05.017,,,
cmq29deur0gzf2opcx6iaq117,Clamping Fixing Work,cmq29deuk0grk2opc5hybdo6t,cmq27k2ym07fj2opc9e0m922v,false,2026-06-06T11:17:05.017,,,
cmq29deus0gzm2opchcnsb01b,Sunken Filling,cmq29deuk0grk2opc5hybdo6t,cmq27k2ym07fj2opc9e0m922v,false,2026-06-06T11:17:05.017,,,
cmq29deus0gzz2opcdohzwg9d,ventilation work,cmq29deuk0grk2opc5hybdo6t,cmq27k2ym07fj2opc9e0m922v,false,2026-06-06T11:17:05.017,,,
cmq29deus0h092opcd54irrkc,fixing,cmq29deuk0grk2opc5hybdo6t,cmq27k2ym07fj2opc9e0m922v,false,2026-06-06T11:17:05.017,,,
cmq29deus0h0m2opc6jffzspm,Fire Hydrant installation,cmq29deuk0grk2opc5hybdo6t,cmq27k2ym07fj2opc9e0m922v,false,2026-06-06T11:17:05.017,,,
cmq29dexw0h0w2opcjp7ywib3,conduiting,cmq29dexu0h0u2opcdqyy0jcb,cmq27k2ym07fj2opc9e0m922v,false,2026-06-06T11:17:05.017,,,
cmq29dexx0h162opc7mpl5avk,Fixtures fixing work,cmq29dexu0h0u2opcdqyy0jcb,cmq27k2ym07fj2opc9e0m922v,false,2026-06-06T11:17:05.017,,,
cmq29dexx0h1j2opcicudzvl6,wiring,cmq29dexu0h0u2opcdqyy0jcb,cmq27k2ym07fj2opc9e0m922v,false,2026-06-06T11:17:05.017,,,
cmq29dexy0h222opc1fknfvfx,Dressing Work,cmq29dexu0h0u2opcdqyy0jcb,cmq27k2ym07fj2opc9e0m922v,false,2026-06-06T11:17:05.017,,,
cmq29dexy0h2c2opcyxp29ey2,Civil work,cmq29dexu0h0u2opcdqyy0jcb,cmq27k2ym07fj2opc9e0m922v,false,2026-06-06T11:17:05.017,,,
cmq29dexy0h2j2opcxtc39sec,Base Work,cmq29dexu0h0u2opcdqyy0jcb,cmq27k2ym07fj2opc9e0m922v,false,2026-06-06T11:17:05.017,,,
cmq29dexy0h2t2opcflkjmuef,Copper installation,cmq29dexu0h0u2opcdqyy0jcb,cmq27k2ym07fj2opc9e0m922v,false,2026-06-06T11:17:05.017,,,
cmq29dexy0h302opcwaw93dnp,Testing work,cmq29dexu0h0u2opcdqyy0jcb,cmq27k2ym07fj2opc9e0m922v,false,2026-06-06T11:17:05.017,,,
cmq29dexy0h372opc62cu1nz8,Units installation work,cmq29dexu0h0u2opcdqyy0jcb,cmq27k2ym07fj2opc9e0m922v,false,2026-06-06T11:17:05.017,,,
cmq29dexy0h3h2opcabtgf23f,Final stage of HVAC,cmq29dexu0h0u2opcdqyy0jcb,cmq27k2ym07fj2opc9e0m922v,false,2026-06-06T11:17:05.017,,,
cmq29dexz0h3r2opc85ws5bej,Pipe Laying work,cmq29dexu0h0u2opcdqyy0jcb,cmq27k2ym07fj2opc9e0m922v,false,2026-06-06T11:17:05.017,,,
cmq29dexz0h3y2opcfnk6ewux,Welding Work,cmq29dexu0h0u2opcdqyy0jcb,cmq27k2ym07fj2opc9e0m922v,false,2026-06-06T11:17:05.017,,,
cmq29dexz0h452opc34qz88cs,Threading Work,cmq29dexu0h0u2opcdqyy0jcb,cmq27k2ym07fj2opc9e0m922v,false,2026-06-06T11:17:05.017,,,
cmq29dexz0h4c2opcgbepxxjw,Piping  Testing Work,cmq29dexu0h0u2opcdqyy0jcb,cmq27k2ym07fj2opc9e0m922v,false,2026-06-06T11:17:05.017,,,
cmq29dexz0h4j2opci3dvuoxd,Balcony work,cmq29dexu0h0u2opcdqyy0jcb,cm39yc7n800g92q8zpnzg0m6z,false,2026-06-06T11:17:05.017,,,
cmq29dey00h4z2opcc2uss8lo,Leveling work,cmq29dexu0h0u2opcdqyy0jcb,cm39yc7n800g92q8zpnzg0m6z,false,2026-06-06T11:17:05.017,,,
cmq29dey00h592opcqkqy1xvh,Wall POP,cmq29dexu0h0u2opcdqyy0jcb,cm39yc7n800g92q8zpnzg0m6z,false,2026-06-06T11:17:05.017,,,
cmq29dey00h5g2opcoqp3pz4d,Painting Fire Pipes,cmq29dexu0h0u2opcdqyy0jcb,cmq27k2ym07fj2opc9e0m922v,false,2026-06-06T11:17:05.017,,,
cmq29dey00h5n2opcxjwoow3q,Ceiling work,cmq29dexu0h0u2opcdqyy0jcb,cm39yc7n800g92q8zpnzg0m6z,false,2026-06-06T11:17:05.017,,,
cmq29dey00h602opcqsyaz60n,Granite work,cmq29dexu0h0u2opcdqyy0jcb,cm39yc7n800g92q8zpnzg0m6z,false,2026-06-06T11:17:05.017,,,
cmq29dey10h6g2opces06vkod,Fire Pipe Shaft Work,cmq29dexu0h0u2opcdqyy0jcb,cmq27k2ym07fj2opc9e0m922v,false,2026-06-06T11:17:05.017,,,
cmq29dey10h722opc3evk038m,Tile work,cmq29dexu0h0u2opcdqyy0jcb,cm39yc7n800g92q8zpnzg0m6z,false,2026-06-06T11:17:05.017,,,
cmq29dey10h7c2opc4di0azdt,Washroom Work,cmq29dexu0h0u2opcdqyy0jcb,cm39yc7n800g92q8zpnzg0m6z,false,2026-06-06T11:17:05.017,,,
cmq29dey10h7p2opc8irzun64,Servant toilet work,cmq29dexu0h0u2opcdqyy0jcb,cm39yc7n800g92q8zpnzg0m6z,false,2026-06-06T11:17:05.017,,,
cmq29dey20h7z2opctqs2ui06,Handover stage,cmq29dexu0h0u2opcdqyy0jcb,cmq27k2ym07fj2opc9e0m922v,false,2026-06-06T11:17:05.017,,,
cmq29dey20h892opcpk1wgccd,fixing,cmq29dexu0h0u2opcdqyy0jcb,cmq27k2ym07fj2opc9e0m922v,false,2026-06-06T11:17:05.017,,,
cmq29dey20h8m2opcnap20rxw,Plumbing Work,cmq29dexu0h0u2opcdqyy0jcb,cmq27k2ym07fj2opc9e0m922v,false,2026-06-06T11:17:05.017,,,
cmq29dey20h922opcdojj0cjs,Clamping Fixing Work,cmq29dexu0h0u2opcdqyy0jcb,cmq27k2ym07fj2opc9e0m922v,false,2026-06-06T11:17:05.017,,,
cmq29dey20h992opcp5jswend,Sunken Filling,cmq29dexu0h0u2opcdqyy0jcb,cmq27k2ym07fj2opc9e0m922v,false,2026-06-06T11:17:05.017,,,
cmq29dey30h9m2opcc61ox6cd,ventilation work,cmq29dexu0h0u2opcdqyy0jcb,cmq27k2ym07fj2opc9e0m922v,false,2026-06-06T11:17:05.017,,,
cmq29dey30h9w2opc2l07znuw,Fire Hydrant installation,cmq29dexu0h0u2opcdqyy0jcb,cmq27k2ym07fj2opc9e0m922v,false,2026-06-06T11:17:05.017,,,
cmq29df150ha62opcbri1vcrg,conduiting,cmq29df130ha42opcvr1oryfg,cmq27k2ym07fj2opc9e0m922v,false,2026-06-06T11:17:05.017,,,
cmq29df150hag2opcwt0yi2nw,Fixtures fixing work,cmq29df130ha42opcvr1oryfg,cmq27k2ym07fj2opc9e0m922v,false,2026-06-06T11:17:05.017,,,
cmq29df150hat2opcgj356as6,wiring,cmq29df130ha42opcvr1oryfg,cmq27k2ym07fj2opc9e0m922v,false,2026-06-06T11:17:05.017,,,
cmq29df160hbc2opcx364kwzu,Dressing Work,cmq29df130ha42opcvr1oryfg,cmq27k2ym07fj2opc9e0m922v,false,2026-06-06T11:17:05.017,,,
cmq29df160hbm2opccbj11asr,Civil work,cmq29df130ha42opcvr1oryfg,cmq27k2ym07fj2opc9e0m922v,false,2026-06-06T11:17:05.017,,,
cmq29df160hbt2opczz2brrur,Base Work,cmq29df130ha42opcvr1oryfg,cmq27k2ym07fj2opc9e0m922v,false,2026-06-06T11:17:05.017,,,
cmq29df160hc32opcyytv5ujo,Copper installation,cmq29df130ha42opcvr1oryfg,cmq27k2ym07fj2opc9e0m922v,false,2026-06-06T11:17:05.017,,,
cmq29df160hca2opcjm77bgkh,Testing work,cmq29df130ha42opcvr1oryfg,cmq27k2ym07fj2opc9e0m922v,false,2026-06-06T11:17:05.017,,,
cmq29df160hch2opcv5hbi4ji,Pipe Laying work,cmq29df130ha42opcvr1oryfg,cmq27k2ym07fj2opc9e0m922v,false,2026-06-06T11:17:05.017,,,
cmq29df160hco2opcaa7q7vez,Units installation work,cmq29df130ha42opcvr1oryfg,cmq27k2ym07fj2opc9e0m922v,false,2026-06-06T11:17:05.017,,,
cmq29df170hcy2opccc78xi5k,Final stage of HVAC,cmq29df130ha42opcvr1oryfg,cmq27k2ym07fj2opc9e0m922v,false,2026-06-06T11:17:05.017,,,
cmq29df170hd82opcywq9yf5l,Piping  Testing Work,cmq29df130ha42opcvr1oryfg,cmq27k2ym07fj2opc9e0m922v,false,2026-06-06T11:17:05.017,,,
cmq29df170hdf2opc9tmlmn2i,Balcony work,cmq29df130ha42opcvr1oryfg,cm39yc7n800g92q8zpnzg0m6z,false,2026-06-06T11:17:05.017,,,
cmq29df170hdv2opc44npehgc,Wall POP,cmq29df130ha42opcvr1oryfg,cm39yc7n800g92q8zpnzg0m6z,false,2026-06-06T11:17:05.017,,,
cmq29df170he22opcs4ph2695,Welding Work,cmq29df130ha42opcvr1oryfg,cmq27k2ym07fj2opc9e0m922v,false,2026-06-06T11:17:05.017,,,
cmq29df170he92opce1slymab,Threading Work,cmq29df130ha42opcvr1oryfg,cmq27k2ym07fj2opc9e0m922v,false,2026-06-06T11:17:05.017,,,
cmq29df180heg2opcaam5i6h5,Painting Fire Pipes,cmq29df130ha42opcvr1oryfg,cmq27k2ym07fj2opc9e0m922v,false,2026-06-06T11:17:05.017,,,
cmq29df180hen2opcjheeov63,Fire Pipe Shaft Work,cmq29df130ha42opcvr1oryfg,cmq27k2ym07fj2opc9e0m922v,false,2026-06-06T11:17:05.017,,,
cmq29df180hf92opc2kes6id5,Leveling work,cmq29df130ha42opcvr1oryfg,cm39yc7n800g92q8zpnzg0m6z,false,2026-06-06T11:17:05.017,,,
cmq29df180hfj2opc95fum1a9,Ceiling work,cmq29df130ha42opcvr1oryfg,cm39yc7n800g92q8zpnzg0m6z,false,2026-06-06T11:17:05.017,,,
cmq29df190hfw2opcw2hlo17q,Granite work,cmq29df130ha42opcvr1oryfg,cm39yc7n800g92q8zpnzg0m6z,false,2026-06-06T11:17:05.017,,,
cmq29df190hgc2opcihfwplxq,Tile work,cmq29df130ha42opcvr1oryfg,cm39yc7n800g92q8zpnzg0m6z,false,2026-06-06T11:17:05.017,,,
cmq29df190hgm2opcx3zlkxho,Washroom Work,cmq29df130ha42opcvr1oryfg,cm39yc7n800g92q8zpnzg0m6z,false,2026-06-06T11:17:05.017,,,
cmq29df190hgz2opcttlk2nkh,Servant toilet work,cmq29df130ha42opcvr1oryfg,cm39yc7n800g92q8zpnzg0m6z,false,2026-06-06T11:17:05.017,,,
cmq29df190hh92opcm3kdyip2,Handover stage,cmq29df130ha42opcvr1oryfg,cmq27k2ym07fj2opc9e0m922v,false,2026-06-06T11:17:05.017,,,
cmq29df1a0hhj2opck5guepsp,Plumbing Work,cmq29df130ha42opcvr1oryfg,cmq27k2ym07fj2opc9e0m922v,false,2026-06-06T11:17:05.017,,,
cmq29df1a0hhz2opckx51f1f2,Clamping Fixing Work,cmq29df130ha42opcvr1oryfg,cmq27k2ym07fj2opc9e0m922v,false,2026-06-06T11:17:05.017,,,
cmq29df1a0hi62opc7n07bij1,Sunken Filling,cmq29df130ha42opcvr1oryfg,cmq27k2ym07fj2opc9e0m922v,false,2026-06-06T11:17:05.017,,,
cmq29df1a0hij2opcprpvwj4s,ventilation work,cmq29df130ha42opcvr1oryfg,cmq27k2ym07fj2opc9e0m922v,false,2026-06-06T11:17:05.017,,,
cmq29df1a0hit2opcnq1wxpeu,fixing,cmq29df130ha42opcvr1oryfg,cmq27k2ym07fj2opc9e0m922v,false,2026-06-06T11:17:05.017,,,
cmq29df1b0hj62opcqzi90v3x,Fire Hydrant installation,cmq29df130ha42opcvr1oryfg,cmq27k2ym07fj2opc9e0m922v,false,2026-06-06T11:17:05.017,,,
cmq29df4i0hjg2opcr9hpl33l,conduiting,cmq29df4d0hje2opcdcae02vk,cmq27k2ym07fj2opc9e0m922v,false,2026-06-06T11:17:05.017,,,
cmq29df4j0hjq2opcvw3d9t4x,Fixtures fixing work,cmq29df4d0hje2opcdcae02vk,cmq27k2ym07fj2opc9e0m922v,false,2026-06-06T11:17:05.017,,,
cmq29df4j0hk32opc8j1cputz,wiring,cmq29df4d0hje2opcdcae02vk,cmq27k2ym07fj2opc9e0m922v,false,2026-06-06T11:17:05.017,,,
cmq29df4k0hkm2opceb72cf5d,Dressing Work,cmq29df4d0hje2opcdcae02vk,cmq27k2ym07fj2opc9e0m922v,false,2026-06-06T11:17:05.017,,,
cmq29df4k0hkw2opckkoh50qq,Civil work,cmq29df4d0hje2opcdcae02vk,cmq27k2ym07fj2opc9e0m922v,false,2026-06-06T11:17:05.017,,,
cmq29df4k0hl32opcz5z2mtj5,Base Work,cmq29df4d0hje2opcdcae02vk,cmq27k2ym07fj2opc9e0m922v,false,2026-06-06T11:17:05.017,,,
cmq29df4k0hld2opctjugm0ej,Copper installation,cmq29df4d0hje2opcdcae02vk,cmq27k2ym07fj2opc9e0m922v,false,2026-06-06T11:17:05.017,,,
cmq29df4k0hlk2opceigbt7e4,Testing work,cmq29df4d0hje2opcdcae02vk,cmq27k2ym07fj2opc9e0m922v,false,2026-06-06T11:17:05.017,,,
cmq29df4k0hlr2opcjtl31pzy,Pipe Laying work,cmq29df4d0hje2opcdcae02vk,cmq27k2ym07fj2opc9e0m922v,false,2026-06-06T11:17:05.017,,,
cmq29df4k0hly2opcvkjs1x53,Units installation work,cmq29df4d0hje2opcdcae02vk,cmq27k2ym07fj2opc9e0m922v,false,2026-06-06T11:17:05.017,,,
cmq29df4l0hm82opcxoib5n5e,Final stage of HVAC,cmq29df4d0hje2opcdcae02vk,cmq27k2ym07fj2opc9e0m922v,false,2026-06-06T11:17:05.017,,,
cmq29df4l0hmi2opcbz7qiqf4,Welding Work,cmq29df4d0hje2opcdcae02vk,cmq27k2ym07fj2opc9e0m922v,false,2026-06-06T11:17:05.017,,,
cmq29df4l0hmp2opcwqgkc31e,Threading Work,cmq29df4d0hje2opcdcae02vk,cmq27k2ym07fj2opc9e0m922v,false,2026-06-06T11:17:05.017,,,
cmq29df4l0hmw2opcbt1jaz0j,Piping  Testing Work,cmq29df4d0hje2opcdcae02vk,cmq27k2ym07fj2opc9e0m922v,false,2026-06-06T11:17:05.017,,,
cmq29df4l0hn32opc1o73t92s,Balcony work,cmq29df4d0hje2opcdcae02vk,cm39yc7n800g92q8zpnzg0m6z,false,2026-06-06T11:17:05.017,,,
cmq29df4l0hnj2opct8swaft2,Fire Pipe Shaft Work,cmq29df4d0hje2opcdcae02vk,cmq27k2ym07fj2opc9e0m922v,false,2026-06-06T11:17:05.017,,,
cmq29df4m0ho52opc59s0vnu2,Leveling work,cmq29df4d0hje2opcdcae02vk,cm39yc7n800g92q8zpnzg0m6z,false,2026-06-06T11:17:05.017,,,
cmq29df4m0hof2opcrampr8dv,Wall POP,cmq29df4d0hje2opcdcae02vk,cm39yc7n800g92q8zpnzg0m6z,false,2026-06-06T11:17:05.017,,,
cmq29df4m0hom2opcstsci81k,Painting Fire Pipes,cmq29df4d0hje2opcdcae02vk,cmq27k2ym07fj2opc9e0m922v,false,2026-06-06T11:17:05.017,,,
cmq29df4m0hot2opcy1k3o8ya,Ceiling work,cmq29df4d0hje2opcdcae02vk,cm39yc7n800g92q8zpnzg0m6z,false,2026-06-06T11:17:05.017,,,
cmq29df4n0hp62opc67fodzm0,Granite work,cmq29df4d0hje2opcdcae02vk,cm39yc7n800g92q8zpnzg0m6z,false,2026-06-06T11:17:05.017,,,
cmq29df4n0hpm2opc0dbgxn04,Tile work,cmq29df4d0hje2opcdcae02vk,cm39yc7n800g92q8zpnzg0m6z,false,2026-06-06T11:17:05.017,,,
cmq29df4n0hpw2opcl6v0mppe,Washroom Work,cmq29df4d0hje2opcdcae02vk,cm39yc7n800g92q8zpnzg0m6z,false,2026-06-06T11:17:05.017,,,
cmq29df4n0hq92opc5ht8urqo,Servant toilet work,cmq29df4d0hje2opcdcae02vk,cm39yc7n800g92q8zpnzg0m6z,false,2026-06-06T11:17:05.017,,,
cmq29df4n0hqj2opc3nv9vtw4,Handover stage,cmq29df4d0hje2opcdcae02vk,cmq27k2ym07fj2opc9e0m922v,false,2026-06-06T11:17:05.017,,,
cmq29df4o0hqt2opcc3lvjriv,Plumbing Work,cmq29df4d0hje2opcdcae02vk,cmq27k2ym07fj2opc9e0m922v,false,2026-06-06T11:17:05.017,,,
cmq29df4o0hr92opc8x01x1gw,Clamping Fixing Work,cmq29df4d0hje2opcdcae02vk,cmq27k2ym07fj2opc9e0m922v,false,2026-06-06T11:17:05.017,,,
cmq29df4o0hrg2opcdn8i5esg,Sunken Filling,cmq29df4d0hje2opcdcae02vk,cmq27k2ym07fj2opc9e0m922v,false,2026-06-06T11:17:05.017,,,
cmq29df4o0hrt2opc46lv32wl,ventilation work,cmq29df4d0hje2opcdcae02vk,cmq27k2ym07fj2opc9e0m922v,false,2026-06-06T11:17:05.017,,,
cmq29df4p0hs32opc9qfh7kcc,fixing,cmq29df4d0hje2opcdcae02vk,cmq27k2ym07fj2opc9e0m922v,false,2026-06-06T11:17:05.017,,,
cmq29df4p0hsg2opc96k5vdjx,Fire Hydrant installation,cmq29df4d0hje2opcdcae02vk,cmq27k2ym07fj2opc9e0m922v,false,2026-06-06T11:17:05.017,,,
cmq29df7r0hsq2opc1h74hqaq,conduiting,cmq29df7p0hso2opcg0jp9tfn,cmq27k2ym07fj2opc9e0m922v,false,2026-06-06T11:17:05.017,,,
cmq29df7r0ht02opclk7ymp9h,Fixtures fixing work,cmq29df7p0hso2opcg0jp9tfn,cmq27k2ym07fj2opc9e0m922v,false,2026-06-06T11:17:05.017,,,
cmq29df7r0htd2opc0rkgy392,wiring,cmq29df7p0hso2opcg0jp9tfn,cmq27k2ym07fj2opc9e0m922v,false,2026-06-06T11:17:05.017,,,
cmq29df7s0htw2opcvxjd0jh7,Dressing Work,cmq29df7p0hso2opcg0jp9tfn,cmq27k2ym07fj2opc9e0m922v,false,2026-06-06T11:17:05.017,,,
cmq29df7s0hu62opc9e8h11fe,Civil work,cmq29df7p0hso2opcg0jp9tfn,cmq27k2ym07fj2opc9e0m922v,false,2026-06-06T11:17:05.017,,,
cmq29df7s0hud2opceqmnoztf,Base Work,cmq29df7p0hso2opcg0jp9tfn,cmq27k2ym07fj2opc9e0m922v,false,2026-06-06T11:17:05.017,,,
cmq29df7s0hun2opcgjo0g73u,Copper installation,cmq29df7p0hso2opcg0jp9tfn,cmq27k2ym07fj2opc9e0m922v,false,2026-06-06T11:17:05.017,,,
cmq29df7s0huu2opcoze5etp8,Testing work,cmq29df7p0hso2opcg0jp9tfn,cmq27k2ym07fj2opc9e0m922v,false,2026-06-06T11:17:05.017,,,
cmq29df7s0hv12opct534e863,Pipe Laying work,cmq29df7p0hso2opcg0jp9tfn,cmq27k2ym07fj2opc9e0m922v,false,2026-06-06T11:17:05.017,,,
cmq29df7s0hv82opctqfpen1t,Units installation work,cmq29df7p0hso2opcg0jp9tfn,cmq27k2ym07fj2opc9e0m922v,false,2026-06-06T11:17:05.017,,,
cmq29df7t0hvi2opct7na2ypm,Final stage of HVAC,cmq29df7p0hso2opcg0jp9tfn,cmq27k2ym07fj2opc9e0m922v,false,2026-06-06T11:17:05.017,,,
cmq29df7t0hvs2opcar1vlvo7,Piping  Testing Work,cmq29df7p0hso2opcg0jp9tfn,cmq27k2ym07fj2opc9e0m922v,false,2026-06-06T11:17:05.017,,,
cmq29df7t0hvz2opcp0f0b4ff,Balcony work,cmq29df7p0hso2opcg0jp9tfn,cm39yc7n800g92q8zpnzg0m6z,false,2026-06-06T11:17:05.017,,,
cmq29df7t0hwf2opcwvn7pql1,Welding Work,cmq29df7p0hso2opcg0jp9tfn,cmq27k2ym07fj2opc9e0m922v,false,2026-06-06T11:17:05.017,,,
cmq29df7t0hwm2opclb1x9xf8,Threading Work,cmq29df7p0hso2opcg0jp9tfn,cmq27k2ym07fj2opc9e0m922v,false,2026-06-06T11:17:05.017,,,
cmq29df7t0hwt2opce6gz6irz,Fire Pipe Shaft Work,cmq29df7p0hso2opcg0jp9tfn,cmq27k2ym07fj2opc9e0m922v,false,2026-06-06T11:17:05.017,,,
cmq29df7u0hxf2opcp7o69hr9,Leveling work,cmq29df7p0hso2opcg0jp9tfn,cm39yc7n800g92q8zpnzg0m6z,false,2026-06-06T11:17:05.017,,,
cmq29df7u0hxp2opcejzqbwef,Wall POP,cmq29df7p0hso2opcg0jp9tfn,cm39yc7n800g92q8zpnzg0m6z,false,2026-06-06T11:17:05.017,,,
cmq29df7u0hxw2opcsejtur2a,Painting Fire Pipes,cmq29df7p0hso2opcg0jp9tfn,cmq27k2ym07fj2opc9e0m922v,false,2026-06-06T11:17:05.017,,,
cmq29df7u0hy32opc9rxsnrdp,Ceiling work,cmq29df7p0hso2opcg0jp9tfn,cm39yc7n800g92q8zpnzg0m6z,false,2026-06-06T11:17:05.017,,,
cmq29df7v0hyg2opc8hafiw97,Granite work,cmq29df7p0hso2opcg0jp9tfn,cm39yc7n800g92q8zpnzg0m6z,false,2026-06-06T11:17:05.017,,,
cmq29df7v0hyw2opcmclvtevc,Tile work,cmq29df7p0hso2opcg0jp9tfn,cm39yc7n800g92q8zpnzg0m6z,false,2026-06-06T11:17:05.017,,,
cmq29df7v0hz62opc16goqqv4,Washroom Work,cmq29df7p0hso2opcg0jp9tfn,cm39yc7n800g92q8zpnzg0m6z,false,2026-06-06T11:17:05.017,,,
cmq29df7v0hzj2opcda1lfxui,Servant toilet work,cmq29df7p0hso2opcg0jp9tfn,cm39yc7n800g92q8zpnzg0m6z,false,2026-06-06T11:17:05.017,,,
cmq29df7w0hzt2opc20u68mie,Handover stage,cmq29df7p0hso2opcg0jp9tfn,cmq27k2ym07fj2opc9e0m922v,false,2026-06-06T11:17:05.017,,,
cmq29df7w0i032opcu6kfs6it,Plumbing Work,cmq29df7p0hso2opcg0jp9tfn,cmq27k2ym07fj2opc9e0m922v,false,2026-06-06T11:17:05.017,,,
cmq29df7w0i0j2opckje9vmw7,Clamping Fixing Work,cmq29df7p0hso2opcg0jp9tfn,cmq27k2ym07fj2opc9e0m922v,false,2026-06-06T11:17:05.017,,,
cmq29df7w0i0q2opc6krj827i,Sunken Filling,cmq29df7p0hso2opcg0jp9tfn,cmq27k2ym07fj2opc9e0m922v,false,2026-06-06T11:17:05.017,,,
cmq29df7w0i132opczmqx3411,ventilation work,cmq29df7p0hso2opcg0jp9tfn,cmq27k2ym07fj2opc9e0m922v,false,2026-06-06T11:17:05.017,,,
cmq29df7x0i1d2opcgus7q3hp,fixing,cmq29df7p0hso2opcg0jp9tfn,cmq27k2ym07fj2opc9e0m922v,false,2026-06-06T11:17:05.017,,,
cmq29df7x0i1q2opc88wwlm3h,Fire Hydrant installation,cmq29df7p0hso2opcg0jp9tfn,cmq27k2ym07fj2opc9e0m922v,false,2026-06-06T11:17:05.017,,,
cmq29dfb30i202opcjl3obzh7,conduiting,cmq29dfb10i1y2opcn8j74lpk,cmq27k2ym07fj2opc9e0m922v,false,2026-06-06T11:17:05.017,,,
cmq29dfb40i2a2opcj3ko569o,Fixtures fixing work,cmq29dfb10i1y2opcn8j74lpk,cmq27k2ym07fj2opc9e0m922v,false,2026-06-06T11:17:05.017,,,
cmq29dfb40i2n2opcogwqtlyy,wiring,cmq29dfb10i1y2opcn8j74lpk,cmq27k2ym07fj2opc9e0m922v,false,2026-06-06T11:17:05.017,,,
cmq29dfb40i362opc389mvyfz,Dressing Work,cmq29dfb10i1y2opcn8j74lpk,cmq27k2ym07fj2opc9e0m922v,false,2026-06-06T11:17:05.017,,,
cmq29dfb50i3g2opcl959163i,Civil work,cmq29dfb10i1y2opcn8j74lpk,cmq27k2ym07fj2opc9e0m922v,false,2026-06-06T11:17:05.017,,,
cmq29dfb50i3n2opcodn10tvw,Base Work,cmq29dfb10i1y2opcn8j74lpk,cmq27k2ym07fj2opc9e0m922v,false,2026-06-06T11:17:05.017,,,
cmq29dfb50i3x2opczi9reums,Copper installation,cmq29dfb10i1y2opcn8j74lpk,cmq27k2ym07fj2opc9e0m922v,false,2026-06-06T11:17:05.017,,,
cmq29dfb50i442opc410f15hm,Testing work,cmq29dfb10i1y2opcn8j74lpk,cmq27k2ym07fj2opc9e0m922v,false,2026-06-06T11:17:05.017,,,
cmq29dfb50i4b2opcgut28n5g,Units installation work,cmq29dfb10i1y2opcn8j74lpk,cmq27k2ym07fj2opc9e0m922v,false,2026-06-06T11:17:05.017,,,
cmq29dfb50i4l2opcy538vprn,Final stage of HVAC,cmq29dfb10i1y2opcn8j74lpk,cmq27k2ym07fj2opc9e0m922v,false,2026-06-06T11:17:05.017,,,
cmq29dfb60i4v2opcsc2vrp25,Pipe Laying work,cmq29dfb10i1y2opcn8j74lpk,cmq27k2ym07fj2opc9e0m922v,false,2026-06-06T11:17:05.017,,,
cmq29dfb60i522opcg19psjeq,Welding Work,cmq29dfb10i1y2opcn8j74lpk,cmq27k2ym07fj2opc9e0m922v,false,2026-06-06T11:17:05.017,,,
cmq29dfb60i592opcsab4pvzi,Threading Work,cmq29dfb10i1y2opcn8j74lpk,cmq27k2ym07fj2opc9e0m922v,false,2026-06-06T11:17:05.017,,,
cmq29dfb60i5g2opclozbk8pg,Piping  Testing Work,cmq29dfb10i1y2opcn8j74lpk,cmq27k2ym07fj2opc9e0m922v,false,2026-06-06T11:17:05.017,,,
cmq29dfb60i5n2opcv3vmmwyl,Balcony work,cmq29dfb10i1y2opcn8j74lpk,cm39yc7n800g92q8zpnzg0m6z,false,2026-06-06T11:17:05.017,,,
cmq29dfb60i632opcu4rgl5ui,Leveling work,cmq29dfb10i1y2opcn8j74lpk,cm39yc7n800g92q8zpnzg0m6z,false,2026-06-06T11:17:05.017,,,
cmq29dfb60i6d2opcvq5mznwl,Wall POP,cmq29dfb10i1y2opcn8j74lpk,cm39yc7n800g92q8zpnzg0m6z,false,2026-06-06T11:17:05.017,,,
cmq29dfb70i6k2opchm3v4znt,Painting Fire Pipes,cmq29dfb10i1y2opcn8j74lpk,cmq27k2ym07fj2opc9e0m922v,false,2026-06-06T11:17:05.017,,,
cmq29dfb70i6r2opc0v48j9z1,Ceiling work,cmq29dfb10i1y2opcn8j74lpk,cm39yc7n800g92q8zpnzg0m6z,false,2026-06-06T11:17:05.017,,,
cmq29dfb70i742opcbtkwm0nm,Granite work,cmq29dfb10i1y2opcn8j74lpk,cm39yc7n800g92q8zpnzg0m6z,false,2026-06-06T11:17:05.017,,,
cmq29dfb70i7k2opc7tw57tyf,Fire Pipe Shaft Work,cmq29dfb10i1y2opcn8j74lpk,cmq27k2ym07fj2opc9e0m922v,false,2026-06-06T11:17:05.017,,,
cmq29dfb80i862opcomwsk2in,Tile work,cmq29dfb10i1y2opcn8j74lpk,cm39yc7n800g92q8zpnzg0m6z,false,2026-06-06T11:17:05.017,,,
cmq29dfb80i8g2opc1mfv2yrc,Washroom Work,cmq29dfb10i1y2opcn8j74lpk,cm39yc7n800g92q8zpnzg0m6z,false,2026-06-06T11:17:05.017,,,
cmq29dfb80i8t2opcnb3vd0x9,Servant toilet work,cmq29dfb10i1y2opcn8j74lpk,cm39yc7n800g92q8zpnzg0m6z,false,2026-06-06T11:17:05.017,,,
cmq29dfb80i932opcz42mvynq,Handover stage,cmq29dfb10i1y2opcn8j74lpk,cmq27k2ym07fj2opc9e0m922v,false,2026-06-06T11:17:05.017,,,
cmq29dfb80i9d2opcy6jpyioi,fixing,cmq29dfb10i1y2opcn8j74lpk,cmq27k2ym07fj2opc9e0m922v,false,2026-06-06T11:17:05.017,,,
cmq29dfb90i9q2opcpz8rxqaf,Plumbing Work,cmq29dfb10i1y2opcn8j74lpk,cmq27k2ym07fj2opc9e0m922v,false,2026-06-06T11:17:05.017,,,
cmq29dfb90ia62opcnjpaw0ml,Clamping Fixing Work,cmq29dfb10i1y2opcn8j74lpk,cmq27k2ym07fj2opc9e0m922v,false,2026-06-06T11:17:05.017,,,
cmq29dfb90iad2opcplcdh04h,Sunken Filling,cmq29dfb10i1y2opcn8j74lpk,cmq27k2ym07fj2opc9e0m922v,false,2026-06-06T11:17:05.017,,,
cmq29dfb90iaq2opcrjdyisro,ventilation work,cmq29dfb10i1y2opcn8j74lpk,cmq27k2ym07fj2opc9e0m922v,false,2026-06-06T11:17:05.017,,,
cmq29dfba0ib02opch1tcgh8h,Fire Hydrant installation,cmq29dfb10i1y2opcn8j74lpk,cmq27k2ym07fj2opc9e0m922v,false,2026-06-06T11:17:05.017,,,
cmq4y10iy0ufm2opclcr975k5,Leveling work,cmq4y10iw0ufk2opclhx15jq5,cm39yc7n800g92q8zpnzg0m6z,false,2026-06-08T08:22:49.472,,,
cmq4y10iy0uft2opc3gbtqv5h,Ceiling work,cmq4y10iw0ufk2opclhx15jq5,cm39yc7n800g92q8zpnzg0m6z,false,2026-06-08T08:22:49.472,,,
cmq4y10iz0ugf2opcvh8lp7x0,Tile work,cmq4y10iw0ufk2opclhx15jq5,cm39yc7n800g92q8zpnzg0m6z,false,2026-06-08T08:22:49.472,,,
cmq4y10iz0ugs2opcaogw9f4d,wooden work,cmq4y10iw0ufk2opclhx15jq5,cm39yc7n800g92q8zpnzg0m6z,false,2026-06-08T08:22:49.472,,,
cmq4y10iz0ugz2opclssltpbm,Granite work,cmq4y10iw0ufk2opclhx15jq5,cm39yc7n800g92q8zpnzg0m6z,false,2026-06-08T08:22:49.472,,,
cmq4y10iz0uh62opcr0fvfdlf,Paint work,cmq4y10iw0ufk2opclhx15jq5,cm39yc7n800g92q8zpnzg0m6z,false,2026-06-08T08:22:49.472,,,
cmq4y10j00uhj2opcs44xxh9j,Door work,cmq4y10iw0ufk2opclhx15jq5,cm39yc7n800g92q8zpnzg0m6z,false,2026-06-08T08:22:49.472,,,
cmq4y10j00uht2opctrpmyu5x,Conduit & Box Installation,cmq4y10iw0ufk2opclhx15jq5,cmq27k2ym07fj2opc9e0m922v,false,2026-06-08T08:22:49.472,,,
cmq4y10j00ui62opcy8f0h0sl,Fixtures & Device Installation,cmq4y10iw0ufk2opclhx15jq5,cmq27k2ym07fj2opc9e0m922v,false,2026-06-08T08:22:49.472,,,
cmq4y10j00uig2opcqzxuf5r9,DB Works,cmq4y10iw0ufk2opclhx15jq5,cmq27k2ym07fj2opc9e0m922v,false,2026-06-08T08:22:49.472,,,
cmq4y10j00uit2opcfnr4j4l1,Testing & Commissioning,cmq4y10iw0ufk2opclhx15jq5,cmq27k2ym07fj2opc9e0m922v,false,2026-06-08T08:22:49.472,,,
cmq4y10j10uj02opc5hg89zfm,Pre-Execution & Planning,cmq4y10iw0ufk2opclhx15jq5,cmq27k2ym07fj2opc9e0m922v,false,2026-06-08T08:22:49.472,,,
cmq4y10j10uja2opc0y9arqck,Civil Interface & Preparatory Works,cmq4y10iw0ufk2opclhx15jq5,cmq27k2ym07fj2opc9e0m922v,false,2026-06-08T08:22:49.472,,,
cmq4y10j10ujq2opchbcmhbfu,Refrigerant Piping Works,cmq4y10iw0ufk2opclhx15jq5,cmq27k2ym07fj2opc9e0m922v,false,2026-06-08T08:22:49.472,,,
cmq4y10j10uk32opcx07o1719,Ducting Works,cmq4y10iw0ufk2opclhx15jq5,cmq27k2ym07fj2opc9e0m922v,false,2026-06-08T08:22:49.472,,,
cmq4y10j20ukp2opc1r0kqimi,Equipment & Accessories Installation,cmq4y10iw0ufk2opclhx15jq5,cmq27k2ym07fj2opc9e0m922v,false,2026-06-08T08:22:49.472,,,
cmq4y10j20ul52opcial95jr4,"Testing, Handover & Closeou",cmq4y10iw0ufk2opclhx15jq5,cmq27k2ym07fj2opc9e0m922v,false,2026-06-08T08:22:49.472,,,
cmq4y10j20ulc2opcnfpgy4cv,Civil Preparation,cmq4y10iw0ufk2opclhx15jq5,cmq27k2ym07fj2opc9e0m922v,false,2026-06-08T08:22:49.472,,,
cmq4y10j20ulm2opcxkm5puvx,Plumbing Installation,cmq4y10iw0ufk2opclhx15jq5,cmq27k2ym07fj2opc9e0m922v,false,2026-06-08T08:22:49.472,,,
cmq4y10j20ult2opccdyne1kg,Testing & Quality Check,cmq4y10iw0ufk2opclhx15jq5,cmq27k2ym07fj2opc9e0m922v,false,2026-06-08T08:22:49.472,,,
cmq4y10j30um32opc0mks1zxj,Cable Pulling & Wiring,cmq4y10iw0ufk2opclhx15jq5,cmq27k2ym07fj2opc9e0m922v,false,2026-06-08T08:22:49.472,,,
cmq4y1vxy0vp62opcuxj6plxw,Leveling work,cmq4y1vxw0vp42opcn4ia65lt,cm39yc7n800g92q8zpnzg0m6z,false,2026-06-08T08:23:30.413,,,
cmq4y1vxy0vpd2opcxhekfryw,Ceiling work,cmq4y1vxw0vp42opcn4ia65lt,cm39yc7n800g92q8zpnzg0m6z,false,2026-06-08T08:23:30.413,,,
cmq4y1vxz0vpz2opc4ex0qpug,Tile work,cmq4y1vxw0vp42opcn4ia65lt,cm39yc7n800g92q8zpnzg0m6z,false,2026-06-08T08:23:30.413,,,
cmq4y1vxz0vqc2opcasvz1dy1,wooden work,cmq4y1vxw0vp42opcn4ia65lt,cm39yc7n800g92q8zpnzg0m6z,false,2026-06-08T08:23:30.413,,,
cmq4y1vxz0vqj2opcj4fcfm1e,Granite work,cmq4y1vxw0vp42opcn4ia65lt,cm39yc7n800g92q8zpnzg0m6z,false,2026-06-08T08:23:30.413,,,
cmq4y1vxz0vqq2opcni2kio8e,Paint work,cmq4y1vxw0vp42opcn4ia65lt,cm39yc7n800g92q8zpnzg0m6z,false,2026-06-08T08:23:30.413,,,
cmq4y1vxz0vr32opc8my93gz6,Door work,cmq4y1vxw0vp42opcn4ia65lt,cm39yc7n800g92q8zpnzg0m6z,false,2026-06-08T08:23:30.413,,,
cmq4y1vxz0vrd2opc6j914onc,Conduit & Box Installation,cmq4y1vxw0vp42opcn4ia65lt,cmq27k2ym07fj2opc9e0m922v,false,2026-06-08T08:23:30.413,,,
cmq4y1vy00vrq2opc59yxe723,Fixtures & Device Installation,cmq4y1vxw0vp42opcn4ia65lt,cmq27k2ym07fj2opc9e0m922v,false,2026-06-08T08:23:30.413,,,
cmq4y1vy00vs02opc8ftznofh,DB Works,cmq4y1vxw0vp42opcn4ia65lt,cmq27k2ym07fj2opc9e0m922v,false,2026-06-08T08:23:30.413,,,
cmq4y1vy00vsd2opc8xhzuqhl,Testing & Commissioning,cmq4y1vxw0vp42opcn4ia65lt,cmq27k2ym07fj2opc9e0m922v,false,2026-06-08T08:23:30.413,,,
cmq4y1vy00vsk2opck08kmokg,Pre-Execution & Planning,cmq4y1vxw0vp42opcn4ia65lt,cmq27k2ym07fj2opc9e0m922v,false,2026-06-08T08:23:30.413,,,
cmq4y1vy00vsu2opcoc5yj0wp,Civil Interface & Preparatory Works,cmq4y1vxw0vp42opcn4ia65lt,cmq27k2ym07fj2opc9e0m922v,false,2026-06-08T08:23:30.413,,,
cmq4y1vy10vta2opc2bj5871o,Refrigerant Piping Works,cmq4y1vxw0vp42opcn4ia65lt,cmq27k2ym07fj2opc9e0m922v,false,2026-06-08T08:23:30.413,,,
cmq4y1vy10vtn2opcshttfj5c,Ducting Works,cmq4y1vxw0vp42opcn4ia65lt,cmq27k2ym07fj2opc9e0m922v,false,2026-06-08T08:23:30.413,,,
cmq4y1vy10vu92opcpbvhaqvj,Equipment & Accessories Installation,cmq4y1vxw0vp42opcn4ia65lt,cmq27k2ym07fj2opc9e0m922v,false,2026-06-08T08:23:30.413,,,
cmq4y1vy20vup2opcghoj4mvm,"Testing, Handover & Closeou",cmq4y1vxw0vp42opcn4ia65lt,cmq27k2ym07fj2opc9e0m922v,false,2026-06-08T08:23:30.413,,,
cmq4y1vy20vuw2opceyw290eg,Civil Preparation,cmq4y1vxw0vp42opcn4ia65lt,cmq27k2ym07fj2opc9e0m922v,false,2026-06-08T08:23:30.413,,,
cmq4y1vy20vv62opcgamsqeqv,Plumbing Installation,cmq4y1vxw0vp42opcn4ia65lt,cmq27k2ym07fj2opc9e0m922v,false,2026-06-08T08:23:30.413,,,
cmq4y1vy20vvd2opc98lyrfnh,Testing & Quality Check,cmq4y1vxw0vp42opcn4ia65lt,cmq27k2ym07fj2opc9e0m922v,false,2026-06-08T08:23:30.413,,,
cmq4y1vy20vvn2opc3k6zjvjv,Cable Pulling & Wiring,cmq4y1vxw0vp42opcn4ia65lt,cmq27k2ym07fj2opc9e0m922v,false,2026-06-08T08:23:30.413,,,
cmq4y1w0w0vwr2opcqb0ygu4k,Leveling work,cmq4y1w0v0vwp2opctd4o4txf,cm39yc7n800g92q8zpnzg0m6z,false,2026-06-08T08:23:30.413,,,
cmq4y1w0x0vwy2opcgfzmh4ok,Ceiling work,cmq4y1w0v0vwp2opctd4o4txf,cm39yc7n800g92q8zpnzg0m6z,false,2026-06-08T08:23:30.413,,,
cmq4y1w0x0vxk2opc5i7h49pq,Tile work,cmq4y1w0v0vwp2opctd4o4txf,cm39yc7n800g92q8zpnzg0m6z,false,2026-06-08T08:23:30.413,,,
cmq4y1w0x0vxx2opci0u090g9,wooden work,cmq4y1w0v0vwp2opctd4o4txf,cm39yc7n800g92q8zpnzg0m6z,false,2026-06-08T08:23:30.413,,,
cmq4y1w0y0vy42opcew7atfj8,Granite work,cmq4y1w0v0vwp2opctd4o4txf,cm39yc7n800g92q8zpnzg0m6z,false,2026-06-08T08:23:30.413,,,
cmq4y1w0y0vyb2opc4l3bxzan,Paint work,cmq4y1w0v0vwp2opctd4o4txf,cm39yc7n800g92q8zpnzg0m6z,false,2026-06-08T08:23:30.413,,,
cmq4y1w0y0vyo2opccw92q778,Door work,cmq4y1w0v0vwp2opctd4o4txf,cm39yc7n800g92q8zpnzg0m6z,false,2026-06-08T08:23:30.413,,,
cmq4y1w0y0vyy2opckn4fw75n,Conduit & Box Installation,cmq4y1w0v0vwp2opctd4o4txf,cmq27k2ym07fj2opc9e0m922v,false,2026-06-08T08:23:30.413,,,
cmq4y1w0y0vzb2opcbyxuusi6,Fixtures & Device Installation,cmq4y1w0v0vwp2opctd4o4txf,cmq27k2ym07fj2opc9e0m922v,false,2026-06-08T08:23:30.413,,,
cmq4y1w0z0vzl2opcxb0sdpvm,DB Works,cmq4y1w0v0vwp2opctd4o4txf,cmq27k2ym07fj2opc9e0m922v,false,2026-06-08T08:23:30.413,,,
cmq4y1w0z0vzy2opc9gedblpy,Testing & Commissioning,cmq4y1w0v0vwp2opctd4o4txf,cmq27k2ym07fj2opc9e0m922v,false,2026-06-08T08:23:30.413,,,
cmq4y1w0z0w052opczpwkqifq,Pre-Execution & Planning,cmq4y1w0v0vwp2opctd4o4txf,cmq27k2ym07fj2opc9e0m922v,false,2026-06-08T08:23:30.413,,,
cmq4y1w0z0w0f2opcuq4b7hel,Civil Interface & Preparatory Works,cmq4y1w0v0vwp2opctd4o4txf,cmq27k2ym07fj2opc9e0m922v,false,2026-06-08T08:23:30.413,,,
cmq4y1w0z0w0v2opcf6eww09l,Refrigerant Piping Works,cmq4y1w0v0vwp2opctd4o4txf,cmq27k2ym07fj2opc9e0m922v,false,2026-06-08T08:23:30.413,,,
cmq4y1w100w182opce3kf8gdl,Ducting Works,cmq4y1w0v0vwp2opctd4o4txf,cmq27k2ym07fj2opc9e0m922v,false,2026-06-08T08:23:30.413,,,
cmq4y1w100w1u2opc5glwmhsn,Equipment & Accessories Installation,cmq4y1w0v0vwp2opctd4o4txf,cmq27k2ym07fj2opc9e0m922v,false,2026-06-08T08:23:30.413,,,
cmq4y1w100w2a2opchqok65b2,"Testing, Handover & Closeou",cmq4y1w0v0vwp2opctd4o4txf,cmq27k2ym07fj2opc9e0m922v,false,2026-06-08T08:23:30.413,,,
cmq4y1w100w2h2opc2iatx2vi,Civil Preparation,cmq4y1w0v0vwp2opctd4o4txf,cmq27k2ym07fj2opc9e0m922v,false,2026-06-08T08:23:30.413,,,
cmq4y1w110w2r2opc65si7ryy,Plumbing Installation,cmq4y1w0v0vwp2opctd4o4txf,cmq27k2ym07fj2opc9e0m922v,false,2026-06-08T08:23:30.413,,,
cmq4y1w110w2y2opc70zpl99w,Testing & Quality Check,cmq4y1w0v0vwp2opctd4o4txf,cmq27k2ym07fj2opc9e0m922v,false,2026-06-08T08:23:30.413,,,
cmq4y1w110w382opc177ec6w2,Cable Pulling & Wiring,cmq4y1w0v0vwp2opctd4o4txf,cmq27k2ym07fj2opc9e0m922v,false,2026-06-08T08:23:30.413,,,
cmq4y1w3t0w4c2opccvd24odi,Leveling work,cmq4y1w3r0w4a2opcd6nmadzl,cm39yc7n800g92q8zpnzg0m6z,false,2026-06-08T08:23:30.413,,,
cmq4y1w3t0w4j2opcrliyktzz,Ceiling work,cmq4y1w3r0w4a2opcd6nmadzl,cm39yc7n800g92q8zpnzg0m6z,false,2026-06-08T08:23:30.413,,,
cmq4y1w3u0w552opc4snx47k2,Tile work,cmq4y1w3r0w4a2opcd6nmadzl,cm39yc7n800g92q8zpnzg0m6z,false,2026-06-08T08:23:30.413,,,
cmq4y1w3u0w5i2opc01rodkqd,wooden work,cmq4y1w3r0w4a2opcd6nmadzl,cm39yc7n800g92q8zpnzg0m6z,false,2026-06-08T08:23:30.413,,,
cmq4y1w3u0w5p2opcj4356jv2,Granite work,cmq4y1w3r0w4a2opcd6nmadzl,cm39yc7n800g92q8zpnzg0m6z,false,2026-06-08T08:23:30.413,,,
cmq4y1w3u0w5w2opc8ur9l2s0,Paint work,cmq4y1w3r0w4a2opcd6nmadzl,cm39yc7n800g92q8zpnzg0m6z,false,2026-06-08T08:23:30.413,,,
cmq4y1w3v0w692opcuz9e5xnr,Door work,cmq4y1w3r0w4a2opcd6nmadzl,cm39yc7n800g92q8zpnzg0m6z,false,2026-06-08T08:23:30.413,,,
cmq4y1w3v0w6j2opc9xxmuq2m,Conduit & Box Installation,cmq4y1w3r0w4a2opcd6nmadzl,cmq27k2ym07fj2opc9e0m922v,false,2026-06-08T08:23:30.413,,,
cmq4y1w3v0w6w2opcy55h7uyd,Fixtures & Device Installation,cmq4y1w3r0w4a2opcd6nmadzl,cmq27k2ym07fj2opc9e0m922v,false,2026-06-08T08:23:30.413,,,
cmq4y1w3v0w762opczpvn7jl8,DB Works,cmq4y1w3r0w4a2opcd6nmadzl,cmq27k2ym07fj2opc9e0m922v,false,2026-06-08T08:23:30.413,,,
cmq4y1w3v0w7j2opcrnm3eucq,Testing & Commissioning,cmq4y1w3r0w4a2opcd6nmadzl,cmq27k2ym07fj2opc9e0m922v,false,2026-06-08T08:23:30.413,,,
cmq4y1w3v0w7q2opcrryrxa8c,Pre-Execution & Planning,cmq4y1w3r0w4a2opcd6nmadzl,cmq27k2ym07fj2opc9e0m922v,false,2026-06-08T08:23:30.413,,,
cmq4y1w3w0w802opcauz4w5as,Civil Interface & Preparatory Works,cmq4y1w3r0w4a2opcd6nmadzl,cmq27k2ym07fj2opc9e0m922v,false,2026-06-08T08:23:30.413,,,
cmq4y1w3w0w8g2opcsl55bulh,Refrigerant Piping Works,cmq4y1w3r0w4a2opcd6nmadzl,cmq27k2ym07fj2opc9e0m922v,false,2026-06-08T08:23:30.413,,,
cmq4y1w3w0w8t2opcwmtp1ikt,Ducting Works,cmq4y1w3r0w4a2opcd6nmadzl,cmq27k2ym07fj2opc9e0m922v,false,2026-06-08T08:23:30.413,,,
cmq4y1w3x0w9f2opcq5vcvkzp,Equipment & Accessories Installation,cmq4y1w3r0w4a2opcd6nmadzl,cmq27k2ym07fj2opc9e0m922v,false,2026-06-08T08:23:30.413,,,
cmq4y1w3x0w9v2opc77654lbx,"Testing, Handover & Closeou",cmq4y1w3r0w4a2opcd6nmadzl,cmq27k2ym07fj2opc9e0m922v,false,2026-06-08T08:23:30.413,,,
cmq4y1w3x0wa22opc91799b0l,Civil Preparation,cmq4y1w3r0w4a2opcd6nmadzl,cmq27k2ym07fj2opc9e0m922v,false,2026-06-08T08:23:30.413,,,
cmq4y1w3x0wac2opcmyxfknzc,Plumbing Installation,cmq4y1w3r0w4a2opcd6nmadzl,cmq27k2ym07fj2opc9e0m922v,false,2026-06-08T08:23:30.413,,,
cmq4y1w3x0waj2opc2z6gtiow,Testing & Quality Check,cmq4y1w3r0w4a2opcd6nmadzl,cmq27k2ym07fj2opc9e0m922v,false,2026-06-08T08:23:30.413,,,
cmq4y1w3y0wat2opc0d7k998g,Cable Pulling & Wiring,cmq4y1w3r0w4a2opcd6nmadzl,cmq27k2ym07fj2opc9e0m922v,false,2026-06-08T08:23:30.413,,,
cmq4y1w6r0wbx2opcg82hecdn,Leveling work,cmq4y1w6p0wbv2opctouac1li,cm39yc7n800g92q8zpnzg0m6z,false,2026-06-08T08:23:30.413,,,
cmq4y1w6r0wc42opc9p5ec0kp,Ceiling work,cmq4y1w6p0wbv2opctouac1li,cm39yc7n800g92q8zpnzg0m6z,false,2026-06-08T08:23:30.413,,,
cmq4y1w6s0wcq2opcuz2ss8ef,Tile work,cmq4y1w6p0wbv2opctouac1li,cm39yc7n800g92q8zpnzg0m6z,false,2026-06-08T08:23:30.413,,,
cmq4y1w6s0wd32opcua8tvv3m,wooden work,cmq4y1w6p0wbv2opctouac1li,cm39yc7n800g92q8zpnzg0m6z,false,2026-06-08T08:23:30.413,,,
cmq4y1w6s0wda2opc2dqwke2d,Granite work,cmq4y1w6p0wbv2opctouac1li,cm39yc7n800g92q8zpnzg0m6z,false,2026-06-08T08:23:30.413,,,
cmq4y1w6s0wdh2opcmbghtm87,Paint work,cmq4y1w6p0wbv2opctouac1li,cm39yc7n800g92q8zpnzg0m6z,false,2026-06-08T08:23:30.413,,,
cmq4y1w6t0wdu2opcqk87k2ov,Door work,cmq4y1w6p0wbv2opctouac1li,cm39yc7n800g92q8zpnzg0m6z,false,2026-06-08T08:23:30.413,,,
cmq4y1w6t0we42opc2y7z7o8v,Conduit & Box Installation,cmq4y1w6p0wbv2opctouac1li,cmq27k2ym07fj2opc9e0m922v,false,2026-06-08T08:23:30.413,,,
cmq4y1w6t0weh2opcr9w2f80w,Fixtures & Device Installation,cmq4y1w6p0wbv2opctouac1li,cmq27k2ym07fj2opc9e0m922v,false,2026-06-08T08:23:30.413,,,
cmq4y1w6t0wer2opcij0t0wep,DB Works,cmq4y1w6p0wbv2opctouac1li,cmq27k2ym07fj2opc9e0m922v,false,2026-06-08T08:23:30.413,,,
cmq4y1w6u0wf42opc970t3rri,Testing & Commissioning,cmq4y1w6p0wbv2opctouac1li,cmq27k2ym07fj2opc9e0m922v,false,2026-06-08T08:23:30.413,,,
cmq4y1w6u0wfb2opc9goswosg,Pre-Execution & Planning,cmq4y1w6p0wbv2opctouac1li,cmq27k2ym07fj2opc9e0m922v,false,2026-06-08T08:23:30.413,,,
cmq4y1w6u0wfl2opcf0ywieed,Civil Interface & Preparatory Works,cmq4y1w6p0wbv2opctouac1li,cmq27k2ym07fj2opc9e0m922v,false,2026-06-08T08:23:30.413,,,
cmq4y1w6u0wg12opcyvzrvyzc,Refrigerant Piping Works,cmq4y1w6p0wbv2opctouac1li,cmq27k2ym07fj2opc9e0m922v,false,2026-06-08T08:23:30.413,,,
cmq4y1w6u0wge2opctadimu1r,Ducting Works,cmq4y1w6p0wbv2opctouac1li,cmq27k2ym07fj2opc9e0m922v,false,2026-06-08T08:23:30.413,,,
cmq4y1w6v0wh02opcpfog922b,Equipment & Accessories Installation,cmq4y1w6p0wbv2opctouac1li,cmq27k2ym07fj2opc9e0m922v,false,2026-06-08T08:23:30.413,,,
cmq4y1w6v0whg2opc8s4irkkr,"Testing, Handover & Closeou",cmq4y1w6p0wbv2opctouac1li,cmq27k2ym07fj2opc9e0m922v,false,2026-06-08T08:23:30.413,,,
cmq4y1w6v0whn2opcy0i4y2e2,Civil Preparation,cmq4y1w6p0wbv2opctouac1li,cmq27k2ym07fj2opc9e0m922v,false,2026-06-08T08:23:30.413,,,
cmq4y1w6v0whx2opc3n2uje2q,Plumbing Installation,cmq4y1w6p0wbv2opctouac1li,cmq27k2ym07fj2opc9e0m922v,false,2026-06-08T08:23:30.413,,,
cmq4y1w6v0wi42opcslrjs0pf,Testing & Quality Check,cmq4y1w6p0wbv2opctouac1li,cmq27k2ym07fj2opc9e0m922v,false,2026-06-08T08:23:30.413,,,
cmq4y1w6w0wie2opc4dd7czlf,Cable Pulling & Wiring,cmq4y1w6p0wbv2opctouac1li,cmq27k2ym07fj2opc9e0m922v,false,2026-06-08T08:23:30.413,,,
cmn8v2ydl031oe61exzsc5tbh,Fire Pipe,cmn8v2ydk031me61enqtnqb3h,cmq27k2ym07fj2opc9e0m922v,false,2026-03-27T12:12:19.174,,,2026-05-10T06:30:00
cmn8v2ydm031ye61e09sp2uju,Ac Base Work,cmn8v2ydk031me61enqtnqb3h,cmq27k2ym07fj2opc9e0m922v,false,2026-03-27T12:12:19.174,,,
cmn8v2ydn032pe61enm0d98zv,Wiring Work,cmn8v2ydk031me61enqtnqb3h,cmq27k2ym07fj2opc9e0m922v,true,2026-03-27T12:12:19.174,2026-05-16T07:35:49.805,2026-05-15T06:30:00,2026-05-16T06:30:00
cmn8v2ydn032we61eexla5t2u,Fire Testing Work,cmn8v2ydk031me61enqtnqb3h,cmq27k2ym07fj2opc9e0m922v,false,2026-03-27T12:12:19.174,,,
cmn8v2ydn033ke61eskdqku3b,Ac Grill,cmn8v2ydk031me61enqtnqb3h,cmq27k2ym07fj2opc9e0m922v,false,2026-03-27T12:12:19.174,,,
cmn8v2ydo034ce61eq7v59vcp,Sprinklers,cmn8v2ydk031me61enqtnqb3h,cmq27k2ym07fj2opc9e0m922v,false,2026-03-27T12:12:19.174,,,
cmn8v2ydp034xe61em9x29bsm,Floor Conduiting,cmn8v2ydk031me61enqtnqb3h,cmq27k2ym07fj2opc9e0m922v,true,2026-03-27T12:12:19.174,2026-05-16T07:35:08.226,2026-05-15T06:30:00,2026-05-15T06:30:00
cmn8v2ydm032be61e247ljqb7,Ceiling Pop,cmn8v2ydk031me61enqtnqb3h,cm39yc7n800g92q8zpnzg0m6z,false,2026-03-27T12:12:19.174,,,
cmn8v2ydm032ie61extg2pb4d,Ceiling Framing,cmn8v2ydk031me61enqtnqb3h,cm39yc7n800g92q8zpnzg0m6z,false,2026-03-27T12:12:19.174,,,
cmn8v2ydn0333e61e3sg5rqf6,Wall Finish,cmn8v2ydk031me61enqtnqb3h,cm39yc7n800g92q8zpnzg0m6z,false,2026-03-27T12:12:19.174,,,
cmn8v2ydn033ae61enx8juvth,Stone Work,cmn8v2ydk031me61enqtnqb3h,cm39yc7n800g92q8zpnzg0m6z,false,2026-03-27T12:12:19.174,,,
cmn8v2ydo033re61eiz4hiwd3,Shaft Door,cmn8v2ydk031me61enqtnqb3h,cm39yc7n800g92q8zpnzg0m6z,false,2026-03-27T12:12:19.174,,,
cmn8v2ydo033ye61etd8tjqsm,Closure,cmn8v2ydk031me61enqtnqb3h,cm39yc7n800g92q8zpnzg0m6z,false,2026-03-27T12:12:19.174,,,
cmn8v2ydo0345e61e1prica3u,Final Paint,cmn8v2ydk031me61enqtnqb3h,cm39yc7n800g92q8zpnzg0m6z,false,2026-03-27T12:12:19.174,,,
cmn8v2ydo034je61e0qyao7n4,Paint,cmn8v2ydk031me61enqtnqb3h,cm39yc7n800g92q8zpnzg0m6z,false,2026-03-27T12:12:19.174,,,
cmn8v2ydo034qe61epdo62iki,Level Marking,cmn8v2ydk031me61enqtnqb3h,cm39yc7n800g92q8zpnzg0m6z,false,2026-03-27T12:12:19.174,,,
cmn75z8a501aqe61ead8mj84x,Wiring Work,cmn75z8a301a6e61efw1jan41,cmq27k2ym07fj2opc9e0m922v,true,2026-03-26T07:42:06.938,2026-05-16T07:32:53.217,2026-05-15T06:30:00,2026-05-16T06:30:00
cmn75z8a501b5e61eikbr6x8x,Sprinklers,cmn75z8a301a6e61efw1jan41,cmq27k2ym07fj2opc9e0m922v,false,2026-03-26T07:42:06.938,,,
cmn75z8a501bbe61epo1i4mcm,Ac Grill,cmn75z8a301a6e61efw1jan41,cmq27k2ym07fj2opc9e0m922v,false,2026-03-26T07:42:06.938,,,
cmn75z8a601bte61edjgrq320,Ac Base Work,cmn75z8a301a6e61efw1jan41,cmq27k2ym07fj2opc9e0m922v,true,2026-03-26T07:42:06.938,2026-05-16T06:12:45.803,2026-05-15T06:30:00,2026-05-16T06:30:00
cmn75z8a601c5e61esrauh9zy,Fire Pipe,cmn75z8a301a6e61efw1jan41,cmq27k2ym07fj2opc9e0m922v,true,2026-03-26T07:42:06.938,2026-05-14T11:41:49.966,,2026-05-14T06:30:00
cmn75z8a601cke61etk82mi3g,Fire Testing Work,cmn75z8a301a6e61efw1jan41,cmq27k2ym07fj2opc9e0m922v,false,2026-03-26T07:42:06.938,,,
cmn75z8a401a8e61em96xd5ev,Level Marking,cmn75z8a301a6e61efw1jan41,cm39yc7n800g92q8zpnzg0m6z,false,2026-03-26T07:42:06.938,,,
cmn75z8a501awe61ej1s3ocy4,Stone Work,cmn75z8a301a6e61efw1jan41,cm39yc7n800g92q8zpnzg0m6z,false,2026-03-26T07:42:06.938,,,2026-05-11T06:30:00
cmn75z8a501bhe61eunrwaknt,Shaft Door,cmn75z8a301a6e61efw1jan41,cm39yc7n800g92q8zpnzg0m6z,false,2026-03-26T07:42:06.938,,,
cmn75z8a601bne61edkxrni4d,Closure,cmn75z8a301a6e61efw1jan41,cm39yc7n800g92q8zpnzg0m6z,false,2026-03-26T07:42:06.938,,,
cmn75z8a601cee61er7yh9zh9,Ceiling Framing,cmn75z8a301a6e61efw1jan41,cm39yc7n800g92q8zpnzg0m6z,false,2026-03-26T07:42:06.938,,,2026-05-01T06:30:00
cmn75z8a601cqe61epzjtaroe,Wall Finish,cmn75z8a301a6e61efw1jan41,cm39yc7n800g92q8zpnzg0m6z,false,2026-03-26T07:42:06.938,,,
cmn75z8a601cwe61e4xffouqm,Ceiling Pop,cmn75z8a301a6e61efw1jan41,cm39yc7n800g92q8zpnzg0m6z,false,2026-03-26T07:42:06.938,,,
cmn75z8a601d2e61el5r8fuiw,Paint,cmn75z8a301a6e61efw1jan41,cm39yc7n800g92q8zpnzg0m6z,false,2026-03-26T07:42:06.938,,,
cmn75z8a701d8e61e43cfpv8y,Final Paint,cmn75z8a301a6e61efw1jan41,cm39yc7n800g92q8zpnzg0m6z,false,2026-03-26T07:42:06.938,,,
cmn8v8ir90425e61egftp2whm,Fire Pipe,cmn8v8ir80423e61e82kghcs1,cmq27k2ym07fj2opc9e0m922v,false,2026-03-27T12:16:38.848,,,2026-05-14T06:30:00
cmn8v8irb044ze61e7pcthv1h,Floor Conduiting,cmn8v8ir80423e61e82kghcs1,cmq27k2ym07fj2opc9e0m922v,true,2026-03-27T12:16:38.848,2026-05-14T11:30:20.933,,2026-05-13T06:30:00
cmn8v8ooe04ape61e8cr97jsp,Closure,cmn8v8ooc048ne61ey19hgde5,cm39yc7n800g92q8zpnzg0m6z,false,2026-03-27T12:16:46.52,,,
cmn8v8ooe04ave61embxshocp,Final Paint,cmn8v8ooc048ne61ey19hgde5,cm39yc7n800g92q8zpnzg0m6z,false,2026-03-27T12:16:46.52,,,
cmn8v8oof04b7e61e87v8psvr,Paint,cmn8v8ooc048ne61ey19hgde5,cm39yc7n800g92q8zpnzg0m6z,false,2026-03-27T12:16:46.52,,,
cmn8v8oof04bde61efkbirimb,Level Marking,cmn8v8ooc048ne61ey19hgde5,cm39yc7n800g92q8zpnzg0m6z,false,2026-03-27T12:16:46.52,,,
cmn8v8ooh04cie61edrfcysjd,Ceiling Pop,cmn8v8oof04bve61ehs3pa4ry,cm39yc7n800g92q8zpnzg0m6z,false,2026-03-27T12:16:46.52,,,
cmn8v8ooh04coe61ewc2xvz72,Ceiling Framing,cmn8v8oof04bve61ehs3pa4ry,cm39yc7n800g92q8zpnzg0m6z,false,2026-03-27T12:16:46.52,,,
cmn8v8ooe04b1e61edmjxwrhv,Sprinklers,cmn8v8ooc048ne61ey19hgde5,cmq27k2ym07fj2opc9e0m922v,false,2026-03-27T12:16:46.52,,,
cmn8v8ooh04d6e61e1ychj7wb,Wall Finish,cmn8v8oof04bve61ehs3pa4ry,cm39yc7n800g92q8zpnzg0m6z,false,2026-03-27T12:16:46.52,,,
cmn8v8ooh04dce61e0hxvj8nb,Stone Work,cmn8v8oof04bve61ehs3pa4ry,cm39yc7n800g92q8zpnzg0m6z,false,2026-03-27T12:16:46.52,,,
cmn8v8ooi04dre61ehwfnkzm3,Shaft Door,cmn8v8oof04bve61ehs3pa4ry,cm39yc7n800g92q8zpnzg0m6z,false,2026-03-27T12:16:46.52,,,
cmn8v8ooi04dxe61ezl2o3hdf,Closure,cmn8v8oof04bve61ehs3pa4ry,cm39yc7n800g92q8zpnzg0m6z,false,2026-03-27T12:16:46.52,,,
cmn8v8ooi04e3e61egcrm7exu,Final Paint,cmn8v8oof04bve61ehs3pa4ry,cm39yc7n800g92q8zpnzg0m6z,false,2026-03-27T12:16:46.52,,,
cmn8v8oog04bxe61es59ta315,Fire Pipe,cmn8v8oof04bve61ehs3pa4ry,cmq27k2ym07fj2opc9e0m922v,false,2026-03-27T12:16:46.52,,,2026-05-10T06:30:00
cmn8v8ooh04c6e61ecg836kfk,Ac Base Work,cmn8v8oof04bve61ehs3pa4ry,cmq27k2ym07fj2opc9e0m922v,false,2026-03-27T12:16:46.52,,,
cmn8v8ooh04cue61e1ue82rgx,Wiring Work,cmn8v8oof04bve61ehs3pa4ry,cmq27k2ym07fj2opc9e0m922v,false,2026-03-27T12:16:46.52,,,
cmn8v8ooh04d0e61ef8hrvkoo,Fire Testing Work,cmn8v8oof04bve61ehs3pa4ry,cmq27k2ym07fj2opc9e0m922v,false,2026-03-27T12:16:46.52,,,
cmn8v8ooi04dle61edjt8vcv9,Ac Grill,cmn8v8oof04bve61ehs3pa4ry,cmq27k2ym07fj2opc9e0m922v,false,2026-03-27T12:16:46.52,,,
cmn8v8ooi04efe61eb9mkhhn0,Paint,cmn8v8oof04bve61ehs3pa4ry,cm39yc7n800g92q8zpnzg0m6z,false,2026-03-27T12:16:46.52,,,
cmn8v8ooi04e9e61e324cz99p,Sprinklers,cmn8v8oof04bve61ehs3pa4ry,cmq27k2ym07fj2opc9e0m922v,false,2026-03-27T12:16:46.52,,,
cmn8v8ovr04fye61e2u2mfiyt,Ceiling Framing,cmn8v8ovp04f5e61eki7gydcq,cm39yc7n800g92q8zpnzg0m6z,false,2026-03-27T12:16:46.52,,,
cmn8v92k204oze61emsvvuhyd,Fire Pipe,cmn8v92k104oxe61e3poare16,cmq27k2ym07fj2opc9e0m922v,false,2026-03-27T12:17:04.507,,,2026-05-13T06:30:00
cmn8v92r204xbe61eo4n5u4i8,Shaft Door,cmn8v92r004vfe61emc2yjfxm,cm39yc7n800g92q8zpnzg0m6z,false,2026-03-27T12:17:04.507,,,
cmn8v92r204xhe61exvl2tmlo,Closure,cmn8v92r004vfe61emc2yjfxm,cm39yc7n800g92q8zpnzg0m6z,false,2026-03-27T12:17:04.507,,,
cmn8v92r304xte61eapnezv8l,Sprinklers,cmn8v92r004vfe61emc2yjfxm,cmq27k2ym07fj2opc9e0m922v,false,2026-03-27T12:17:04.507,,,
cmn8v92r304ybe61eoc7w22pb,Floor Conduiting,cmn8v92r004vfe61emc2yjfxm,cmq27k2ym07fj2opc9e0m922v,true,2026-03-27T12:17:04.507,2026-05-16T07:29:08.744,2026-05-15T06:30:00,2026-05-16T06:30:00
cmn8v92r304xne61erkskkfhd,Final Paint,cmn8v92r004vfe61emc2yjfxm,cm39yc7n800g92q8zpnzg0m6z,false,2026-03-27T12:17:04.507,,,
cmn8v92r304xze61ewj4zg7bn,Paint,cmn8v92r004vfe61emc2yjfxm,cm39yc7n800g92q8zpnzg0m6z,false,2026-03-27T12:17:04.507,,,
cmn8v92r304y5e61eabmm84wa,Level Marking,cmn8v92r004vfe61emc2yjfxm,cm39yc7n800g92q8zpnzg0m6z,true,2026-03-27T12:17:04.507,2026-03-27T12:27:32.245,,
cmn8v92k004ofe61ehgyyizxt,Level Marking,cmn8v92jy04lpe61emm4yx90s,cm39yc7n800g92q8zpnzg0m6z,true,2026-03-27T12:17:04.507,2026-03-27T12:23:33.623,,2026-04-25T06:30:00
cmn8v8ira042ee61ewo4df6zi,Ac Base Work,cmn8v8ir80423e61e82kghcs1,cmq27k2ym07fj2opc9e0m922v,true,2026-03-27T12:16:38.848,2026-05-16T06:09:11.07,2026-05-15T06:30:00,2026-05-16T06:30:00
cmn8v8ire0464e61e1uhqwh98,Ceiling Framing,cmn8v8irc045be61e0h6x6csi,cm39yc7n800g92q8zpnzg0m6z,false,2026-03-27T12:16:38.848,,,
cmn8v8oof04bje61eytw0j64l,Floor Conduiting,cmn8v8ooc048ne61ey19hgde5,cmq27k2ym07fj2opc9e0m922v,true,2026-03-27T12:16:46.52,2026-05-14T11:28:40.546,,2026-05-08T06:30:00
cmn8v8ovs04i1e61ekwymc1rf,Floor Conduiting,cmn8v8ovp04f5e61eki7gydcq,cmq27k2ym07fj2opc9e0m922v,true,2026-03-27T12:16:46.52,2026-05-16T06:39:31.608,2026-05-15T06:30:00,2026-05-16T06:30:00
cmnolouzf029brc90x0m8i447,Ceiling Conduiting,cmn8v8irc045be61e0h6x6csi,cmq27k2ym07fj2opc9e0m922v,true,2026-04-07T12:33:43.893,2026-05-16T06:20:31.314,2026-05-15T06:30:00,2026-05-16T06:30:00
cmnol3mf5025brc902yu0xwzb,Stone Flooring Work,cmn8v8oof04bve61ehs3pa4ry,cm39yc7n800g92q8zpnzg0m6z,false,2026-04-07T12:17:13.018,,2026-05-16T06:30:00,2026-05-25T06:30:00
cmnol49vq025mrc90jurhbfml,Stone Flooring Work,cmn8v8ovp04f5e61eki7gydcq,cm39yc7n800g92q8zpnzg0m6z,true,2026-04-07T12:17:43.424,2026-05-15T07:00:33.481,,
cmnol4qmk025xrc9016lfxjpr,Stone Flooring Work,cmn8v8ovt04ide61e2htuglnf,cm39yc7n800g92q8zpnzg0m6z,false,2026-04-07T12:18:05.127,,,2026-05-25T06:30:00
cmnol611r026jrc90mls1a5se,Stone Flooring Work,cmn8v92k104oxe61e3poare16,cm39yc7n800g92q8zpnzg0m6z,true,2026-04-07T12:19:05.29,2026-05-16T07:22:57.169,2026-05-15T06:30:00,2026-05-16T06:30:00
cmnolh0jo026xrc90s7jwkruy,Stone Flooring Work,cmn8v92qw04s7e61eapcbzid6,cm39yc7n800g92q8zpnzg0m6z,true,2026-04-07T12:27:37.855,2026-05-16T07:26:16.127,2026-05-15T06:30:00,2026-05-16T06:30:00
cmnolhi8r0278rc90nw0q8xq7,Stone Flooring Work,cmn8v92r004vfe61emc2yjfxm,cm39yc7n800g92q8zpnzg0m6z,false,2026-04-07T12:28:00.785,,2026-05-16T06:30:00,2026-05-25T06:30:00
cmnoligoe027jrc904ucp5owk,Stone Flooring Work,cmn75z8a301a6e61efw1jan41,cm39yc7n800g92q8zpnzg0m6z,true,2026-04-07T12:28:45.416,2026-05-05T12:07:30.562,,2026-05-14T06:30:00
cmnoligyv027urc90znp896va,Stone Flooring Work,cmn8v2ydk031me61enqtnqb3h,cm39yc7n800g92q8zpnzg0m6z,true,2026-04-07T12:28:45.793,2026-05-15T06:59:54.451,,
